transaction_id,timestamp,transaction_type,merchant_category,amount_inr,sender_age_group,receiver_age_group,sender_state,sender_bank,receiver_bank,device_type,network_type,hour_of_day,is_weekend,transaction_status,fraud_flag,anomaly_score,anomaly_risk_band
TXN0000074790,2024-06-30 21:57:13,Recharge,Education,1806,46-55,46-55,Maharashtra,ICICI,Axis,Web,WiFi,21,1,SUCCESS,0,0.5530538575719256,High Anomaly
TXN0000178618,2024-04-24 08:37:49,Bill Payment,Shopping,5226,46-55,56+,Telangana,Yes Bank,Axis,iOS,WiFi,8,0,SUCCESS,0,0.550884178952148,High Anomaly
TXN0000021818,2024-05-26 17:17:39,P2M,Education,11679,56+,36-45,Gujarat,PNB,Kotak,Web,WiFi,17,1,SUCCESS,0,0.550284913860717,High Anomaly
TXN0000149291,2024-04-21 12:43:11,Recharge,Education,7305,56+,46-55,Rajasthan,SBI,SBI,Web,WiFi,12,1,SUCCESS,0,0.5489499913575495,High Anomaly
TXN0000074642,2024-05-31 03:06:59,Recharge,Grocery,2437,18-25,56+,Andhra Pradesh,ICICI,Axis,Web,3G,3,0,SUCCESS,0,0.5472358645360601,High Anomaly
TXN0000167339,2024-05-12 11:02:42,Recharge,Utilities,1481,46-55,18-25,Telangana,ICICI,Yes Bank,Web,3G,11,1,SUCCESS,0,0.545668980224297,High Anomaly
TXN0000217358,2024-03-23 05:02:53,Recharge,Utilities,302,36-45,36-45,Andhra Pradesh,Yes Bank,ICICI,Web,WiFi,5,1,SUCCESS,0,0.5454702247382893,High Anomaly
TXN0000140062,2024-05-11 09:22:59,Recharge,Grocery,613,56+,46-55,Rajasthan,ICICI,Kotak,Web,5G,9,1,SUCCESS,0,0.5451172810106757,High Anomaly
TXN0000087913,2024-11-02 08:10:34,Recharge,Utilities,7397,56+,26-35,Uttar Pradesh,Kotak,HDFC,iOS,WiFi,8,1,SUCCESS,0,0.544018934107839,High Anomaly
TXN0000227610,2024-09-07 07:43:12,P2P,Fuel,314,56+,46-55,Maharashtra,ICICI,Yes Bank,Web,3G,7,1,SUCCESS,0,0.5439057855300322,High Anomaly
TXN0000232014,2024-06-15 08:24:12,Bill Payment,Transport,243,26-35,56+,Uttar Pradesh,IndusInd,IndusInd,Web,3G,8,1,SUCCESS,0,0.5436916028177192,High Anomaly
TXN0000076717,2024-01-27 23:55:07,P2M,Education,10017,18-25,56+,Telangana,HDFC,Yes Bank,iOS,WiFi,23,1,SUCCESS,0,0.5434992214049758,High Anomaly
TXN0000215238,2024-05-22 18:00:48,Bill Payment,Grocery,199,56+,56+,Uttar Pradesh,HDFC,Kotak,Web,3G,18,0,SUCCESS,0,0.543239306799634,High Anomaly
TXN0000003035,2024-03-24 09:32:27,P2P,Transport,248,56+,46-55,Tamil Nadu,Axis,IndusInd,iOS,3G,9,1,SUCCESS,0,0.5429340406659295,High Anomaly
TXN0000161999,2024-08-10 18:11:52,P2M,Shopping,281,56+,26-35,Andhra Pradesh,Axis,HDFC,Web,3G,18,1,SUCCESS,0,0.5419670950534625,High Anomaly
TXN0000017948,2024-12-11 22:56:58,Bill Payment,Entertainment,70,46-55,26-35,Telangana,SBI,IndusInd,Web,WiFi,22,0,SUCCESS,0,0.5410247481510896,High Anomaly
TXN0000143597,2024-12-21 00:09:24,P2P,Entertainment,255,18-25,56+,Andhra Pradesh,Kotak,Yes Bank,Web,5G,0,1,FAILED,0,0.5408832022186467,High Anomaly
TXN0000036094,2024-10-21 17:43:36,Bill Payment,Education,5709,26-35,56+,Maharashtra,ICICI,HDFC,Web,WiFi,17,0,SUCCESS,0,0.540878883637472,High Anomaly
TXN0000181697,2024-03-21 20:38:56,Bill Payment,Healthcare,819,56+,46-55,Uttar Pradesh,SBI,SBI,Web,3G,20,0,SUCCESS,0,0.5404512631722082,High Anomaly
TXN0000034272,2024-05-04 06:01:20,P2M,Healthcare,462,56+,36-45,Karnataka,SBI,IndusInd,Web,WiFi,6,1,SUCCESS,0,0.5404087339347392,High Anomaly
TXN0000089880,2024-05-21 12:24:19,Bill Payment,Utilities,1875,26-35,46-55,Karnataka,Yes Bank,Yes Bank,Web,WiFi,12,0,SUCCESS,0,0.540279551182492,High Anomaly
TXN0000133837,2024-04-27 17:47:37,Recharge,Education,2997,46-55,18-25,Telangana,Axis,Axis,iOS,WiFi,17,1,SUCCESS,0,0.5402306640901857,High Anomaly
TXN0000070723,2024-12-18 02:35:40,P2P,Entertainment,260,56+,56+,Rajasthan,HDFC,Kotak,Web,3G,2,0,SUCCESS,0,0.5401899580290831,High Anomaly
TXN0000095990,2024-09-15 15:40:09,Bill Payment,Education,621,46-55,46-55,West Bengal,IndusInd,Yes Bank,iOS,3G,15,1,SUCCESS,0,0.5399932847344324,High Anomaly
TXN0000212487,2024-08-03 19:53:24,Recharge,Shopping,2402,46-55,36-45,Gujarat,PNB,SBI,iOS,WiFi,19,1,SUCCESS,0,0.5399788764783687,High Anomaly
TXN0000038556,2024-02-10 10:01:59,P2M,Fuel,1268,56+,46-55,Tamil Nadu,HDFC,Axis,Web,WiFi,10,1,SUCCESS,0,0.5396487442912916,High Anomaly
TXN0000101526,2024-01-01 13:05:57,Bill Payment,Grocery,2528,18-25,56+,Rajasthan,Kotak,PNB,Web,5G,13,0,SUCCESS,0,0.5396354064237825,High Anomaly
TXN0000070963,2024-06-14 07:28:08,Bill Payment,Shopping,1647,46-55,26-35,Delhi,ICICI,IndusInd,Web,WiFi,7,0,SUCCESS,0,0.5395721408273966,High Anomaly
TXN0000006011,2024-08-13 21:14:50,Bill Payment,Shopping,473,36-45,56+,Andhra Pradesh,Kotak,PNB,Web,WiFi,21,0,SUCCESS,0,0.5394180147652909,High Anomaly
TXN0000150392,2024-05-15 16:47:53,Bill Payment,Entertainment,73,56+,56+,Rajasthan,IndusInd,SBI,Web,5G,16,0,SUCCESS,0,0.5393019307764632,High Anomaly
TXN0000086916,2024-12-01 07:18:47,Recharge,Utilities,3468,36-45,46-55,Karnataka,HDFC,IndusInd,Web,5G,7,1,FAILED,0,0.5391485040119142,High Anomaly
TXN0000199283,2024-02-04 23:55:01,Bill Payment,Grocery,624,56+,56+,Maharashtra,HDFC,Kotak,Web,5G,23,1,SUCCESS,0,0.5391389986687104,High Anomaly
TXN0000037256,2024-05-30 01:19:53,P2P,Entertainment,128,46-55,56+,Rajasthan,Axis,Yes Bank,Web,5G,1,0,SUCCESS,0,0.5389931578503759,High Anomaly
TXN0000066459,2024-12-16 15:04:27,Recharge,Fuel,2490,36-45,56+,Uttar Pradesh,ICICI,Axis,Web,3G,15,0,SUCCESS,0,0.5385287737878409,High Anomaly
TXN0000026073,2024-12-22 08:28:07,Recharge,Utilities,337,36-45,26-35,Maharashtra,IndusInd,Axis,Web,WiFi,8,1,SUCCESS,0,0.5383250063228999,High Anomaly
TXN0000005128,2024-11-08 20:51:33,Recharge,Food,60,46-55,56+,Uttar Pradesh,Axis,IndusInd,iOS,3G,20,0,SUCCESS,0,0.5382400230019683,High Anomaly
TXN0000032055,2024-08-06 12:55:18,Recharge,Food,50,56+,36-45,West Bengal,Kotak,Kotak,iOS,WiFi,12,0,SUCCESS,0,0.5381381263953195,High Anomaly
TXN0000182312,2024-10-12 22:54:38,P2M,Entertainment,526,18-25,56+,Rajasthan,Axis,Yes Bank,iOS,3G,22,1,SUCCESS,0,0.5379634020872198,High Anomaly
TXN0000000113,2024-02-05 19:13:08,Bill Payment,Other,2474,56+,46-55,Delhi,Axis,HDFC,Web,WiFi,19,0,SUCCESS,0,0.5378466166135075,High Anomaly
TXN0000222710,2024-02-12 15:39:54,P2M,Utilities,19906,56+,56+,Uttar Pradesh,SBI,Yes Bank,Web,3G,15,0,SUCCESS,0,0.5376687023208144,High Anomaly
TXN0000168921,2024-02-10 22:38:17,Bill Payment,Fuel,1019,36-45,46-55,Delhi,SBI,PNB,Web,3G,22,1,SUCCESS,0,0.5376025274376175,High Anomaly
TXN0000149548,2024-09-14 18:19:07,P2M,Grocery,3072,56+,56+,Andhra Pradesh,ICICI,IndusInd,Web,WiFi,18,1,SUCCESS,0,0.5372443388755507,High Anomaly
TXN0000064540,2024-03-22 19:23:35,P2M,Utilities,739,56+,46-55,Tamil Nadu,HDFC,PNB,Web,3G,19,0,SUCCESS,0,0.5371826854123706,High Anomaly
TXN0000028705,2024-05-14 19:18:52,Bill Payment,Shopping,2809,46-55,18-25,Telangana,HDFC,IndusInd,Web,WiFi,19,0,SUCCESS,0,0.537072366352393,High Anomaly
TXN0000073876,2024-08-18 05:31:17,Bill Payment,Grocery,354,56+,36-45,Rajasthan,Yes Bank,ICICI,Web,WiFi,5,1,FAILED,0,0.5368738960682509,High Anomaly
TXN0000245671,2024-06-06 12:52:24,Bill Payment,Shopping,1481,46-55,56+,Karnataka,Axis,PNB,iOS,3G,12,0,SUCCESS,0,0.5365934921935338,High Anomaly
TXN0000050811,2024-02-21 17:07:31,Bill Payment,Education,1620,46-55,36-45,Andhra Pradesh,Yes Bank,IndusInd,Web,WiFi,17,0,SUCCESS,0,0.5365567308270596,High Anomaly
TXN0000202031,2024-09-13 22:23:52,Recharge,Entertainment,110,36-45,56+,Telangana,Yes Bank,Yes Bank,Web,4G,22,0,SUCCESS,0,0.5363787525013278,High Anomaly
TXN0000010715,2024-02-23 02:32:28,Recharge,Other,607,36-45,56+,Gujarat,PNB,PNB,iOS,3G,2,0,SUCCESS,0,0.5363704891873509,High Anomaly
TXN0000133566,2024-06-01 21:56:08,P2M,Grocery,622,46-55,56+,Tamil Nadu,Kotak,Kotak,Web,3G,21,1,SUCCESS,0,0.5361321120505669,High Anomaly
TXN0000061471,2024-02-11 13:13:53,Recharge,Fuel,1343,18-25,46-55,Maharashtra,IndusInd,IndusInd,iOS,3G,13,1,SUCCESS,0,0.5359285398773443,High Anomaly
TXN0000032795,2024-03-09 15:12:52,P2M,Fuel,439,46-55,56+,Uttar Pradesh,Kotak,HDFC,Web,WiFi,15,1,SUCCESS,0,0.5357973231320815,High Anomaly
TXN0000095108,2024-11-16 01:25:12,P2P,Utilities,2614,46-55,36-45,Uttar Pradesh,Axis,Axis,Web,WiFi,1,1,SUCCESS,0,0.5357782196897536,High Anomaly
TXN0000139713,2024-03-02 09:46:11,Recharge,Entertainment,254,26-35,26-35,Karnataka,PNB,HDFC,Web,3G,9,1,SUCCESS,0,0.5357649792320489,High Anomaly
TXN0000015991,2024-02-04 12:00:18,Bill Payment,Shopping,1643,56+,46-55,Karnataka,HDFC,ICICI,iOS,WiFi,12,1,SUCCESS,0,0.5355486468162873,High Anomaly
TXN0000050727,2024-08-17 03:14:40,Recharge,Shopping,466,46-55,18-25,Uttar Pradesh,PNB,Axis,iOS,3G,3,1,SUCCESS,0,0.5354751132589585,High Anomaly
TXN0000220446,2024-09-21 06:37:22,Recharge,Food,99,18-25,18-25,Uttar Pradesh,ICICI,HDFC,Web,WiFi,6,1,SUCCESS,0,0.5353473890160689,High Anomaly
TXN0000073769,2024-09-19 11:14:36,P2M,Education,4337,56+,56+,Delhi,IndusInd,ICICI,iOS,WiFi,11,0,SUCCESS,0,0.5352911225837649,High Anomaly
TXN0000208561,2024-03-02 11:23:49,Bill Payment,Education,3153,18-25,46-55,Karnataka,ICICI,Axis,iOS,WiFi,11,1,SUCCESS,0,0.5351674960527236,High Anomaly
TXN0000148612,2024-07-23 20:01:09,Bill Payment,Shopping,508,36-45,56+,Rajasthan,SBI,IndusInd,Web,3G,20,0,SUCCESS,0,0.5351515887830945,High Anomaly
TXN0000098167,2024-05-26 23:37:49,Recharge,Grocery,312,46-55,36-45,West Bengal,ICICI,Axis,iOS,3G,23,1,SUCCESS,0,0.5351310730589667,High Anomaly
TXN0000064663,2024-08-28 06:51:25,P2M,Fuel,670,46-55,56+,Maharashtra,Yes Bank,IndusInd,Web,WiFi,6,0,SUCCESS,0,0.5351259023627504,High Anomaly
TXN0000123277,2024-03-21 07:43:41,Bill Payment,Shopping,1385,36-45,46-55,Delhi,SBI,PNB,Web,WiFi,7,0,SUCCESS,0,0.5348490161616889,High Anomaly
TXN0000051483,2024-10-06 20:26:10,P2M,Grocery,790,46-55,56+,Rajasthan,Axis,ICICI,Web,3G,20,1,SUCCESS,0,0.5348429414491382,High Anomaly
TXN0000130293,2024-02-12 06:58:40,Bill Payment,Entertainment,666,18-25,56+,Andhra Pradesh,ICICI,IndusInd,Web,WiFi,6,0,SUCCESS,0,0.5348220219452702,High Anomaly
TXN0000162516,2024-02-20 18:52:58,P2M,Healthcare,1374,56+,18-25,Tamil Nadu,ICICI,ICICI,Web,WiFi,18,0,SUCCESS,0,0.5347207531461029,High Anomaly
TXN0000163509,2024-02-29 19:57:41,P2P,Utilities,2593,56+,56+,Karnataka,ICICI,IndusInd,Web,3G,19,0,SUCCESS,0,0.534548031157811,High Anomaly
TXN0000226377,2024-01-13 19:56:15,P2P,Entertainment,72,26-35,56+,Andhra Pradesh,Yes Bank,IndusInd,iOS,3G,19,1,SUCCESS,0,0.5344874759515579,High Anomaly
TXN0000189234,2024-08-23 18:06:18,Recharge,Food,345,46-55,36-45,Karnataka,ICICI,ICICI,Web,3G,18,0,FAILED,0,0.5344842006393246,High Anomaly
TXN0000204333,2024-06-21 21:54:46,Bill Payment,Utilities,6709,56+,26-35,Gujarat,PNB,IndusInd,Web,WiFi,21,0,SUCCESS,0,0.534438052914716,High Anomaly
TXN0000243937,2024-04-06 11:32:14,Bill Payment,Entertainment,178,46-55,26-35,Karnataka,ICICI,ICICI,Web,WiFi,11,1,SUCCESS,0,0.5342996946135169,High Anomaly
TXN0000084372,2024-11-12 12:09:20,Bill Payment,Utilities,1963,56+,26-35,Delhi,IndusInd,HDFC,Web,WiFi,12,0,SUCCESS,0,0.5342493689626656,High Anomaly
TXN0000156923,2024-08-31 10:56:49,Recharge,Fuel,1903,36-45,18-25,Delhi,SBI,Axis,Web,3G,10,1,SUCCESS,0,0.5342442118477444,High Anomaly
TXN0000184598,2024-06-23 22:00:14,P2P,Entertainment,172,46-55,46-55,Telangana,Axis,PNB,Web,5G,22,1,SUCCESS,0,0.5342033526455046,High Anomaly
TXN0000231113,2024-05-23 06:21:58,Recharge,Other,234,56+,18-25,Andhra Pradesh,IndusInd,SBI,Web,5G,6,0,SUCCESS,0,0.5341031408161699,High Anomaly
TXN0000113919,2024-08-03 05:27:57,Bill Payment,Fuel,539,46-55,36-45,West Bengal,Kotak,SBI,Web,3G,5,1,SUCCESS,0,0.5340054849124112,High Anomaly
TXN0000219567,2024-12-07 18:09:07,Bill Payment,Fuel,339,56+,18-25,Rajasthan,Axis,Kotak,Web,WiFi,18,1,SUCCESS,0,0.5338367693646795,High Anomaly
TXN0000169186,2024-03-04 10:59:19,P2P,Other,594,56+,56+,Gujarat,HDFC,ICICI,Web,3G,10,0,SUCCESS,0,0.5338328135572141,High Anomaly
TXN0000083431,2024-12-30 19:44:34,Recharge,Fuel,411,36-45,46-55,Andhra Pradesh,IndusInd,HDFC,iOS,WiFi,19,0,SUCCESS,0,0.5337710826030351,High Anomaly
TXN0000116957,2024-05-26 02:30:37,Bill Payment,Education,1657,36-45,26-35,Telangana,SBI,IndusInd,Web,WiFi,2,1,SUCCESS,0,0.5336859585726471,High Anomaly
TXN0000153038,2024-01-23 00:58:44,P2M,Entertainment,887,18-25,56+,Tamil Nadu,PNB,Axis,Web,WiFi,0,0,SUCCESS,0,0.5336158059293599,High Anomaly
TXN0000019932,2024-11-30 21:17:57,P2M,Shopping,182,56+,18-25,Karnataka,Kotak,PNB,Web,5G,21,1,SUCCESS,0,0.5335713385580695,High Anomaly
TXN0000105347,2024-10-07 20:22:32,Recharge,Fuel,2292,56+,46-55,Rajasthan,HDFC,IndusInd,Web,4G,20,0,SUCCESS,0,0.5335642399431255,High Anomaly
TXN0000179695,2024-05-03 12:06:18,P2M,Shopping,1088,56+,46-55,Gujarat,ICICI,Kotak,Web,3G,12,0,SUCCESS,0,0.5335319951891058,High Anomaly
TXN0000060965,2024-02-11 19:05:06,Recharge,Food,485,36-45,56+,West Bengal,Kotak,IndusInd,iOS,3G,19,1,SUCCESS,0,0.5334337277032152,High Anomaly
TXN0000143474,2024-03-03 18:11:56,Bill Payment,Entertainment,436,46-55,18-25,Telangana,Yes Bank,Kotak,Web,WiFi,18,1,SUCCESS,0,0.5333418684390769,High Anomaly
TXN0000134688,2024-07-23 10:00:51,Recharge,Utilities,537,36-45,56+,Gujarat,IndusInd,Yes Bank,iOS,WiFi,10,0,SUCCESS,0,0.5333266153273705,High Anomaly
TXN0000224194,2024-10-22 16:42:17,Recharge,Entertainment,1334,18-25,36-45,Rajasthan,Axis,Yes Bank,Web,3G,16,0,SUCCESS,0,0.533260551732519,High Anomaly
TXN0000188132,2024-09-29 19:25:34,P2M,Transport,227,36-45,56+,Delhi,Kotak,HDFC,Web,3G,19,1,SUCCESS,0,0.533252662581717,High Anomaly
TXN0000242557,2024-10-18 16:49:37,Bill Payment,Food,76,56+,56+,Karnataka,IndusInd,SBI,iOS,WiFi,16,0,SUCCESS,0,0.5331832197263551,High Anomaly
TXN0000132473,2024-09-26 21:22:37,Recharge,Utilities,295,36-45,18-25,Telangana,HDFC,IndusInd,Web,WiFi,21,0,SUCCESS,0,0.5330370687461685,High Anomaly
TXN0000057768,2024-08-18 14:21:10,Bill Payment,Education,13777,36-45,18-25,Karnataka,PNB,HDFC,Web,WiFi,14,1,FAILED,0,0.5330135130939637,High Anomaly
TXN0000017821,2024-09-07 08:27:26,Recharge,Fuel,494,56+,26-35,Uttar Pradesh,Axis,Axis,Web,4G,8,1,SUCCESS,0,0.5329606189483886,High Anomaly
TXN0000144478,2024-05-18 19:25:16,Recharge,Utilities,813,46-55,46-55,Gujarat,SBI,IndusInd,iOS,WiFi,19,1,SUCCESS,0,0.5328821101457368,High Anomaly
TXN0000237274,2024-06-21 18:13:20,Recharge,Shopping,270,56+,46-55,Maharashtra,Kotak,Kotak,Web,4G,18,0,SUCCESS,0,0.5328616297847664,High Anomaly
TXN0000164851,2024-08-29 12:29:06,Bill Payment,Food,87,46-55,46-55,Tamil Nadu,HDFC,HDFC,iOS,WiFi,12,0,SUCCESS,0,0.532825484931477,High Anomaly
TXN0000017443,2024-09-28 10:19:05,P2M,Shopping,5336,46-55,56+,Rajasthan,Kotak,IndusInd,iOS,WiFi,10,1,SUCCESS,0,0.5328046809335374,High Anomaly
TXN0000069389,2024-10-01 22:53:33,P2P,Other,290,46-55,56+,Andhra Pradesh,PNB,ICICI,Web,3G,22,0,SUCCESS,0,0.5327970175144774,High Anomaly
TXN0000120908,2024-01-29 06:33:01,Recharge,Fuel,2762,18-25,36-45,West Bengal,Axis,SBI,iOS,3G,6,0,SUCCESS,0,0.5327403964502881,High Anomaly
TXN0000088034,2024-08-11 18:01:04,P2P,Utilities,4803,46-55,56+,West Bengal,IndusInd,ICICI,iOS,WiFi,18,1,SUCCESS,0,0.5327049884024587,High Anomaly
TXN0000036146,2024-11-15 03:33:58,Recharge,Utilities,6983,36-45,36-45,Karnataka,Kotak,PNB,iOS,WiFi,3,0,FAILED,0,0.5326917680601475,High Anomaly
TXN0000133480,2024-06-29 09:10:38,P2M,Fuel,3293,56+,26-35,Tamil Nadu,Axis,Yes Bank,iOS,3G,9,1,SUCCESS,0,0.5323334446974703,High Anomaly
TXN0000006210,2024-06-29 21:18:49,Recharge,Utilities,971,18-25,18-25,Rajasthan,SBI,HDFC,Web,3G,21,1,SUCCESS,0,0.5323170039283787,High Anomaly
TXN0000153343,2024-06-09 17:30:45,Recharge,Education,3091,56+,26-35,Uttar Pradesh,PNB,SBI,Web,4G,17,1,SUCCESS,0,0.5322529791998645,High Anomaly
TXN0000155410,2024-02-04 08:18:07,Bill Payment,Education,2844,18-25,46-55,West Bengal,Yes Bank,Axis,Web,WiFi,8,1,SUCCESS,0,0.5321812535541487,High Anomaly
TXN0000186923,2024-07-20 18:11:08,Recharge,Food,1070,56+,46-55,Tamil Nadu,HDFC,Axis,iOS,WiFi,18,1,SUCCESS,0,0.5319627712763839,High Anomaly
TXN0000211501,2024-10-29 08:11:55,Bill Payment,Shopping,2706,36-45,56+,Karnataka,IndusInd,IndusInd,iOS,3G,8,0,SUCCESS,0,0.5319604200041048,High Anomaly
TXN0000185428,2024-03-17 17:21:50,Recharge,Shopping,1491,46-55,18-25,Karnataka,Axis,Yes Bank,iOS,WiFi,17,1,SUCCESS,0,0.5319345482463186,High Anomaly
TXN0000084356,2024-09-06 11:28:53,Recharge,Healthcare,554,36-45,46-55,Karnataka,ICICI,Yes Bank,Web,5G,11,0,SUCCESS,0,0.5318366299307108,High Anomaly
TXN0000171611,2024-12-15 18:31:55,Recharge,Shopping,1294,46-55,26-35,West Bengal,Axis,HDFC,iOS,WiFi,18,1,SUCCESS,0,0.531831313322694,High Anomaly
TXN0000176056,2024-02-12 11:05:28,Recharge,Entertainment,280,36-45,26-35,Andhra Pradesh,IndusInd,Yes Bank,Web,WiFi,11,0,SUCCESS,0,0.5317972934474685,High Anomaly
TXN0000212210,2024-06-15 20:39:03,Recharge,Transport,97,26-35,46-55,Tamil Nadu,HDFC,IndusInd,iOS,3G,20,1,SUCCESS,0,0.5317802267946757,High Anomaly
TXN0000130305,2024-11-10 09:56:09,Recharge,Shopping,2567,56+,36-45,Rajasthan,Yes Bank,HDFC,Web,4G,9,1,SUCCESS,0,0.5316762369239314,High Anomaly
TXN0000114819,2024-08-03 13:41:48,Bill Payment,Other,1551,18-25,46-55,Maharashtra,Kotak,ICICI,Web,WiFi,13,1,SUCCESS,0,0.531649462585036,High Anomaly
TXN0000170779,2024-02-09 15:17:43,Recharge,Utilities,1858,36-45,46-55,Delhi,Kotak,IndusInd,Web,WiFi,15,0,SUCCESS,0,0.5315851423410674,High Anomaly
TXN0000237725,2024-12-28 19:44:30,Bill Payment,Food,382,18-25,56+,Rajasthan,Kotak,IndusInd,iOS,WiFi,19,1,SUCCESS,0,0.5315801480962599,High Anomaly
TXN0000117284,2024-06-08 11:50:10,Bill Payment,Food,481,26-35,46-55,Rajasthan,Kotak,PNB,Web,5G,11,1,SUCCESS,0,0.5314706472692129,High Anomaly
TXN0000217039,2024-11-09 15:27:03,Recharge,Food,1118,26-35,26-35,Karnataka,PNB,Axis,Web,3G,15,1,SUCCESS,0,0.5314021899327132,High Anomaly
TXN0000175279,2024-05-12 12:50:59,Recharge,Other,213,46-55,26-35,Uttar Pradesh,ICICI,SBI,Web,WiFi,12,1,SUCCESS,0,0.5313560924102307,High Anomaly
TXN0000037081,2024-07-14 22:57:13,P2M,Education,1262,26-35,46-55,Tamil Nadu,SBI,PNB,Web,3G,22,1,SUCCESS,0,0.5312575110286871,High Anomaly
TXN0000056658,2024-02-25 10:47:29,Recharge,Fuel,551,46-55,56+,Tamil Nadu,ICICI,Kotak,iOS,4G,10,1,SUCCESS,0,0.5312395993400226,High Anomaly
TXN0000069979,2024-04-13 13:52:43,P2P,Food,43,56+,46-55,Andhra Pradesh,Axis,SBI,iOS,3G,13,1,FAILED,0,0.5312369116493827,High Anomaly
TXN0000076709,2024-03-30 13:43:14,P2P,Shopping,497,46-55,56+,West Bengal,ICICI,ICICI,Web,WiFi,13,1,SUCCESS,0,0.5310739021125028,High Anomaly
TXN0000181101,2024-09-29 20:05:08,Bill Payment,Utilities,7854,36-45,46-55,Telangana,SBI,IndusInd,iOS,WiFi,20,1,SUCCESS,0,0.530961893253539,High Anomaly
TXN0000148683,2024-09-07 10:44:49,Recharge,Shopping,616,56+,36-45,Tamil Nadu,IndusInd,PNB,Web,4G,10,1,SUCCESS,0,0.5309069606971514,High Anomaly
TXN0000208928,2024-12-07 13:10:18,Bill Payment,Transport,20,56+,26-35,Uttar Pradesh,PNB,Axis,Web,5G,13,1,SUCCESS,0,0.5308849763046758,High Anomaly
TXN0000127959,2024-01-20 21:18:34,P2P,Entertainment,223,56+,46-55,West Bengal,IndusInd,Yes Bank,iOS,WiFi,21,1,SUCCESS,0,0.5307882455608629,High Anomaly
TXN0000163839,2024-07-14 11:09:15,P2P,Education,3037,46-55,56+,Tamil Nadu,Yes Bank,ICICI,iOS,3G,11,1,SUCCESS,0,0.5307629735703758,High Anomaly
TXN0000152458,2024-12-25 13:08:13,Recharge,Education,1569,26-35,26-35,Telangana,Axis,Yes Bank,Web,3G,13,0,SUCCESS,0,0.5307628340172041,High Anomaly
TXN0000056073,2024-02-18 22:46:12,Bill Payment,Utilities,801,46-55,18-25,Tamil Nadu,Kotak,ICICI,iOS,3G,22,1,SUCCESS,0,0.5307166884438421,High Anomaly
TXN0000179021,2024-01-14 22:26:33,P2P,Shopping,590,46-55,36-45,Rajasthan,HDFC,Kotak,Web,3G,22,1,SUCCESS,0,0.5307157707167061,High Anomaly
TXN0000193983,2024-03-11 18:57:13,P2M,Shopping,702,56+,26-35,Telangana,HDFC,HDFC,Web,3G,18,0,SUCCESS,0,0.5307126843566302,High Anomaly
TXN0000017797,2024-10-20 15:15:46,P2M,Fuel,3436,56+,36-45,Rajasthan,ICICI,SBI,Web,WiFi,15,1,SUCCESS,0,0.5306309588343423,High Anomaly
TXN0000240707,2024-01-13 06:34:09,Recharge,Fuel,509,36-45,56+,West Bengal,IndusInd,PNB,iOS,4G,6,1,SUCCESS,0,0.5306173423406305,High Anomaly
TXN0000002285,2024-12-01 19:18:46,Bill Payment,Education,6466,56+,18-25,Rajasthan,HDFC,PNB,iOS,5G,19,1,SUCCESS,0,0.530524487564534,High Anomaly
TXN0000178971,2024-08-03 20:50:53,P2M,Utilities,4658,36-45,56+,Tamil Nadu,HDFC,IndusInd,Web,WiFi,20,1,SUCCESS,0,0.5304724146213868,High Anomaly
TXN0000238895,2024-01-28 00:34:57,Bill Payment,Transport,592,18-25,56+,Uttar Pradesh,IndusInd,PNB,iOS,WiFi,0,1,SUCCESS,0,0.5304659361539659,High Anomaly
TXN0000189221,2024-05-03 18:48:22,Bill Payment,Utilities,12684,56+,56+,Telangana,Kotak,IndusInd,iOS,5G,18,0,SUCCESS,0,0.530439833684552,High Anomaly
TXN0000192247,2024-02-17 15:52:16,P2M,Shopping,3237,46-55,56+,Rajasthan,PNB,ICICI,Web,5G,15,1,SUCCESS,0,0.5304129494857593,High Anomaly
TXN0000101848,2024-03-23 18:08:58,P2M,Shopping,2635,56+,26-35,Andhra Pradesh,IndusInd,Axis,iOS,3G,18,1,SUCCESS,0,0.5304045807957913,High Anomaly
TXN0000231126,2024-09-28 16:46:24,P2P,Shopping,771,18-25,18-25,Rajasthan,PNB,ICICI,Web,3G,16,1,SUCCESS,0,0.530366162559234,High Anomaly
TXN0000040028,2024-11-07 19:31:42,Bill Payment,Shopping,3305,46-55,26-35,Telangana,PNB,PNB,Web,3G,19,0,SUCCESS,0,0.5302993880894228,High Anomaly
TXN0000068492,2024-01-16 03:53:12,Recharge,Grocery,121,56+,56+,Andhra Pradesh,Kotak,SBI,iOS,5G,3,0,SUCCESS,0,0.5302977436093711,High Anomaly
TXN0000155572,2024-05-03 18:59:23,P2P,Healthcare,666,56+,56+,Andhra Pradesh,Yes Bank,Kotak,iOS,3G,18,0,SUCCESS,0,0.5302664101078557,High Anomaly
TXN0000177723,2024-06-09 23:32:54,P2M,Fuel,4011,26-35,56+,Uttar Pradesh,Yes Bank,IndusInd,Web,WiFi,23,1,SUCCESS,0,0.5302640705540375,High Anomaly
TXN0000003858,2024-11-08 12:15:44,Bill Payment,Shopping,2460,18-25,46-55,Rajasthan,SBI,HDFC,Web,WiFi,12,0,SUCCESS,0,0.5302476889086148,High Anomaly
TXN0000080804,2024-03-16 19:13:51,Recharge,Transport,832,36-45,36-45,Telangana,ICICI,PNB,Web,3G,19,1,SUCCESS,0,0.5302010136347779,High Anomaly
TXN0000224141,2024-04-13 16:04:29,Recharge,Shopping,4627,26-35,56+,Rajasthan,ICICI,IndusInd,iOS,5G,16,1,SUCCESS,0,0.5301114801068871,High Anomaly
TXN0000060585,2024-08-17 21:00:55,P2P,Fuel,4605,36-45,18-25,Gujarat,Kotak,Yes Bank,Web,3G,21,1,SUCCESS,0,0.5300261938803073,High Anomaly
TXN0000160994,2024-07-30 14:22:03,P2M,Education,8809,36-45,46-55,West Bengal,IndusInd,IndusInd,Web,WiFi,14,0,SUCCESS,0,0.5299854877446278,High Anomaly
TXN0000130351,2024-09-25 12:24:38,Bill Payment,Shopping,607,56+,26-35,Maharashtra,SBI,Kotak,Web,3G,12,0,SUCCESS,0,0.5299513887041473,High Anomaly
TXN0000247647,2024-11-05 07:59:16,Recharge,Education,13207,36-45,46-55,Andhra Pradesh,PNB,Axis,iOS,5G,7,0,SUCCESS,0,0.5299459186616047,High Anomaly
TXN0000187897,2024-05-18 15:48:37,P2M,Utilities,444,46-55,36-45,Rajasthan,Kotak,Kotak,Web,WiFi,15,1,SUCCESS,0,0.5298297464045773,High Anomaly
TXN0000118629,2024-08-03 18:38:02,P2M,Shopping,3903,36-45,46-55,Gujarat,ICICI,IndusInd,Web,3G,18,1,SUCCESS,0,0.5298194814359851,High Anomaly
TXN0000099678,2024-02-11 20:19:42,Bill Payment,Transport,433,56+,18-25,Telangana,Kotak,ICICI,iOS,WiFi,20,1,SUCCESS,0,0.529763558825365,High Anomaly
TXN0000025276,2024-05-23 11:37:53,Recharge,Entertainment,254,26-35,56+,Andhra Pradesh,HDFC,PNB,Web,5G,11,0,SUCCESS,0,0.5297486488345162,High Anomaly
TXN0000030332,2024-07-19 00:06:37,Bill Payment,Shopping,9828,26-35,26-35,Delhi,HDFC,PNB,Web,3G,0,0,SUCCESS,0,0.5297439179480639,High Anomaly
TXN0000007037,2024-08-15 13:37:29,Bill Payment,Fuel,1649,46-55,46-55,Rajasthan,ICICI,IndusInd,iOS,WiFi,13,0,FAILED,0,0.5297291009352022,High Anomaly
TXN0000053070,2024-01-20 11:38:35,Recharge,Shopping,681,46-55,46-55,Andhra Pradesh,Yes Bank,Axis,Android,3G,11,1,SUCCESS,0,0.5297060888165172,High Anomaly
TXN0000247621,2024-12-01 23:47:37,P2M,Shopping,1132,56+,26-35,Karnataka,Kotak,IndusInd,Web,WiFi,23,1,SUCCESS,0,0.5297039455135458,High Anomaly
TXN0000067414,2024-01-13 09:19:14,P2M,Other,288,46-55,56+,Rajasthan,Yes Bank,SBI,iOS,WiFi,9,1,FAILED,0,0.5296699181605666,High Anomaly
TXN0000248049,2024-08-25 08:35:08,Bill Payment,Shopping,2187,56+,36-45,Karnataka,Kotak,HDFC,iOS,WiFi,8,1,SUCCESS,0,0.5296549597431088,High Anomaly
TXN0000216333,2024-10-11 00:21:31,Bill Payment,Shopping,2519,46-55,46-55,Rajasthan,PNB,SBI,Web,4G,0,0,SUCCESS,0,0.5296163374525743,High Anomaly
TXN0000025898,2024-11-24 11:41:26,Recharge,Shopping,3445,18-25,56+,Maharashtra,Axis,HDFC,Web,5G,11,1,SUCCESS,0,0.5296160493823798,High Anomaly
TXN0000245653,2024-02-06 11:11:12,Recharge,Grocery,1830,18-25,56+,Gujarat,IndusInd,Yes Bank,Web,WiFi,11,0,SUCCESS,0,0.5295276486811893,High Anomaly
TXN0000204266,2024-10-12 21:37:26,Bill Payment,Grocery,336,46-55,46-55,Tamil Nadu,SBI,SBI,Web,WiFi,21,1,SUCCESS,0,0.529441659369963,High Anomaly
TXN0000050249,2024-11-30 12:30:54,P2P,Grocery,520,56+,26-35,Tamil Nadu,Kotak,IndusInd,Web,3G,12,1,SUCCESS,0,0.5294337411901922,High Anomaly
TXN0000099365,2024-05-16 11:06:04,Recharge,Healthcare,225,18-25,46-55,Uttar Pradesh,Axis,SBI,Web,WiFi,11,0,SUCCESS,0,0.5294151736739398,High Anomaly
TXN0000247341,2024-10-26 18:52:24,Recharge,Shopping,2638,26-35,36-45,Telangana,Axis,SBI,Web,3G,18,1,SUCCESS,0,0.5293990017016299,High Anomaly
TXN0000220590,2024-10-23 02:16:43,P2P,Entertainment,70,56+,26-35,Delhi,PNB,Yes Bank,Web,WiFi,2,0,SUCCESS,0,0.5293686172495319,High Anomaly
TXN0000105631,2024-06-15 17:53:34,P2M,Entertainment,544,46-55,18-25,Karnataka,ICICI,PNB,Web,WiFi,17,1,SUCCESS,0,0.5293448843045216,High Anomaly
TXN0000082093,2024-12-02 13:25:50,Bill Payment,Education,3096,46-55,56+,Tamil Nadu,Kotak,ICICI,iOS,4G,13,0,SUCCESS,0,0.5292807453502204,High Anomaly
TXN0000036444,2024-11-23 18:37:00,Bill Payment,Healthcare,350,26-35,56+,Andhra Pradesh,ICICI,IndusInd,iOS,WiFi,18,1,SUCCESS,0,0.5292767899248461,High Anomaly
TXN0000164466,2024-06-15 16:08:07,P2M,Shopping,2938,56+,18-25,Telangana,Kotak,Axis,Web,WiFi,16,1,SUCCESS,0,0.5290952824012656,High Anomaly
TXN0000144136,2024-01-19 13:44:31,P2M,Shopping,2435,46-55,56+,Gujarat,Yes Bank,PNB,iOS,WiFi,13,0,SUCCESS,0,0.5290663233897714,High Anomaly
TXN0000213616,2024-05-19 21:13:58,P2P,Utilities,1400,36-45,18-25,Telangana,Yes Bank,HDFC,Web,WiFi,21,1,SUCCESS,0,0.5290053598922654,High Anomaly
TXN0000064677,2024-10-06 19:26:56,Recharge,Shopping,5522,18-25,26-35,Karnataka,SBI,ICICI,Web,3G,19,1,SUCCESS,0,0.528985214196296,High Anomaly
TXN0000127548,2024-03-18 06:12:57,P2M,Food,78,46-55,56+,Telangana,SBI,Yes Bank,Web,5G,6,0,SUCCESS,0,0.5289768555277282,High Anomaly
TXN0000012757,2024-06-02 01:21:51,Recharge,Education,7029,36-45,26-35,Tamil Nadu,IndusInd,SBI,iOS,WiFi,1,1,SUCCESS,0,0.5289295839994868,High Anomaly
TXN0000116464,2024-07-29 09:46:08,P2M,Utilities,6241,36-45,46-55,Andhra Pradesh,IndusInd,PNB,Web,WiFi,9,0,SUCCESS,0,0.5288845779376107,High Anomaly
TXN0000216852,2024-06-09 00:51:37,Bill Payment,Fuel,608,46-55,26-35,Delhi,PNB,Yes Bank,iOS,WiFi,0,1,SUCCESS,0,0.5288413272879834,High Anomaly
TXN0000088054,2024-09-01 13:29:06,Bill Payment,Utilities,13986,46-55,18-25,Rajasthan,Kotak,PNB,iOS,5G,13,1,SUCCESS,0,0.5288410441128822,High Anomaly
TXN0000198474,2024-11-17 08:48:36,Bill Payment,Food,238,26-35,46-55,West Bengal,SBI,IndusInd,Web,3G,8,1,SUCCESS,0,0.5288129775885809,High Anomaly
TXN0000211844,2024-07-27 10:03:11,P2M,Entertainment,1107,18-25,56+,Karnataka,IndusInd,IndusInd,iOS,WiFi,10,1,SUCCESS,0,0.5288004047128047,High Anomaly
TXN0000149582,2024-12-21 09:32:06,P2M,Utilities,13012,26-35,18-25,Telangana,IndusInd,PNB,Web,WiFi,9,1,SUCCESS,0,0.5287731684980141,High Anomaly
TXN0000214207,2024-07-13 16:20:09,Bill Payment,Food,117,56+,26-35,Rajasthan,Axis,PNB,iOS,WiFi,16,1,SUCCESS,0,0.5287543557634513,High Anomaly
TXN0000066507,2024-06-18 07:31:27,P2M,Entertainment,114,36-45,46-55,Telangana,Kotak,IndusInd,Web,WiFi,7,0,SUCCESS,0,0.528621894251369,High Anomaly
TXN0000124414,2024-09-18 06:52:50,Bill Payment,Other,80,56+,36-45,Karnataka,HDFC,Yes Bank,iOS,WiFi,6,0,SUCCESS,0,0.5285858643097537,High Anomaly
TXN0000009380,2024-10-05 09:53:25,P2P,Fuel,755,46-55,26-35,Telangana,Yes Bank,Yes Bank,Web,WiFi,9,1,SUCCESS,0,0.5285733610771799,High Anomaly
TXN0000001552,2024-01-22 18:14:39,Bill Payment,Education,1323,18-25,18-25,Telangana,ICICI,Yes Bank,Web,WiFi,18,0,SUCCESS,0,0.5285562267625094,High Anomaly
TXN0000242541,2024-07-25 19:58:27,Recharge,Grocery,340,56+,18-25,Telangana,IndusInd,SBI,Web,3G,19,0,SUCCESS,0,0.528551919850158,High Anomaly
TXN0000195278,2024-06-14 18:39:17,Recharge,Education,3236,46-55,18-25,Tamil Nadu,Yes Bank,IndusInd,Web,4G,18,0,SUCCESS,0,0.5285439892776341,High Anomaly
TXN0000157591,2024-08-13 07:49:59,P2M,Grocery,1116,18-25,56+,Tamil Nadu,Yes Bank,IndusInd,Web,3G,7,0,SUCCESS,0,0.5285388948455216,High Anomaly
TXN0000065436,2024-03-16 20:29:20,Recharge,Education,5073,26-35,46-55,Andhra Pradesh,Axis,IndusInd,Android,3G,20,1,SUCCESS,0,0.5285341707077872,High Anomaly
TXN0000124215,2024-12-15 21:03:07,P2M,Grocery,149,46-55,46-55,Maharashtra,Yes Bank,ICICI,Web,WiFi,21,1,SUCCESS,0,0.5284863871910026,High Anomaly
TXN0000186552,2024-04-17 06:01:21,Recharge,Fuel,330,56+,18-25,Uttar Pradesh,PNB,Axis,Android,3G,6,0,SUCCESS,0,0.5284565956357254,High Anomaly
TXN0000033405,2024-07-13 07:44:06,P2M,Fuel,2409,18-25,36-45,Uttar Pradesh,HDFC,Yes Bank,Web,3G,7,1,FAILED,0,0.5284342616975697,High Anomaly
TXN0000245538,2024-02-15 08:00:07,P2P,Fuel,1964,46-55,46-55,Delhi,Yes Bank,Yes Bank,Web,3G,8,0,SUCCESS,0,0.5284223986625438,High Anomaly
TXN0000005815,2024-06-08 18:15:29,Recharge,Transport,26,56+,36-45,Andhra Pradesh,IndusInd,ICICI,iOS,4G,18,1,SUCCESS,0,0.5283931190723904,High Anomaly
TXN0000022342,2024-05-24 06:48:50,P2M,Other,1406,46-55,36-45,Tamil Nadu,HDFC,ICICI,Web,WiFi,6,0,SUCCESS,0,0.5283782067404489,High Anomaly
TXN0000230264,2024-02-29 17:12:54,Bill Payment,Transport,276,26-35,56+,Uttar Pradesh,Yes Bank,PNB,Web,WiFi,17,0,SUCCESS,0,0.5283755177005447,High Anomaly
TXN0000025386,2024-11-23 16:10:01,Recharge,Other,355,56+,26-35,Delhi,PNB,ICICI,iOS,3G,16,1,SUCCESS,0,0.5282675540492644,High Anomaly
TXN0000166848,2024-10-18 14:11:17,Recharge,Healthcare,490,36-45,26-35,West Bengal,PNB,IndusInd,Web,3G,14,0,SUCCESS,0,0.5282392056069318,High Anomaly
TXN0000112601,2024-08-17 18:38:21,Recharge,Shopping,479,18-25,18-25,Rajasthan,Yes Bank,SBI,Web,WiFi,18,1,SUCCESS,0,0.5281908014854292,High Anomaly
TXN0000186061,2024-08-20 18:48:26,Recharge,Transport,91,46-55,56+,Maharashtra,SBI,Axis,Web,WiFi,18,0,SUCCESS,0,0.5280988662176761,High Anomaly
TXN0000244971,2024-02-02 08:43:06,Recharge,Fuel,3410,18-25,46-55,Tamil Nadu,Axis,HDFC,iOS,WiFi,8,0,SUCCESS,0,0.5280984269789588,High Anomaly
TXN0000128408,2024-07-27 22:00:13,Recharge,Fuel,3797,46-55,56+,West Bengal,IndusInd,HDFC,Android,3G,22,1,SUCCESS,0,0.5280953964960208,High Anomaly
TXN0000154612,2024-02-11 09:57:55,Recharge,Fuel,326,56+,26-35,Rajasthan,HDFC,ICICI,Web,4G,9,1,SUCCESS,0,0.528094198967648,High Anomaly
TXN0000001027,2024-12-16 23:15:43,Bill Payment,Other,587,56+,36-45,Uttar Pradesh,ICICI,PNB,iOS,WiFi,23,0,SUCCESS,0,0.5280740156858497,High Anomaly
TXN0000160733,2024-02-04 12:08:48,Bill Payment,Fuel,554,46-55,56+,Karnataka,HDFC,IndusInd,iOS,5G,12,1,SUCCESS,0,0.527888614003347,High Anomaly
TXN0000121298,2024-09-08 06:18:15,Bill Payment,Food,98,56+,36-45,Tamil Nadu,ICICI,HDFC,iOS,WiFi,6,1,SUCCESS,0,0.5278867078385101,High Anomaly
TXN0000058467,2024-05-06 11:24:09,Recharge,Shopping,251,36-45,18-25,Tamil Nadu,Axis,IndusInd,Web,WiFi,11,0,SUCCESS,0,0.5278592030769994,High Anomaly
TXN0000074746,2024-12-22 11:53:04,P2M,Education,8364,36-45,56+,Uttar Pradesh,Yes Bank,Yes Bank,iOS,WiFi,11,1,SUCCESS,0,0.5278103321581932,High Anomaly
TXN0000058902,2024-01-03 21:00:08,P2P,Other,111,56+,56+,Gujarat,Kotak,IndusInd,Web,5G,21,0,SUCCESS,0,0.5277984999556127,High Anomaly
TXN0000044590,2024-06-02 14:36:15,Bill Payment,Fuel,603,36-45,56+,Rajasthan,Yes Bank,PNB,Android,3G,14,1,SUCCESS,0,0.5277916336735338,High Anomaly
TXN0000089964,2024-10-06 07:11:12,Recharge,Grocery,1975,46-55,26-35,Uttar Pradesh,Axis,PNB,iOS,WiFi,7,1,SUCCESS,0,0.5277873450425578,High Anomaly
TXN0000063140,2024-09-15 10:37:02,P2P,Shopping,594,46-55,26-35,Telangana,HDFC,PNB,Web,3G,10,1,SUCCESS,0,0.5277815145549047,High Anomaly
TXN0000112020,2024-04-06 18:35:26,P2M,Healthcare,82,18-25,46-55,Karnataka,ICICI,Yes Bank,iOS,3G,18,1,SUCCESS,0,0.527742348463022,High Anomaly
TXN0000040095,2024-12-01 17:19:50,Bill Payment,Fuel,973,36-45,26-35,Karnataka,ICICI,HDFC,Web,3G,17,1,SUCCESS,0,0.5277258506436122,High Anomaly
TXN0000046077,2024-02-27 09:32:33,Recharge,Other,1268,56+,26-35,Tamil Nadu,Yes Bank,PNB,iOS,3G,9,0,SUCCESS,0,0.5277003480468707,High Anomaly
TXN0000244677,2024-11-28 21:37:34,Bill Payment,Shopping,985,18-25,46-55,Maharashtra,SBI,IndusInd,Web,3G,21,0,SUCCESS,0,0.5276300342886734,High Anomaly
TXN0000214957,2024-05-04 18:37:22,Bill Payment,Food,139,56+,26-35,Telangana,ICICI,PNB,iOS,WiFi,18,1,SUCCESS,0,0.52760861109643,High Anomaly
TXN0000148609,2024-05-10 23:02:20,Recharge,Grocery,741,36-45,46-55,West Bengal,Axis,PNB,Web,WiFi,23,0,SUCCESS,0,0.5275791742355361,High Anomaly
TXN0000185525,2024-02-13 02:19:16,Bill Payment,Grocery,391,46-55,26-35,Andhra Pradesh,ICICI,ICICI,Web,WiFi,2,0,SUCCESS,0,0.5275262312145832,High Anomaly
TXN0000087058,2024-03-24 23:07:59,Bill Payment,Other,4941,26-35,56+,Karnataka,PNB,SBI,iOS,3G,23,1,SUCCESS,0,0.5274961379601182,High Anomaly
TXN0000031175,2024-07-17 11:14:18,Bill Payment,Transport,58,26-35,56+,Tamil Nadu,HDFC,IndusInd,iOS,WiFi,11,0,SUCCESS,0,0.5274590832170014,High Anomaly
TXN0000037609,2024-07-29 17:29:00,Recharge,Shopping,1256,46-55,36-45,West Bengal,HDFC,IndusInd,iOS,3G,17,0,SUCCESS,0,0.5274468669530732,High Anomaly
TXN0000110167,2024-09-14 16:39:56,Bill Payment,Shopping,12333,26-35,56+,Gujarat,ICICI,SBI,iOS,WiFi,16,1,SUCCESS,0,0.5274359007044784,High Anomaly
TXN0000026032,2024-06-09 11:24:08,Recharge,Grocery,7859,36-45,18-25,Gujarat,ICICI,HDFC,Web,WiFi,11,1,SUCCESS,0,0.52742561997016,High Anomaly
TXN0000113198,2024-02-27 16:44:43,P2P,Utilities,8410,56+,18-25,Uttar Pradesh,HDFC,Kotak,Web,WiFi,16,0,SUCCESS,0,0.5273900738502514,High Anomaly
TXN0000013325,2024-05-08 07:43:44,Bill Payment,Other,426,18-25,46-55,Rajasthan,ICICI,PNB,iOS,WiFi,7,0,SUCCESS,0,0.5273862811295335,High Anomaly
TXN0000041095,2024-11-20 10:50:39,Bill Payment,Grocery,1156,56+,26-35,Uttar Pradesh,PNB,Kotak,Web,WiFi,10,0,SUCCESS,0,0.5273726762395576,High Anomaly
TXN0000014820,2024-10-06 23:00:49,Bill Payment,Grocery,365,46-55,18-25,Telangana,Kotak,ICICI,iOS,WiFi,23,1,SUCCESS,0,0.5273292439577065,High Anomaly
TXN0000135219,2024-10-06 10:29:19,Bill Payment,Grocery,2896,56+,26-35,Andhra Pradesh,ICICI,IndusInd,Web,5G,10,1,SUCCESS,0,0.5273203845005738,High Anomaly
TXN0000058594,2024-10-06 13:56:52,Bill Payment,Shopping,5737,26-35,18-25,Telangana,ICICI,Axis,Web,WiFi,13,1,SUCCESS,0,0.5272899306148119,High Anomaly
TXN0000150201,2024-10-16 19:51:18,Bill Payment,Education,2870,56+,26-35,Telangana,PNB,PNB,iOS,WiFi,19,0,SUCCESS,0,0.5272499113208284,High Anomaly
TXN0000013253,2024-12-23 11:13:41,Bill Payment,Other,876,46-55,56+,Rajasthan,Kotak,PNB,Android,WiFi,11,0,SUCCESS,0,0.5272483454010742,High Anomaly
TXN0000181428,2024-06-17 21:22:59,P2M,Education,14560,26-35,36-45,Tamil Nadu,Yes Bank,IndusInd,Web,WiFi,21,0,SUCCESS,0,0.527236516912604,High Anomaly
TXN0000197940,2024-10-19 19:50:37,Bill Payment,Food,891,36-45,56+,Karnataka,SBI,HDFC,Web,WiFi,19,1,SUCCESS,0,0.527225646208028,High Anomaly
TXN0000194214,2024-08-26 11:20:42,Recharge,Fuel,730,36-45,56+,Telangana,ICICI,SBI,iOS,3G,11,0,FAILED,0,0.5271927651637625,High Anomaly
TXN0000161540,2024-10-06 13:42:46,Recharge,Shopping,527,46-55,56+,Rajasthan,HDFC,Axis,Android,3G,13,1,SUCCESS,0,0.5271855891418117,High Anomaly
TXN0000212921,2024-10-02 19:29:47,Recharge,Shopping,1546,56+,36-45,Telangana,IndusInd,ICICI,iOS,3G,19,0,SUCCESS,0,0.5271508693157846,High Anomaly
TXN0000052962,2024-07-08 01:13:05,P2M,Fuel,3110,18-25,56+,West Bengal,Kotak,HDFC,iOS,WiFi,1,0,SUCCESS,0,0.5271358777417751,High Anomaly
TXN0000087363,2024-10-11 06:18:46,Bill Payment,Transport,479,36-45,18-25,Uttar Pradesh,ICICI,Yes Bank,Web,WiFi,6,0,SUCCESS,0,0.5271308735569108,High Anomaly
TXN0000182037,2024-11-09 18:53:26,P2P,Grocery,2019,56+,36-45,Telangana,ICICI,HDFC,Web,3G,18,1,SUCCESS,0,0.5271226805263194,High Anomaly
TXN0000097108,2024-04-22 03:54:36,P2P,Healthcare,744,46-55,26-35,Tamil Nadu,ICICI,Yes Bank,Web,WiFi,3,0,SUCCESS,0,0.5271013114980899,High Anomaly
TXN0000144061,2024-07-20 20:46:52,Recharge,Transport,74,26-35,36-45,Uttar Pradesh,ICICI,Yes Bank,iOS,WiFi,20,1,SUCCESS,0,0.5270858004748696,High Anomaly
TXN0000195356,2024-02-13 14:49:21,P2P,Entertainment,415,56+,56+,Andhra Pradesh,HDFC,IndusInd,iOS,3G,14,0,SUCCESS,0,0.5270675859551347,High Anomaly
TXN0000121083,2024-08-17 19:32:06,Recharge,Shopping,1669,18-25,36-45,West Bengal,HDFC,Yes Bank,Web,WiFi,19,1,SUCCESS,0,0.527033131027878,High Anomaly
TXN0000074992,2024-05-17 22:20:29,P2M,Shopping,7902,26-35,56+,West Bengal,IndusInd,HDFC,Web,3G,22,0,SUCCESS,0,0.5270257851999174,High Anomaly
TXN0000180535,2024-12-02 12:01:40,Bill Payment,Education,766,46-55,18-25,Tamil Nadu,Yes Bank,IndusInd,Web,5G,12,0,SUCCESS,0,0.5270216703799928,High Anomaly
TXN0000045012,2024-11-01 06:29:09,P2M,Food,43,56+,56+,Uttar Pradesh,Kotak,ICICI,Web,4G,6,0,SUCCESS,0,0.5270057307765496,High Anomaly
TXN0000057596,2024-11-17 09:34:24,Bill Payment,Transport,119,56+,46-55,Maharashtra,PNB,Yes Bank,iOS,WiFi,9,1,SUCCESS,0,0.526983778384794,High Anomaly
TXN0000015675,2024-11-02 22:55:41,Bill Payment,Shopping,297,26-35,26-35,Tamil Nadu,SBI,PNB,Web,3G,22,1,SUCCESS,0,0.526956159070568,High Anomaly
TXN0000015527,2024-10-15 10:06:33,Bill Payment,Utilities,2387,36-45,46-55,Telangana,HDFC,ICICI,iOS,WiFi,10,0,SUCCESS,0,0.526950767518989,High Anomaly
TXN0000034143,2024-08-11 18:09:12,Recharge,Shopping,4789,36-45,36-45,Uttar Pradesh,Axis,Kotak,iOS,WiFi,18,1,SUCCESS,0,0.5269325957927127,High Anomaly
TXN0000212468,2024-06-08 11:26:26,P2M,Other,234,46-55,56+,Andhra Pradesh,Kotak,IndusInd,iOS,WiFi,11,1,SUCCESS,0,0.5269219478409409,High Anomaly
TXN0000180413,2024-05-12 15:49:19,Bill Payment,Grocery,1010,46-55,46-55,Rajasthan,SBI,PNB,iOS,WiFi,15,1,SUCCESS,0,0.5269134026103521,High Anomaly
TXN0000073640,2024-09-04 11:18:39,P2M,Fuel,3609,18-25,56+,Gujarat,PNB,Axis,Web,3G,11,0,SUCCESS,0,0.5268668496770593,High Anomaly
TXN0000166011,2024-08-04 17:14:27,Recharge,Shopping,546,46-55,26-35,Karnataka,ICICI,Axis,Web,4G,17,1,SUCCESS,0,0.5268566478166155,High Anomaly
TXN0000061469,2024-01-26 17:06:19,P2M,Food,755,56+,46-55,Gujarat,ICICI,Yes Bank,Web,WiFi,17,0,SUCCESS,0,0.5268522035609114,High Anomaly
TXN0000234375,2024-05-12 21:22:45,P2P,Grocery,1264,46-55,46-55,Karnataka,PNB,ICICI,Web,WiFi,21,1,SUCCESS,0,0.5268326526105508,High Anomaly
TXN0000019801,2024-04-10 09:59:19,Bill Payment,Entertainment,312,26-35,56+,Delhi,Axis,HDFC,iOS,3G,9,0,SUCCESS,0,0.5268018457949706,High Anomaly
TXN0000247018,2024-04-09 12:47:57,P2M,Healthcare,107,18-25,46-55,West Bengal,Yes Bank,ICICI,Web,WiFi,12,0,SUCCESS,0,0.5267943048801149,High Anomaly
TXN0000040788,2024-11-24 21:55:06,Bill Payment,Food,392,46-55,18-25,West Bengal,Axis,HDFC,Web,WiFi,21,1,SUCCESS,0,0.5267866689333514,High Anomaly
TXN0000244045,2024-03-24 17:13:46,P2M,Shopping,591,18-25,36-45,Maharashtra,Yes Bank,Axis,Web,3G,17,1,SUCCESS,0,0.5267487357137958,High Anomaly
TXN0000018614,2024-05-08 14:16:08,Recharge,Fuel,1042,26-35,26-35,Karnataka,Axis,Axis,Web,3G,14,0,SUCCESS,0,0.5267474365259803,High Anomaly
TXN0000126191,2024-05-06 11:04:52,Recharge,Transport,39,46-55,18-25,Andhra Pradesh,Axis,Yes Bank,iOS,WiFi,11,0,SUCCESS,0,0.5267455793668565,High Anomaly
TXN0000068506,2024-06-30 10:00:27,Recharge,Shopping,498,18-25,18-25,Rajasthan,IndusInd,Axis,Web,5G,10,1,SUCCESS,0,0.5267016258542556,High Anomaly
TXN0000226898,2024-11-29 22:40:15,Bill Payment,Other,613,46-55,36-45,West Bengal,Kotak,SBI,Web,WiFi,22,0,SUCCESS,0,0.5266063420783456,High Anomaly
TXN0000248868,2024-09-15 16:44:03,Recharge,Entertainment,190,18-25,36-45,Telangana,Yes Bank,Axis,Web,5G,16,1,SUCCESS,0,0.5265697717476229,High Anomaly
TXN0000138083,2024-05-21 09:37:54,Bill Payment,Transport,239,26-35,18-25,Rajasthan,ICICI,HDFC,Web,WiFi,9,0,SUCCESS,0,0.52654163154178,High Anomaly
TXN0000206251,2024-01-11 10:35:47,Recharge,Food,119,56+,56+,Delhi,HDFC,PNB,iOS,4G,10,0,SUCCESS,0,0.52648676171866,High Anomaly
TXN0000153748,2024-03-12 11:17:22,P2M,Utilities,7346,56+,18-25,West Bengal,Kotak,Axis,iOS,3G,11,0,SUCCESS,0,0.526435934521785,High Anomaly
TXN0000172443,2024-08-02 08:59:33,Recharge,Healthcare,227,26-35,26-35,Tamil Nadu,Axis,HDFC,Web,3G,8,0,SUCCESS,0,0.5264132618965432,High Anomaly
TXN0000038397,2024-12-13 20:57:29,P2M,Fuel,667,18-25,56+,Rajasthan,ICICI,Yes Bank,Web,WiFi,20,0,SUCCESS,0,0.5263972935110849,High Anomaly
TXN0000132518,2024-03-24 13:40:21,Recharge,Utilities,942,18-25,26-35,Rajasthan,Yes Bank,PNB,iOS,WiFi,13,1,SUCCESS,0,0.5263785129723494,High Anomaly
TXN0000017152,2024-10-07 18:45:23,Bill Payment,Utilities,8160,36-45,46-55,Karnataka,IndusInd,Axis,iOS,WiFi,18,0,SUCCESS,0,0.5263408357741777,High Anomaly
TXN0000078262,2024-10-24 20:03:01,P2M,Fuel,633,56+,26-35,Uttar Pradesh,Yes Bank,Yes Bank,Web,3G,20,0,SUCCESS,0,0.5263374904693569,High Anomaly
TXN0000041435,2024-08-09 19:31:05,Recharge,Shopping,3928,56+,26-35,Gujarat,Yes Bank,Kotak,iOS,3G,19,0,SUCCESS,0,0.5263334423419013,High Anomaly
TXN0000035057,2024-04-22 15:11:51,Bill Payment,Shopping,1682,18-25,46-55,Telangana,Axis,PNB,iOS,WiFi,15,0,FAILED,0,0.5262514091990224,High Anomaly
TXN0000113232,2024-04-14 06:44:48,Recharge,Food,79,56+,36-45,Delhi,HDFC,IndusInd,iOS,4G,6,1,SUCCESS,0,0.5262320403420164,High Anomaly
TXN0000181427,2024-07-07 12:28:17,Bill Payment,Education,4607,46-55,56+,Maharashtra,IndusInd,Axis,iOS,5G,12,1,SUCCESS,0,0.526202226158797,High Anomaly
TXN0000154648,2024-05-22 19:22:14,Recharge,Entertainment,444,46-55,18-25,Tamil Nadu,Axis,IndusInd,Web,5G,19,0,SUCCESS,0,0.5262010991903969,High Anomaly
TXN0000129438,2024-12-28 02:38:05,P2M,Healthcare,843,36-45,18-25,Delhi,PNB,HDFC,Web,WiFi,2,1,SUCCESS,0,0.5261498907458387,High Anomaly
TXN0000046843,2024-01-04 18:55:07,Recharge,Food,1242,36-45,36-45,West Bengal,ICICI,IndusInd,Web,3G,18,0,SUCCESS,0,0.5261464916446723,High Anomaly
TXN0000050996,2024-11-09 21:24:43,Recharge,Shopping,2563,46-55,36-45,Uttar Pradesh,ICICI,ICICI,iOS,WiFi,21,1,SUCCESS,0,0.5261099969723497,High Anomaly
TXN0000035074,2024-12-18 00:33:41,P2P,Fuel,2177,56+,46-55,Delhi,HDFC,Axis,iOS,WiFi,0,0,SUCCESS,0,0.5260938156765474,High Anomaly
TXN0000234694,2024-04-06 11:40:48,Bill Payment,Shopping,342,26-35,26-35,Tamil Nadu,HDFC,Axis,Web,3G,11,1,SUCCESS,0,0.5260871017073002,High Anomaly
TXN0000117257,2024-06-12 06:06:00,Bill Payment,Fuel,631,46-55,26-35,Uttar Pradesh,IndusInd,Axis,Web,WiFi,6,0,SUCCESS,0,0.526043610263281,High Anomaly
TXN0000125929,2024-01-20 14:20:32,P2M,Other,948,46-55,46-55,Telangana,Axis,IndusInd,iOS,WiFi,14,1,SUCCESS,0,0.5260219698085754,High Anomaly
TXN0000225287,2024-10-30 16:07:48,P2P,Education,5387,46-55,36-45,Rajasthan,Kotak,IndusInd,Web,WiFi,16,0,FAILED,0,0.526001919778763,High Anomaly
TXN0000003217,2024-11-26 23:15:46,P2M,Shopping,2866,46-55,26-35,West Bengal,PNB,Kotak,Web,3G,23,0,SUCCESS,0,0.5259523033038264,High Anomaly
TXN0000132886,2024-11-04 21:16:54,Bill Payment,Fuel,551,46-55,18-25,Telangana,IndusInd,IndusInd,iOS,3G,21,0,SUCCESS,0,0.5259248251814282,High Anomaly
TXN0000075896,2024-09-18 11:35:52,Recharge,Utilities,1916,26-35,56+,Delhi,Axis,Kotak,iOS,WiFi,11,0,SUCCESS,0,0.5259026177774969,High Anomaly
TXN0000078744,2024-10-12 13:22:08,Recharge,Healthcare,2717,56+,56+,Karnataka,Kotak,Kotak,Android,5G,13,1,SUCCESS,0,0.5258292200125806,High Anomaly
TXN0000017061,2024-04-11 15:36:42,Recharge,Shopping,993,56+,56+,Tamil Nadu,SBI,IndusInd,iOS,WiFi,15,0,SUCCESS,0,0.5258193998053144,High Anomaly
TXN0000014790,2024-04-30 15:56:32,Bill Payment,Transport,35,56+,36-45,Delhi,Kotak,Axis,iOS,3G,15,0,SUCCESS,0,0.5258133092574689,High Anomaly
TXN0000054582,2024-01-22 12:03:13,Bill Payment,Fuel,6089,36-45,46-55,Delhi,Axis,IndusInd,iOS,WiFi,12,0,SUCCESS,0,0.525792189375979,High Anomaly
TXN0000110526,2024-12-06 18:22:00,P2P,Education,12156,36-45,46-55,Uttar Pradesh,ICICI,SBI,Web,3G,18,0,SUCCESS,0,0.5257834450538371,High Anomaly
TXN0000145208,2024-11-06 17:38:05,Bill Payment,Healthcare,399,18-25,56+,Tamil Nadu,HDFC,Yes Bank,iOS,WiFi,17,0,SUCCESS,0,0.5257748489931461,High Anomaly
TXN0000106297,2024-02-04 20:07:35,P2M,Entertainment,331,18-25,46-55,Rajasthan,PNB,IndusInd,iOS,3G,20,1,SUCCESS,0,0.5257723054070478,High Anomaly
TXN0000108192,2024-10-23 19:37:56,P2M,Grocery,405,56+,18-25,Gujarat,Yes Bank,ICICI,Web,3G,19,0,SUCCESS,0,0.5257467213615175,High Anomaly
TXN0000131911,2024-12-23 15:41:43,Bill Payment,Food,344,56+,56+,Karnataka,Axis,PNB,Web,4G,15,0,SUCCESS,0,0.5257398207944394,High Anomaly
TXN0000217952,2024-01-11 09:08:05,Recharge,Entertainment,186,46-55,46-55,Tamil Nadu,PNB,Kotak,iOS,3G,9,0,SUCCESS,0,0.5257386915326161,High Anomaly
TXN0000239910,2024-11-02 11:39:42,P2M,Grocery,1748,26-35,46-55,West Bengal,HDFC,IndusInd,Web,WiFi,11,1,SUCCESS,0,0.525730578775093,High Anomaly
TXN0000028231,2024-12-10 13:05:55,P2M,Education,829,46-55,46-55,Maharashtra,Kotak,SBI,Web,WiFi,13,0,SUCCESS,0,0.5257113632858738,High Anomaly
TXN0000176992,2024-03-20 06:41:02,Recharge,Shopping,4872,56+,36-45,Telangana,HDFC,PNB,Android,WiFi,6,0,SUCCESS,0,0.5257071029369131,High Anomaly
TXN0000217193,2024-06-08 16:59:31,Bill Payment,Transport,315,56+,56+,Uttar Pradesh,IndusInd,SBI,iOS,WiFi,16,1,SUCCESS,0,0.5256934628975863,High Anomaly
TXN0000198642,2024-08-17 22:14:12,P2M,Healthcare,390,46-55,18-25,Maharashtra,HDFC,HDFC,Web,WiFi,22,1,SUCCESS,0,0.5256932693388187,High Anomaly
TXN0000189132,2024-09-02 20:11:28,Recharge,Fuel,2442,18-25,36-45,Tamil Nadu,HDFC,Axis,Web,WiFi,20,0,SUCCESS,0,0.5256917678487071,High Anomaly
TXN0000020175,2024-11-02 23:49:24,P2P,Other,766,18-25,56+,Tamil Nadu,PNB,Axis,iOS,WiFi,23,1,SUCCESS,0,0.52566378196257,High Anomaly
TXN0000181927,2024-05-04 08:15:40,P2P,Shopping,16291,36-45,46-55,Karnataka,SBI,Axis,Web,3G,8,1,SUCCESS,0,0.5256621719352815,High Anomaly
TXN0000237494,2024-11-29 16:57:38,Bill Payment,Education,3140,18-25,56+,Telangana,ICICI,SBI,Web,5G,16,0,SUCCESS,0,0.5256133173989684,High Anomaly
TXN0000108679,2024-11-04 22:57:07,P2M,Education,615,18-25,56+,Uttar Pradesh,Kotak,SBI,Web,WiFi,22,0,SUCCESS,0,0.5255688188637125,High Anomaly
TXN0000122300,2024-11-27 20:19:11,Recharge,Education,18181,36-45,18-25,Telangana,IndusInd,HDFC,iOS,5G,20,0,SUCCESS,0,0.5255358303734036,High Anomaly
TXN0000043398,2024-02-04 06:30:35,Recharge,Food,1185,56+,36-45,Rajasthan,HDFC,Kotak,iOS,4G,6,1,FAILED,0,0.5255353577373689,High Anomaly
TXN0000136343,2024-11-19 08:16:06,P2P,Fuel,680,18-25,46-55,Delhi,Kotak,PNB,Web,WiFi,8,0,SUCCESS,0,0.5254904199539125,High Anomaly
TXN0000033237,2024-10-03 20:34:55,Recharge,Healthcare,880,36-45,36-45,Maharashtra,ICICI,Yes Bank,Web,WiFi,20,0,SUCCESS,0,0.5254458595441048,High Anomaly
TXN0000049226,2024-10-05 18:25:52,P2M,Fuel,540,18-25,36-45,Telangana,HDFC,Kotak,Web,3G,18,1,SUCCESS,0,0.5254050472487934,High Anomaly
TXN0000173315,2024-03-30 06:37:12,P2M,Transport,326,18-25,46-55,Delhi,ICICI,Axis,Web,WiFi,6,1,SUCCESS,0,0.5253971706904162,High Anomaly
TXN0000081078,2024-07-11 12:57:24,Bill Payment,Healthcare,760,56+,18-25,West Bengal,IndusInd,HDFC,Web,3G,12,0,SUCCESS,0,0.5253533154961811,High Anomaly
TXN0000204240,2024-05-08 10:46:29,Recharge,Entertainment,1368,26-35,56+,Karnataka,PNB,Yes Bank,Web,4G,10,0,SUCCESS,0,0.5253482950069672,High Anomaly
TXN0000213475,2024-05-26 12:20:48,P2M,Shopping,11805,18-25,18-25,Uttar Pradesh,Kotak,PNB,iOS,3G,12,1,SUCCESS,0,0.5253458501951345,High Anomaly
TXN0000028582,2024-09-26 00:03:28,Recharge,Grocery,438,46-55,18-25,West Bengal,Yes Bank,SBI,Web,WiFi,0,0,SUCCESS,0,0.5253171980414844,High Anomaly
TXN0000049585,2024-05-04 12:39:58,P2P,Utilities,4774,46-55,46-55,West Bengal,Axis,SBI,Web,3G,12,1,SUCCESS,0,0.525304077775046,High Anomaly
TXN0000041076,2024-08-18 09:41:42,P2P,Shopping,10829,36-45,18-25,Tamil Nadu,Axis,PNB,Web,3G,9,1,SUCCESS,0,0.5252976059645594,High Anomaly
TXN0000132919,2024-11-13 22:03:56,P2M,Shopping,1581,36-45,46-55,Rajasthan,PNB,Axis,Web,WiFi,22,0,SUCCESS,0,0.5252817463642804,High Anomaly
TXN0000077895,2024-05-12 20:48:54,Recharge,Healthcare,358,46-55,36-45,Andhra Pradesh,Axis,Yes Bank,Web,4G,20,1,SUCCESS,0,0.5252105346757091,High Anomaly
TXN0000066926,2024-10-27 10:46:38,Bill Payment,Utilities,861,26-35,56+,Tamil Nadu,PNB,Kotak,Web,5G,10,1,SUCCESS,0,0.5251715107854293,High Anomaly
TXN0000047156,2024-04-29 16:02:22,Bill Payment,Healthcare,1198,56+,18-25,West Bengal,ICICI,PNB,Web,5G,16,0,SUCCESS,0,0.5251246733805476,High Anomaly
TXN0000001044,2024-08-24 20:47:49,Recharge,Grocery,171,36-45,46-55,Andhra Pradesh,ICICI,Yes Bank,iOS,WiFi,20,1,SUCCESS,0,0.5251037359083857,High Anomaly
TXN0000050349,2024-07-06 19:33:50,Bill Payment,Education,6197,18-25,46-55,Maharashtra,PNB,Axis,iOS,3G,19,1,SUCCESS,0,0.5250714359766555,High Anomaly
TXN0000133897,2024-06-01 08:16:45,P2P,Utilities,279,26-35,56+,West Bengal,PNB,Yes Bank,Web,5G,8,1,SUCCESS,0,0.5250678542211997,High Anomaly
TXN0000021484,2024-03-09 20:03:44,P2M,Fuel,994,18-25,36-45,Tamil Nadu,SBI,IndusInd,Web,3G,20,1,SUCCESS,0,0.5249985378786286,High Anomaly
TXN0000005858,2024-11-30 06:21:57,Bill Payment,Shopping,1906,26-35,56+,Karnataka,PNB,IndusInd,Web,4G,6,1,SUCCESS,0,0.524989949159405,High Anomaly
TXN0000154913,2024-08-22 14:45:21,Bill Payment,Utilities,4672,46-55,46-55,Gujarat,Yes Bank,PNB,iOS,3G,14,0,SUCCESS,0,0.5249885278094382,High Anomaly
TXN0000153484,2024-05-11 11:34:32,Recharge,Grocery,270,46-55,36-45,Karnataka,ICICI,PNB,iOS,WiFi,11,1,FAILED,0,0.5249728879673543,High Anomaly
TXN0000210140,2024-10-17 10:23:31,P2M,Shopping,4988,18-25,56+,West Bengal,Kotak,Axis,Web,5G,10,0,SUCCESS,0,0.5249685343022377,High Anomaly
TXN0000219853,2024-04-25 19:12:30,Recharge,Entertainment,362,26-35,18-25,Uttar Pradesh,Axis,IndusInd,Web,3G,19,0,SUCCESS,0,0.5249160732917918,High Anomaly
TXN0000143332,2024-02-21 13:45:39,Recharge,Fuel,1935,46-55,26-35,Rajasthan,IndusInd,HDFC,iOS,3G,13,0,SUCCESS,0,0.5248464755783546,High Anomaly
TXN0000157380,2024-06-01 13:15:24,Bill Payment,Healthcare,286,36-45,26-35,West Bengal,ICICI,SBI,Web,WiFi,13,1,SUCCESS,0,0.5248275465647395,High Anomaly
TXN0000024419,2024-08-28 12:54:30,Recharge,Healthcare,170,18-25,18-25,West Bengal,PNB,ICICI,Web,5G,12,0,SUCCESS,0,0.5248121899473709,High Anomaly
TXN0000164931,2024-02-04 21:06:31,P2M,Fuel,1577,18-25,56+,Uttar Pradesh,Yes Bank,PNB,Web,5G,21,1,SUCCESS,0,0.5248060167421885,High Anomaly
TXN0000195740,2024-12-22 22:40:29,Bill Payment,Utilities,7220,56+,26-35,Maharashtra,Yes Bank,Yes Bank,iOS,WiFi,22,1,SUCCESS,0,0.5248039896312249,High Anomaly
TXN0000223645,2024-12-18 18:05:34,Bill Payment,Grocery,683,56+,36-45,Gujarat,SBI,IndusInd,Web,3G,18,0,SUCCESS,0,0.5247809507756488,High Anomaly
TXN0000001072,2024-09-29 07:21:16,Bill Payment,Transport,454,26-35,18-25,Uttar Pradesh,HDFC,PNB,Web,WiFi,7,1,SUCCESS,0,0.5247574954751956,High Anomaly
TXN0000202451,2024-08-03 23:21:04,P2M,Utilities,1075,18-25,56+,Andhra Pradesh,HDFC,IndusInd,iOS,WiFi,23,1,SUCCESS,0,0.5247542675906932,High Anomaly
TXN0000061672,2024-04-20 22:13:12,Bill Payment,Other,266,46-55,26-35,Gujarat,IndusInd,IndusInd,Web,WiFi,22,1,SUCCESS,0,0.5247322036316958,High Anomaly
TXN0000077158,2024-07-17 22:59:22,Bill Payment,Entertainment,210,56+,18-25,West Bengal,Axis,PNB,Web,5G,22,0,SUCCESS,0,0.5247205454270114,High Anomaly
TXN0000018977,2024-11-11 12:09:48,Bill Payment,Transport,252,56+,46-55,Karnataka,HDFC,SBI,iOS,3G,12,0,SUCCESS,0,0.5247105855304485,High Anomaly
TXN0000154030,2024-11-24 08:18:23,Bill Payment,Other,158,18-25,56+,Gujarat,SBI,ICICI,iOS,WiFi,8,1,SUCCESS,0,0.5247003473175592,High Anomaly
TXN0000097323,2024-06-01 13:33:03,Bill Payment,Shopping,667,26-35,36-45,Karnataka,PNB,ICICI,Web,WiFi,13,1,SUCCESS,0,0.5246694841111523,High Anomaly
TXN0000026583,2024-06-09 08:49:08,Bill Payment,Grocery,113,56+,36-45,West Bengal,Yes Bank,SBI,iOS,3G,8,1,SUCCESS,0,0.5246676633645017,High Anomaly
TXN0000007987,2024-02-18 02:54:11,P2M,Fuel,1482,46-55,56+,Andhra Pradesh,IndusInd,Kotak,iOS,5G,2,1,SUCCESS,0,0.524621976096767,High Anomaly
TXN0000242585,2024-04-28 07:56:49,Bill Payment,Entertainment,206,56+,26-35,Rajasthan,HDFC,Yes Bank,iOS,5G,7,1,SUCCESS,0,0.524568308300338,High Anomaly
TXN0000224253,2024-11-30 12:40:36,P2P,Fuel,590,46-55,26-35,Maharashtra,PNB,Yes Bank,Web,3G,12,1,SUCCESS,0,0.5245320775395613,High Anomaly
TXN0000110019,2024-06-15 18:34:04,Bill Payment,Transport,118,46-55,36-45,Andhra Pradesh,ICICI,Axis,iOS,3G,18,1,SUCCESS,0,0.5245091303265526,High Anomaly
TXN0000216849,2024-08-08 04:01:47,Bill Payment,Shopping,189,56+,36-45,Rajasthan,IndusInd,HDFC,iOS,WiFi,4,0,SUCCESS,0,0.5244979495673168,High Anomaly
TXN0000121556,2024-09-28 08:19:37,Bill Payment,Food,811,26-35,46-55,West Bengal,SBI,ICICI,Web,3G,8,1,SUCCESS,0,0.5244648231413974,High Anomaly
TXN0000030665,2024-11-09 21:53:19,Bill Payment,Food,273,46-55,18-25,Tamil Nadu,ICICI,ICICI,iOS,WiFi,21,1,SUCCESS,0,0.5244210074664258,High Anomaly
TXN0000077045,2024-02-19 21:05:00,Bill Payment,Healthcare,877,56+,18-25,Rajasthan,PNB,SBI,Web,WiFi,21,0,SUCCESS,0,0.5244205985503192,High Anomaly
TXN0000151397,2024-09-22 23:50:04,Bill Payment,Transport,1092,26-35,18-25,West Bengal,ICICI,ICICI,Web,3G,23,1,SUCCESS,0,0.5244124158801003,High Anomaly
TXN0000225827,2024-01-24 19:02:50,P2M,Fuel,2836,46-55,46-55,West Bengal,Yes Bank,HDFC,Web,3G,19,0,SUCCESS,0,0.5244068300689348,High Anomaly
TXN0000164982,2024-07-08 17:00:27,Recharge,Entertainment,143,56+,26-35,Delhi,PNB,ICICI,Web,4G,17,0,SUCCESS,0,0.5243706449240939,High Anomaly
TXN0000244658,2024-06-30 08:13:39,P2P,Grocery,254,56+,36-45,Gujarat,Kotak,SBI,iOS,3G,8,1,SUCCESS,0,0.5243431452582531,High Anomaly
TXN0000099210,2024-06-16 20:48:46,Bill Payment,Other,188,56+,56+,Telangana,IndusInd,HDFC,iOS,5G,20,1,SUCCESS,0,0.5243407790886722,High Anomaly
TXN0000044035,2024-05-02 08:37:57,Bill Payment,Entertainment,199,56+,36-45,Delhi,ICICI,Kotak,Web,WiFi,8,0,SUCCESS,0,0.5243390158342558,High Anomaly
TXN0000046227,2024-08-15 11:42:43,Bill Payment,Grocery,495,46-55,56+,Maharashtra,Yes Bank,PNB,Web,WiFi,11,0,SUCCESS,0,0.5243371528676574,High Anomaly
TXN0000189400,2024-03-19 12:03:10,P2M,Utilities,1780,46-55,18-25,Maharashtra,Kotak,Yes Bank,Web,WiFi,12,0,SUCCESS,0,0.5243339104118134,High Anomaly
TXN0000061367,2024-11-05 22:02:48,P2M,Shopping,311,46-55,56+,Rajasthan,Yes Bank,Kotak,Web,4G,22,0,SUCCESS,0,0.5243055806285419,High Anomaly
TXN0000076547,2024-02-18 13:38:13,P2P,Healthcare,890,56+,36-45,Maharashtra,Axis,HDFC,Web,3G,13,1,SUCCESS,0,0.5243019379337522,High Anomaly
TXN0000184503,2024-01-28 10:01:57,Bill Payment,Utilities,11751,46-55,36-45,Delhi,Kotak,HDFC,iOS,5G,10,1,SUCCESS,0,0.5242611837828912,High Anomaly
TXN0000075218,2024-12-21 05:06:08,P2P,Shopping,342,26-35,36-45,Telangana,SBI,PNB,Web,3G,5,1,SUCCESS,0,0.524229150748518,High Anomaly
TXN0000207862,2024-02-01 21:26:29,P2M,Healthcare,1919,56+,36-45,West Bengal,Axis,Kotak,iOS,WiFi,21,0,FAILED,0,0.524188595906176,High Anomaly
TXN0000178306,2024-11-04 13:38:43,P2M,Education,1901,18-25,56+,Gujarat,IndusInd,SBI,Web,3G,13,0,SUCCESS,0,0.5241879902961726,High Anomaly
TXN0000188914,2024-12-21 11:37:57,Recharge,Fuel,2623,26-35,18-25,Delhi,PNB,ICICI,iOS,WiFi,11,1,SUCCESS,0,0.5241218081610117,High Anomaly
TXN0000120869,2024-06-23 18:52:44,Recharge,Food,493,46-55,26-35,Tamil Nadu,IndusInd,Kotak,iOS,WiFi,18,1,SUCCESS,0,0.5240952847182146,High Anomaly
TXN0000001153,2024-03-20 13:02:02,Bill Payment,Entertainment,227,18-25,56+,West Bengal,PNB,ICICI,iOS,WiFi,13,0,SUCCESS,0,0.5240812740259418,High Anomaly
TXN0000210742,2024-07-04 11:39:20,Recharge,Entertainment,275,56+,36-45,Andhra Pradesh,PNB,Axis,Android,3G,11,0,SUCCESS,0,0.524067044298133,High Anomaly
TXN0000126368,2024-07-30 03:15:36,P2P,Education,1552,46-55,26-35,Telangana,Axis,PNB,Web,3G,3,0,SUCCESS,0,0.5240444998486716,High Anomaly
TXN0000026178,2024-04-27 20:59:15,Bill Payment,Other,202,18-25,46-55,Rajasthan,IndusInd,Yes Bank,iOS,WiFi,20,1,SUCCESS,0,0.524035080676985,High Anomaly
TXN0000160019,2024-04-30 18:23:25,Recharge,Transport,50,46-55,26-35,West Bengal,IndusInd,SBI,Web,5G,18,0,SUCCESS,0,0.5239972173444879,High Anomaly
TXN0000136634,2024-08-11 16:24:23,Bill Payment,Other,393,36-45,46-55,Delhi,ICICI,Axis,iOS,WiFi,16,1,SUCCESS,0,0.523972067900038,High Anomaly
TXN0000108646,2024-09-08 20:21:53,Recharge,Entertainment,850,46-55,18-25,Uttar Pradesh,Kotak,SBI,iOS,WiFi,20,1,SUCCESS,0,0.5239539749134945,High Anomaly
TXN0000198927,2024-02-20 00:34:23,P2P,Utilities,4533,46-55,26-35,Andhra Pradesh,PNB,PNB,Web,WiFi,0,0,SUCCESS,0,0.5239288917654201,High Anomaly
TXN0000117506,2024-11-17 00:23:50,Bill Payment,Transport,483,46-55,36-45,Karnataka,Axis,ICICI,Web,5G,0,1,SUCCESS,0,0.523910616730992,High Anomaly
TXN0000047070,2024-11-30 12:23:19,Bill Payment,Grocery,1199,36-45,56+,Rajasthan,PNB,Kotak,Web,4G,12,1,SUCCESS,0,0.5239003964661846,High Anomaly
TXN0000162875,2024-10-08 14:14:26,P2M,Utilities,593,56+,26-35,Andhra Pradesh,SBI,PNB,Web,WiFi,14,0,SUCCESS,0,0.5238876710061209,High Anomaly
TXN0000238167,2024-06-15 15:21:02,Recharge,Entertainment,440,18-25,26-35,Maharashtra,SBI,PNB,Web,3G,15,1,SUCCESS,0,0.5238670693479546,High Anomaly
TXN0000221823,2024-05-12 13:12:08,P2P,Utilities,3971,56+,18-25,Gujarat,ICICI,IndusInd,Web,5G,13,1,SUCCESS,0,0.5238503909899066,High Anomaly
TXN0000065886,2024-04-14 00:32:42,P2P,Utilities,2873,56+,26-35,West Bengal,Yes Bank,Yes Bank,iOS,3G,0,1,SUCCESS,0,0.5238471412021976,High Anomaly
TXN0000004950,2024-05-22 16:28:10,Bill Payment,Fuel,451,56+,46-55,Gujarat,HDFC,SBI,iOS,3G,16,0,SUCCESS,0,0.5238372585342956,High Anomaly
TXN0000053465,2024-09-22 11:31:38,P2M,Grocery,347,56+,56+,Tamil Nadu,ICICI,Yes Bank,Web,4G,11,1,SUCCESS,0,0.523828577193329,High Anomaly
TXN0000218079,2024-04-28 21:24:38,Recharge,Grocery,179,18-25,18-25,Delhi,Yes Bank,HDFC,Web,WiFi,21,1,SUCCESS,0,0.5238084406862717,High Anomaly
TXN0000011693,2024-01-25 16:40:48,P2M,Other,1245,56+,26-35,Tamil Nadu,ICICI,PNB,Web,3G,16,0,SUCCESS,0,0.5237882107674772,High Anomaly
TXN0000169398,2024-02-13 19:18:11,P2M,Fuel,638,46-55,46-55,Andhra Pradesh,Axis,PNB,Web,WiFi,19,0,SUCCESS,0,0.5237789511833139,High Anomaly
TXN0000045739,2024-01-25 11:18:36,Bill Payment,Utilities,1232,46-55,26-35,Tamil Nadu,Kotak,IndusInd,iOS,WiFi,11,0,FAILED,0,0.5237674971537281,High Anomaly
TXN0000155405,2024-02-17 12:27:02,Recharge,Utilities,18716,36-45,36-45,Maharashtra,HDFC,Axis,Web,5G,12,1,SUCCESS,0,0.523765121370397,High Anomaly
TXN0000057652,2024-09-15 14:40:45,Recharge,Food,990,46-55,26-35,Tamil Nadu,Axis,Axis,Web,5G,14,1,FAILED,0,0.5237585288869094,High Anomaly
TXN0000177991,2024-04-28 13:21:51,P2P,Education,9739,46-55,26-35,Delhi,PNB,IndusInd,Web,5G,13,1,SUCCESS,0,0.5237580474292274,High Anomaly
TXN0000121428,2024-04-21 08:24:13,P2P,Fuel,2178,18-25,46-55,Telangana,Axis,HDFC,iOS,3G,8,1,SUCCESS,0,0.5237434561203818,High Anomaly
TXN0000210294,2024-12-28 12:42:17,P2P,Transport,71,18-25,26-35,Karnataka,PNB,Axis,Web,3G,12,1,SUCCESS,0,0.5237379390384921,High Anomaly
TXN0000173462,2024-01-30 12:02:34,P2P,Education,3614,36-45,46-55,Uttar Pradesh,PNB,Yes Bank,Web,3G,12,0,SUCCESS,0,0.5237171613901502,High Anomaly
TXN0000139706,2024-01-13 12:58:00,Recharge,Shopping,3278,56+,26-35,Tamil Nadu,IndusInd,Axis,Android,WiFi,12,1,SUCCESS,0,0.5236650237456281,High Anomaly
TXN0000133148,2024-06-20 17:57:40,P2M,Entertainment,181,46-55,46-55,Telangana,Yes Bank,IndusInd,iOS,3G,17,0,SUCCESS,0,0.5236619131791527,High Anomaly
TXN0000087127,2024-10-05 18:41:16,Recharge,Transport,76,26-35,26-35,Andhra Pradesh,Yes Bank,IndusInd,iOS,3G,18,1,SUCCESS,0,0.523654572067517,High Anomaly
TXN0000068795,2024-11-09 16:28:05,P2P,Education,1123,56+,18-25,Uttar Pradesh,Yes Bank,ICICI,Web,WiFi,16,1,SUCCESS,0,0.5236472553739593,High Anomaly
TXN0000138010,2024-05-07 13:20:10,Recharge,Food,994,18-25,18-25,Telangana,Yes Bank,Axis,Web,WiFi,13,0,SUCCESS,0,0.5236429132865172,High Anomaly
TXN0000174426,2024-09-24 08:03:24,Bill Payment,Grocery,383,46-55,46-55,Rajasthan,HDFC,HDFC,iOS,WiFi,8,0,SUCCESS,0,0.5236422790963526,High Anomaly
TXN0000130459,2024-08-10 20:33:59,P2M,Education,7934,26-35,18-25,Uttar Pradesh,Axis,PNB,Web,WiFi,20,1,SUCCESS,0,0.5236127060238901,High Anomaly
TXN0000128418,2024-11-05 10:55:58,Bill Payment,Fuel,536,46-55,56+,Rajasthan,SBI,HDFC,Web,5G,10,0,SUCCESS,0,0.5235693787161964,High Anomaly
TXN0000196771,2024-04-28 01:00:09,Recharge,Shopping,477,18-25,36-45,Uttar Pradesh,SBI,Yes Bank,Web,5G,1,1,SUCCESS,0,0.5235679173282252,High Anomaly
TXN0000191033,2024-07-27 13:29:35,Recharge,Fuel,1257,46-55,18-25,Rajasthan,PNB,PNB,iOS,5G,13,1,SUCCESS,0,0.5235562813092947,High Anomaly
TXN0000209031,2024-12-07 22:30:46,P2M,Shopping,1646,56+,56+,Tamil Nadu,Kotak,Yes Bank,iOS,5G,22,1,SUCCESS,0,0.5235457433735018,High Anomaly
TXN0000077423,2024-09-26 11:13:17,P2P,Other,463,36-45,56+,Andhra Pradesh,Axis,Yes Bank,Web,WiFi,11,0,SUCCESS,0,0.5235266500989222,High Anomaly
TXN0000099450,2024-01-31 22:21:42,Recharge,Entertainment,194,26-35,36-45,Delhi,Axis,SBI,Web,WiFi,22,0,SUCCESS,0,0.5235161025348946,High Anomaly
TXN0000137435,2024-02-03 15:18:05,P2P,Utilities,3771,26-35,46-55,Telangana,ICICI,Kotak,Web,WiFi,15,1,SUCCESS,0,0.5235034191066772,High Anomaly
TXN0000150063,2024-12-16 12:43:11,P2M,Healthcare,1387,56+,26-35,Telangana,Axis,Kotak,iOS,WiFi,12,0,SUCCESS,0,0.5234941047833346,High Anomaly
TXN0000083858,2024-02-08 20:01:10,P2P,Education,5533,18-25,46-55,Tamil Nadu,HDFC,Kotak,Web,3G,20,0,FAILED,0,0.5234693737235263,High Anomaly
TXN0000208140,2024-05-12 11:58:33,Bill Payment,Fuel,2836,56+,18-25,Tamil Nadu,ICICI,IndusInd,iOS,5G,11,1,SUCCESS,0,0.5234502022149022,High Anomaly
TXN0000017553,2024-03-16 00:39:06,P2M,Transport,234,46-55,18-25,West Bengal,Kotak,HDFC,Web,5G,0,1,SUCCESS,0,0.5234404682661482,High Anomaly
TXN0000203282,2024-01-23 19:52:51,P2P,Entertainment,214,18-25,56+,Maharashtra,PNB,Axis,Web,3G,19,0,SUCCESS,0,0.5234292926849403,High Anomaly
TXN0000140418,2024-06-21 11:32:11,Bill Payment,Healthcare,261,36-45,36-45,Karnataka,HDFC,IndusInd,Web,WiFi,11,0,SUCCESS,0,0.5234116415755771,High Anomaly
TXN0000110589,2024-09-08 09:42:28,Bill Payment,Grocery,331,56+,46-55,West Bengal,Axis,Axis,iOS,5G,9,1,SUCCESS,0,0.5234106708647119,High Anomaly
TXN0000057511,2024-04-30 07:01:30,Recharge,Transport,237,56+,26-35,Tamil Nadu,SBI,IndusInd,iOS,WiFi,7,0,SUCCESS,0,0.5233905496297602,High Anomaly
TXN0000002324,2024-11-16 06:35:00,P2P,Transport,56,26-35,18-25,West Bengal,Kotak,IndusInd,iOS,3G,6,1,SUCCESS,0,0.523389183208909,High Anomaly
TXN0000157132,2024-10-13 18:53:48,Recharge,Entertainment,178,46-55,56+,Gujarat,Axis,Axis,Android,4G,18,1,SUCCESS,0,0.5233749751909613,High Anomaly
TXN0000019586,2024-01-09 17:57:08,Bill Payment,Other,222,56+,56+,Maharashtra,HDFC,Axis,Web,5G,17,0,SUCCESS,0,0.5233471108966147,High Anomaly
TXN0000071856,2024-10-12 14:51:06,P2P,Education,4185,26-35,56+,Andhra Pradesh,SBI,Yes Bank,Web,WiFi,14,1,SUCCESS,0,0.5233383277416264,High Anomaly
TXN0000102532,2024-12-25 23:06:28,Bill Payment,Fuel,679,36-45,56+,Rajasthan,ICICI,IndusInd,Android,3G,23,0,SUCCESS,0,0.5233342859267731,High Anomaly
TXN0000098548,2024-02-03 07:44:27,Bill Payment,Transport,50,26-35,18-25,Delhi,Yes Bank,Kotak,Web,WiFi,7,1,SUCCESS,0,0.5233125677267514,High Anomaly
TXN0000041111,2024-08-31 09:53:44,P2M,Education,1939,36-45,36-45,Maharashtra,PNB,Axis,Web,WiFi,9,1,SUCCESS,0,0.5233073977368954,High Anomaly
TXN0000106099,2024-04-20 01:37:38,P2M,Grocery,236,18-25,46-55,Rajasthan,ICICI,Axis,Web,WiFi,1,1,SUCCESS,0,0.5232962201855367,High Anomaly
TXN0000127586,2024-12-01 16:46:39,Bill Payment,Grocery,2656,56+,46-55,Gujarat,Yes Bank,IndusInd,iOS,5G,16,1,SUCCESS,0,0.5232787720491169,High Anomaly
TXN0000109585,2024-08-03 14:47:09,P2P,Entertainment,65,56+,36-45,Gujarat,PNB,IndusInd,iOS,5G,14,1,SUCCESS,0,0.5232308584752539,High Anomaly
TXN0000052014,2024-10-28 00:29:37,Bill Payment,Shopping,2073,46-55,36-45,Gujarat,HDFC,IndusInd,Web,5G,0,0,SUCCESS,0,0.5232110173760227,High Anomaly
TXN0000123716,2024-04-07 18:55:06,Recharge,Shopping,2002,56+,26-35,Telangana,IndusInd,Yes Bank,Android,WiFi,18,1,SUCCESS,0,0.5232024047979015,High Anomaly
TXN0000014560,2024-07-21 23:27:47,Bill Payment,Other,236,18-25,26-35,Karnataka,ICICI,IndusInd,Web,WiFi,23,1,SUCCESS,0,0.5231840110642755,High Anomaly
TXN0000227807,2024-04-26 20:55:33,Recharge,Transport,119,46-55,18-25,Delhi,ICICI,Kotak,iOS,WiFi,20,0,SUCCESS,0,0.5231828884378064,High Anomaly
TXN0000068501,2024-10-12 02:38:08,Bill Payment,Entertainment,157,26-35,46-55,Tamil Nadu,SBI,PNB,iOS,3G,2,1,SUCCESS,0,0.5231728927281353,High Anomaly
TXN0000243789,2024-01-11 05:16:41,Bill Payment,Other,149,56+,18-25,Uttar Pradesh,Kotak,PNB,iOS,5G,5,0,SUCCESS,0,0.5231692865890512,High Anomaly
TXN0000018912,2024-11-23 07:37:36,Bill Payment,Transport,366,56+,36-45,Gujarat,SBI,Axis,iOS,3G,7,1,SUCCESS,0,0.5231222330695665,High Anomaly
TXN0000107718,2024-08-07 17:46:36,Bill Payment,Healthcare,174,18-25,56+,Tamil Nadu,ICICI,Axis,iOS,3G,17,0,SUCCESS,0,0.5230869388657934,High Anomaly
TXN0000222464,2024-11-23 15:02:51,Bill Payment,Grocery,229,56+,26-35,Gujarat,HDFC,PNB,Web,5G,15,1,SUCCESS,0,0.523062654679506,High Anomaly
TXN0000179573,2024-07-04 13:13:32,Recharge,Grocery,376,18-25,46-55,Tamil Nadu,Axis,Yes Bank,Web,WiFi,13,0,SUCCESS,0,0.5230529535302881,High Anomaly
TXN0000041952,2024-05-22 08:37:12,Recharge,Food,325,36-45,56+,Telangana,SBI,Yes Bank,iOS,WiFi,8,0,SUCCESS,0,0.5230043229942644,High Anomaly
TXN0000133903,2024-03-02 18:33:47,Bill Payment,Shopping,2238,46-55,26-35,Gujarat,Yes Bank,Kotak,iOS,WiFi,18,1,SUCCESS,0,0.5229937028884735,High Anomaly
TXN0000217439,2024-02-17 11:00:14,Recharge,Shopping,1977,56+,26-35,Andhra Pradesh,ICICI,Yes Bank,Web,4G,11,1,SUCCESS,0,0.5229818515697705,High Anomaly
TXN0000041513,2024-05-26 09:07:56,Bill Payment,Grocery,3629,36-45,46-55,Delhi,ICICI,HDFC,iOS,WiFi,9,1,SUCCESS,0,0.5229746605361512,High Anomaly
TXN0000118368,2024-12-02 20:15:46,P2M,Utilities,3091,56+,56+,Tamil Nadu,ICICI,PNB,Web,5G,20,0,SUCCESS,0,0.5229611988324641,High Anomaly
TXN0000203374,2024-07-24 20:18:41,Bill Payment,Education,3588,46-55,46-55,Rajasthan,HDFC,PNB,iOS,5G,20,0,SUCCESS,0,0.5229471928288071,High Anomaly
TXN0000085530,2024-11-24 16:13:09,P2M,Shopping,6468,18-25,56+,Telangana,HDFC,Axis,iOS,WiFi,16,1,FAILED,0,0.5229365451768702,High Anomaly
TXN0000071930,2024-06-29 23:37:58,P2M,Shopping,1796,36-45,36-45,Telangana,HDFC,Kotak,Web,WiFi,23,1,SUCCESS,0,0.52292297168903,High Anomaly
TXN0000216292,2024-03-30 21:27:10,Bill Payment,Grocery,377,46-55,36-45,Gujarat,SBI,Axis,Web,WiFi,21,1,SUCCESS,0,0.5229216473276584,High Anomaly
TXN0000118353,2024-04-02 21:36:25,Bill Payment,Shopping,425,46-55,56+,Gujarat,Kotak,IndusInd,iOS,3G,21,0,SUCCESS,0,0.5229048587578962,High Anomaly
TXN0000145400,2024-07-03 19:42:07,Bill Payment,Shopping,1124,56+,46-55,Maharashtra,ICICI,ICICI,iOS,WiFi,19,0,SUCCESS,0,0.5228692795255302,High Anomaly
TXN0000210399,2024-09-24 16:33:35,Recharge,Transport,87,46-55,56+,Rajasthan,ICICI,Kotak,iOS,4G,16,0,SUCCESS,0,0.5228690261277176,High Anomaly
TXN0000137039,2024-11-16 13:10:18,Bill Payment,Fuel,1642,26-35,36-45,Delhi,Yes Bank,IndusInd,Web,WiFi,13,1,SUCCESS,0,0.5228577779366621,High Anomaly
TXN0000233977,2024-09-21 14:45:43,Bill Payment,Transport,271,36-45,26-35,Rajasthan,Axis,PNB,iOS,WiFi,14,1,SUCCESS,0,0.5228462869853735,High Anomaly
TXN0000174424,2024-07-13 16:48:12,Recharge,Shopping,7563,18-25,26-35,Rajasthan,SBI,IndusInd,Web,5G,16,1,SUCCESS,0,0.5228448926402365,High Anomaly
TXN0000169867,2024-05-27 11:09:00,Bill Payment,Fuel,4660,26-35,46-55,Karnataka,SBI,Kotak,Web,WiFi,11,0,SUCCESS,0,0.522838432022729,High Anomaly
TXN0000213831,2024-04-28 11:53:01,P2P,Education,17803,46-55,18-25,Tamil Nadu,Yes Bank,PNB,iOS,WiFi,11,1,FAILED,0,0.5227664339498848,High Anomaly
TXN0000054291,2024-10-31 22:50:36,Recharge,Grocery,217,18-25,56+,Karnataka,PNB,HDFC,iOS,3G,22,0,SUCCESS,0,0.5227654626087038,High Anomaly
TXN0000018635,2024-01-12 20:02:44,P2M,Education,1796,46-55,36-45,Karnataka,IndusInd,Axis,Web,WiFi,20,0,SUCCESS,0,0.5227520966298381,High Anomaly
TXN0000038874,2024-08-08 13:08:42,Bill Payment,Utilities,479,46-55,36-45,Andhra Pradesh,Kotak,Yes Bank,Web,5G,13,0,FAILED,0,0.5227121085600938,High Anomaly
TXN0000007544,2024-12-28 19:44:24,Recharge,Entertainment,98,46-55,26-35,Rajasthan,SBI,Yes Bank,Web,4G,19,1,SUCCESS,0,0.5226951367693304,High Anomaly
TXN0000102740,2024-06-02 09:01:32,Recharge,Transport,431,46-55,26-35,Maharashtra,IndusInd,Kotak,iOS,3G,9,1,SUCCESS,0,0.5226873144444198,High Anomaly
TXN0000203381,2024-06-09 18:03:32,Bill Payment,Shopping,506,46-55,18-25,Uttar Pradesh,Yes Bank,Yes Bank,iOS,3G,18,1,SUCCESS,0,0.5226826240935477,High Anomaly
TXN0000084980,2024-06-24 12:07:29,Recharge,Education,1123,46-55,18-25,Andhra Pradesh,Axis,HDFC,Web,4G,12,0,SUCCESS,0,0.522680338004615,High Anomaly
TXN0000140150,2024-03-09 16:16:13,P2P,Education,7178,36-45,56+,Tamil Nadu,Axis,IndusInd,iOS,WiFi,16,1,SUCCESS,0,0.5226708902155998,High Anomaly
TXN0000054492,2024-02-09 17:26:52,Bill Payment,Shopping,373,56+,36-45,Karnataka,IndusInd,PNB,Web,4G,17,0,SUCCESS,0,0.5226651991103676,High Anomaly
TXN0000140638,2024-09-09 19:31:37,P2M,Utilities,3679,46-55,36-45,Maharashtra,Axis,PNB,Web,WiFi,19,0,SUCCESS,0,0.5226570799193894,High Anomaly
TXN0000121435,2024-07-13 08:31:59,P2M,Grocery,1943,26-35,56+,Tamil Nadu,Kotak,IndusInd,iOS,3G,8,1,SUCCESS,0,0.5226169183012314,High Anomaly
TXN0000016350,2024-05-11 21:13:34,P2M,Entertainment,364,26-35,56+,Andhra Pradesh,Yes Bank,Yes Bank,iOS,3G,21,1,SUCCESS,0,0.5226112875368182,High Anomaly
TXN0000246425,2024-04-21 21:00:07,Recharge,Food,119,26-35,46-55,Rajasthan,IndusInd,PNB,Web,5G,21,1,SUCCESS,0,0.5225647884451327,High Anomaly
TXN0000197086,2024-03-30 18:10:47,Recharge,Food,617,36-45,56+,Telangana,ICICI,ICICI,iOS,WiFi,18,1,SUCCESS,0,0.5225590522268875,High Anomaly
TXN0000158504,2024-09-17 13:41:04,Bill Payment,Education,8933,26-35,26-35,Maharashtra,ICICI,PNB,Web,WiFi,13,0,SUCCESS,0,0.5225421841794893,High Anomaly
TXN0000138654,2024-12-18 00:55:52,P2P,Shopping,1697,56+,36-45,West Bengal,IndusInd,Yes Bank,iOS,3G,0,0,SUCCESS,0,0.5225346218830126,High Anomaly
TXN0000103633,2024-06-15 20:34:08,Bill Payment,Entertainment,265,26-35,26-35,Tamil Nadu,Yes Bank,ICICI,Web,WiFi,20,1,SUCCESS,0,0.5225277515848925,High Anomaly
TXN0000126963,2024-08-24 18:04:29,P2M,Transport,33,18-25,56+,Rajasthan,PNB,Axis,iOS,3G,18,1,SUCCESS,0,0.52252219754904,High Anomaly
TXN0000073212,2024-12-26 22:36:17,P2P,Fuel,651,46-55,56+,Telangana,ICICI,SBI,Web,WiFi,22,0,SUCCESS,0,0.52250314649642,High Anomaly
TXN0000186802,2024-01-14 09:49:29,P2M,Shopping,211,46-55,56+,Uttar Pradesh,ICICI,Kotak,iOS,3G,9,1,SUCCESS,0,0.5225028744133645,High Anomaly
TXN0000123067,2024-06-02 17:30:09,Recharge,Food,86,46-55,46-55,West Bengal,HDFC,Axis,Web,4G,17,1,FAILED,0,0.5224903446905746,High Anomaly
TXN0000030182,2024-06-11 02:33:07,Recharge,Grocery,1648,56+,18-25,Uttar Pradesh,IndusInd,Yes Bank,Web,4G,2,0,SUCCESS,0,0.5224898266923279,High Anomaly
TXN0000101003,2024-06-17 18:29:22,Recharge,Entertainment,202,56+,36-45,Gujarat,ICICI,HDFC,iOS,WiFi,18,0,SUCCESS,0,0.5224882430348781,High Anomaly
TXN0000085135,2024-01-14 21:59:52,Recharge,Food,164,26-35,56+,Maharashtra,Yes Bank,PNB,Web,5G,21,1,SUCCESS,0,0.522478639841198,High Anomaly
TXN0000055061,2024-06-16 10:08:58,P2P,Fuel,1263,56+,46-55,Telangana,Kotak,HDFC,iOS,WiFi,10,1,SUCCESS,0,0.5224752187070008,High Anomaly
TXN0000054506,2024-01-22 16:46:28,Recharge,Fuel,1202,18-25,46-55,Tamil Nadu,HDFC,Kotak,iOS,WiFi,16,0,SUCCESS,0,0.5224671434780445,High Anomaly
TXN0000205476,2024-06-16 08:16:41,P2P,Other,327,46-55,46-55,West Bengal,Axis,Yes Bank,Web,5G,8,1,SUCCESS,0,0.5224605071866847,High Anomaly
TXN0000085318,2024-01-25 21:41:22,P2M,Shopping,3251,56+,18-25,West Bengal,Kotak,SBI,Web,WiFi,21,0,SUCCESS,0,0.5224431349615506,High Anomaly
TXN0000119777,2024-01-01 19:40:29,P2M,Grocery,4418,56+,46-55,Maharashtra,Kotak,SBI,Web,WiFi,19,0,SUCCESS,0,0.5224118808867843,High Anomaly
TXN0000082792,2024-01-25 19:11:55,Bill Payment,Shopping,865,18-25,36-45,Rajasthan,HDFC,Axis,Web,3G,19,0,SUCCESS,0,0.5224114686343703,High Anomaly
TXN0000188295,2024-03-10 17:05:55,P2P,Transport,101,56+,46-55,Tamil Nadu,Kotak,Yes Bank,Web,4G,17,1,SUCCESS,0,0.522406770251494,High Anomaly
TXN0000167388,2024-08-11 05:59:45,P2M,Food,286,36-45,26-35,Tamil Nadu,PNB,Yes Bank,Web,WiFi,5,1,SUCCESS,0,0.5223869365888728,High Anomaly
TXN0000063356,2024-04-21 20:07:57,Bill Payment,Grocery,465,46-55,18-25,Karnataka,Kotak,IndusInd,iOS,WiFi,20,1,SUCCESS,0,0.5223847745083952,High Anomaly
TXN0000063684,2024-10-10 08:04:40,Recharge,Education,6205,56+,46-55,Maharashtra,IndusInd,HDFC,Android,5G,8,0,SUCCESS,0,0.5223778742275509,High Anomaly
TXN0000099440,2024-04-04 18:41:35,Recharge,Other,1034,18-25,56+,West Bengal,Axis,PNB,Web,4G,18,0,SUCCESS,0,0.5223777027415627,High Anomaly
TXN0000245843,2024-08-25 17:34:58,Bill Payment,Entertainment,142,56+,46-55,Delhi,HDFC,ICICI,iOS,WiFi,17,1,SUCCESS,0,0.5223632517110133,High Anomaly
TXN0000083800,2024-02-10 21:01:55,P2P,Entertainment,243,56+,36-45,Karnataka,Axis,IndusInd,Web,5G,21,1,SUCCESS,0,0.5223541597104678,High Anomaly
TXN0000101911,2024-03-23 10:18:33,Recharge,Transport,309,36-45,26-35,Andhra Pradesh,ICICI,ICICI,iOS,WiFi,10,1,SUCCESS,0,0.5223051688273043,High Anomaly
TXN0000120160,2024-03-27 00:14:12,Recharge,Transport,294,56+,46-55,Karnataka,Axis,IndusInd,iOS,4G,0,0,SUCCESS,0,0.5222835668422973,High Anomaly
TXN0000241929,2024-03-18 17:58:30,Recharge,Fuel,484,46-55,18-25,Rajasthan,PNB,ICICI,iOS,WiFi,17,0,SUCCESS,0,0.522265106314073,High Anomaly
TXN0000098094,2024-10-20 12:49:38,P2M,Grocery,192,46-55,56+,West Bengal,PNB,Yes Bank,Web,5G,12,1,SUCCESS,0,0.5222454321114021,High Anomaly
TXN0000228362,2024-09-16 21:10:30,Recharge,Utilities,691,56+,18-25,Delhi,IndusInd,ICICI,iOS,4G,21,0,SUCCESS,0,0.5222443401233898,High Anomaly
TXN0000003754,2024-09-30 12:42:43,Recharge,Entertainment,75,56+,26-35,Andhra Pradesh,Kotak,IndusInd,iOS,4G,12,0,SUCCESS,0,0.5222015342496555,High Anomaly
TXN0000078079,2024-09-20 23:22:14,P2M,Food,99,56+,46-55,Delhi,PNB,IndusInd,Web,5G,23,0,SUCCESS,0,0.5221791730810339,High Anomaly
TXN0000148460,2024-03-17 12:06:49,P2P,Education,13814,46-55,18-25,Karnataka,Yes Bank,HDFC,Web,5G,12,1,SUCCESS,0,0.5221766512832416,High Anomaly
TXN0000209035,2024-02-20 13:36:17,Recharge,Entertainment,294,36-45,56+,Tamil Nadu,Axis,PNB,Android,WiFi,13,0,SUCCESS,0,0.5221663769715899,High Anomaly
TXN0000035890,2024-10-19 02:26:39,P2M,Utilities,415,56+,36-45,Telangana,Kotak,SBI,iOS,WiFi,2,1,SUCCESS,0,0.5221550728560475,High Anomaly
TXN0000055859,2024-10-23 15:38:21,Recharge,Food,246,56+,18-25,Tamil Nadu,Kotak,Kotak,iOS,3G,15,0,SUCCESS,0,0.5221544675516974,High Anomaly
TXN0000230210,2024-03-29 19:44:20,Bill Payment,Transport,665,18-25,56+,Telangana,PNB,PNB,Web,5G,19,0,SUCCESS,0,0.5221358633849817,High Anomaly
TXN0000067035,2024-01-03 12:20:22,Bill Payment,Shopping,287,36-45,26-35,Karnataka,PNB,HDFC,Web,3G,12,0,SUCCESS,0,0.5221244189772299,High Anomaly
TXN0000014105,2024-11-26 21:35:11,Bill Payment,Shopping,2992,56+,26-35,Uttar Pradesh,SBI,Yes Bank,Web,3G,21,0,FAILED,0,0.5220973616174306,High Anomaly
TXN0000121616,2024-07-06 14:10:41,Recharge,Shopping,796,26-35,36-45,Andhra Pradesh,SBI,PNB,Web,5G,14,1,SUCCESS,0,0.5220658383067481,High Anomaly
TXN0000188651,2024-04-19 12:09:56,P2M,Healthcare,637,56+,26-35,Karnataka,PNB,HDFC,Web,3G,12,0,SUCCESS,0,0.5220607113765882,High Anomaly
TXN0000212160,2024-05-03 19:47:40,Recharge,Fuel,3358,56+,36-45,Andhra Pradesh,Axis,ICICI,Web,4G,19,0,SUCCESS,0,0.5220540533579161,High Anomaly
TXN0000016542,2024-04-11 22:50:35,Recharge,Grocery,259,56+,56+,Uttar Pradesh,HDFC,Yes Bank,Android,3G,22,0,SUCCESS,0,0.5220268635641632,High Anomaly
TXN0000225211,2024-09-01 07:41:47,Recharge,Fuel,412,56+,26-35,Karnataka,ICICI,HDFC,Android,WiFi,7,1,SUCCESS,0,0.5220106302610006,High Anomaly
TXN0000240289,2024-05-09 18:17:55,P2P,Entertainment,153,46-55,18-25,West Bengal,PNB,Axis,Web,3G,18,0,SUCCESS,0,0.5219810941302261,High Anomaly
TXN0000162873,2024-08-09 22:14:17,Bill Payment,Other,441,36-45,46-55,Delhi,PNB,Axis,Web,WiFi,22,0,SUCCESS,0,0.5219551841974006,High Anomaly
TXN0000026802,2024-12-05 13:07:23,Recharge,Entertainment,200,36-45,46-55,Delhi,IndusInd,PNB,iOS,3G,13,0,SUCCESS,0,0.5219385553752821,High Anomaly
TXN0000033617,2024-10-18 08:10:07,P2P,Fuel,366,26-35,46-55,Tamil Nadu,ICICI,ICICI,Web,WiFi,8,0,SUCCESS,0,0.5219360431472579,High Anomaly
TXN0000008443,2024-06-08 13:28:40,Bill Payment,Education,4390,26-35,46-55,Gujarat,SBI,Axis,iOS,WiFi,13,1,SUCCESS,0,0.52191396639118,High Anomaly
TXN0000177698,2024-05-21 21:13:28,Bill Payment,Shopping,472,46-55,36-45,Gujarat,SBI,Kotak,Web,WiFi,21,0,SUCCESS,0,0.5219118834476513,High Anomaly
TXN0000147858,2024-02-05 13:58:08,P2P,Utilities,5511,46-55,18-25,Gujarat,ICICI,HDFC,Web,WiFi,13,0,SUCCESS,0,0.5218810246986572,High Anomaly
TXN0000144742,2024-10-15 15:45:00,P2M,Healthcare,519,26-35,56+,Maharashtra,Kotak,IndusInd,Web,3G,15,0,SUCCESS,0,0.5218545265203532,High Anomaly
TXN0000118748,2024-05-12 22:40:50,Recharge,Other,484,26-35,56+,Maharashtra,IndusInd,PNB,Web,4G,22,1,SUCCESS,0,0.5218474167107279,High Anomaly
TXN0000093933,2024-12-05 07:47:58,Bill Payment,Entertainment,124,18-25,36-45,Tamil Nadu,PNB,PNB,Web,3G,7,0,SUCCESS,0,0.5217946481181689,High Anomaly
TXN0000203151,2024-10-07 12:32:43,P2M,Shopping,249,18-25,36-45,Telangana,HDFC,ICICI,Web,3G,12,0,SUCCESS,0,0.5217913018035071,High Anomaly
TXN0000005483,2024-01-02 02:56:31,Recharge,Grocery,646,26-35,56+,Uttar Pradesh,PNB,PNB,Web,4G,2,0,SUCCESS,0,0.5217781401662827,High Anomaly
TXN0000060047,2024-01-07 13:44:32,Recharge,Shopping,2295,46-55,26-35,Gujarat,ICICI,Kotak,Web,4G,13,1,SUCCESS,0,0.5217745410113654,High Anomaly
TXN0000120893,2024-07-14 16:12:38,Recharge,Transport,161,26-35,56+,Tamil Nadu,Axis,IndusInd,Android,WiFi,16,1,SUCCESS,0,0.5217700582396991,High Anomaly
TXN0000194050,2024-06-21 11:28:08,P2M,Other,2539,46-55,56+,Gujarat,PNB,Kotak,iOS,WiFi,11,0,SUCCESS,0,0.5217417745604953,High Anomaly
TXN0000238356,2024-07-21 08:20:05,P2M,Shopping,4391,18-25,56+,Delhi,HDFC,IndusInd,Web,5G,8,1,SUCCESS,0,0.5217407273694922,High Anomaly
TXN0000139391,2024-11-26 17:59:40,Bill Payment,Education,12323,36-45,46-55,Karnataka,Kotak,PNB,iOS,5G,17,0,SUCCESS,0,0.521733294761056,High Anomaly
TXN0000137742,2024-08-07 18:27:28,Bill Payment,Food,213,56+,46-55,Maharashtra,Kotak,HDFC,iOS,WiFi,18,0,SUCCESS,0,0.5217323796849156,High Anomaly
TXN0000005795,2024-06-30 19:28:31,Bill Payment,Transport,51,36-45,46-55,Gujarat,ICICI,PNB,iOS,3G,19,1,SUCCESS,0,0.5217321308071851,High Anomaly
TXN0000069930,2024-02-23 07:08:59,Recharge,Food,39,56+,26-35,Rajasthan,Kotak,HDFC,iOS,5G,7,0,SUCCESS,0,0.5217237563619764,High Anomaly
TXN0000219674,2024-11-09 20:52:45,Recharge,Entertainment,239,26-35,36-45,Gujarat,Kotak,Kotak,iOS,WiFi,20,1,SUCCESS,0,0.5217207838560735,High Anomaly
TXN0000240559,2024-01-04 20:41:44,P2M,Transport,379,46-55,56+,West Bengal,IndusInd,Axis,Web,5G,20,0,SUCCESS,0,0.5217200176680025,High Anomaly
TXN0000061665,2024-11-19 23:30:59,P2M,Education,1597,18-25,56+,Telangana,IndusInd,IndusInd,Web,4G,23,0,SUCCESS,0,0.5217166615323905,High Anomaly
TXN0000128705,2024-05-01 13:19:23,Bill Payment,Food,38,56+,56+,Maharashtra,Kotak,IndusInd,iOS,4G,13,0,SUCCESS,0,0.5217039383768516,High Anomaly
TXN0000196013,2024-08-01 06:12:29,Recharge,Shopping,3504,36-45,46-55,Uttar Pradesh,Kotak,PNB,Android,WiFi,6,0,SUCCESS,0,0.5217031338135051,High Anomaly
TXN0000014254,2024-10-04 21:44:21,Bill Payment,Entertainment,304,56+,18-25,Telangana,Kotak,ICICI,iOS,WiFi,21,0,SUCCESS,0,0.5216957717000007,High Anomaly
TXN0000029814,2024-10-20 21:02:58,Recharge,Transport,133,26-35,36-45,Rajasthan,IndusInd,PNB,iOS,WiFi,21,1,SUCCESS,0,0.5216778517166728,High Anomaly
TXN0000211012,2024-04-18 05:10:14,Recharge,Food,194,56+,26-35,Uttar Pradesh,SBI,HDFC,iOS,WiFi,5,0,SUCCESS,0,0.5216675399152356,High Anomaly
TXN0000148598,2024-07-31 13:11:28,Recharge,Healthcare,597,36-45,26-35,Uttar Pradesh,Yes Bank,Axis,Web,3G,13,0,SUCCESS,0,0.5216645402205041,High Anomaly
TXN0000137045,2024-07-28 21:43:54,Bill Payment,Transport,98,56+,56+,Rajasthan,Axis,IndusInd,Android,5G,21,1,SUCCESS,0,0.5216455103962687,High Anomaly
TXN0000242379,2024-11-07 12:26:57,Recharge,Grocery,2088,46-55,46-55,Tamil Nadu,ICICI,ICICI,iOS,WiFi,12,0,SUCCESS,0,0.5216349664615318,High Anomaly
TXN0000183434,2024-02-07 08:42:18,P2M,Transport,307,56+,26-35,Rajasthan,Kotak,IndusInd,Web,WiFi,8,0,FAILED,0,0.5216329649009702,High Anomaly
TXN0000186138,2024-08-18 02:42:57,P2M,Shopping,6940,46-55,18-25,Uttar Pradesh,ICICI,IndusInd,iOS,WiFi,2,1,SUCCESS,0,0.521631705457928,High Anomaly
TXN0000003261,2024-03-31 08:52:28,Bill Payment,Utilities,4156,36-45,18-25,Delhi,SBI,HDFC,iOS,WiFi,8,1,SUCCESS,0,0.5216247929825513,High Anomaly
TXN0000234996,2024-05-14 22:50:41,P2M,Entertainment,1463,18-25,56+,Andhra Pradesh,Kotak,ICICI,Web,5G,22,0,SUCCESS,0,0.5216139591985951,High Anomaly
TXN0000125402,2024-12-26 18:02:09,Recharge,Entertainment,93,36-45,36-45,Andhra Pradesh,IndusInd,Yes Bank,iOS,5G,18,0,SUCCESS,0,0.5215572034654192,High Anomaly
TXN0000124369,2024-09-13 11:07:22,Recharge,Utilities,7618,26-35,36-45,Uttar Pradesh,PNB,ICICI,Web,5G,11,0,SUCCESS,0,0.5215216129395085,High Anomaly
TXN0000216443,2024-06-29 17:22:42,P2M,Healthcare,951,46-55,46-55,Tamil Nadu,Axis,SBI,iOS,WiFi,17,1,SUCCESS,0,0.5215190223257704,High Anomaly
TXN0000058849,2024-07-06 09:44:35,P2P,Fuel,6868,36-45,36-45,Telangana,HDFC,PNB,Web,WiFi,9,1,SUCCESS,0,0.5215125780732554,High Anomaly
TXN0000098492,2024-01-05 08:18:30,Bill Payment,Transport,63,18-25,56+,Gujarat,HDFC,PNB,iOS,5G,8,0,SUCCESS,0,0.5215105727268198,High Anomaly
TXN0000135814,2024-11-03 09:14:55,Recharge,Food,48,46-55,18-25,Gujarat,ICICI,HDFC,Web,4G,9,1,SUCCESS,0,0.5214982048675195,High Anomaly
TXN0000098725,2024-04-13 08:20:28,Bill Payment,Utilities,2371,36-45,36-45,Telangana,IndusInd,Yes Bank,iOS,WiFi,8,1,SUCCESS,0,0.5214583115906327,High Anomaly
TXN0000043112,2024-10-19 08:21:22,Bill Payment,Shopping,455,46-55,18-25,Telangana,IndusInd,HDFC,iOS,3G,8,1,SUCCESS,0,0.5214532541378113,High Anomaly
TXN0000243149,2024-11-16 23:02:31,Recharge,Entertainment,285,36-45,18-25,Rajasthan,Kotak,Yes Bank,Web,4G,23,1,SUCCESS,0,0.5214315408490221,High Anomaly
TXN0000133947,2024-07-17 15:37:43,Bill Payment,Food,102,56+,56+,Andhra Pradesh,Yes Bank,PNB,Web,4G,15,0,SUCCESS,0,0.5214201339517722,High Anomaly
TXN0000100021,2024-09-22 21:23:52,Bill Payment,Grocery,1398,46-55,36-45,Tamil Nadu,PNB,Yes Bank,iOS,WiFi,21,1,SUCCESS,0,0.5213934811287503,High Anomaly
TXN0000214839,2024-09-25 21:51:13,Recharge,Transport,414,46-55,56+,Rajasthan,Yes Bank,HDFC,iOS,5G,21,0,SUCCESS,0,0.5213803242628157,High Anomaly
TXN0000054393,2024-07-20 18:05:40,Bill Payment,Healthcare,544,46-55,26-35,Karnataka,Axis,SBI,Web,WiFi,18,1,SUCCESS,0,0.5213450529936228,High Anomaly
TXN0000002535,2024-11-25 12:14:45,Recharge,Shopping,2825,36-45,56+,Telangana,HDFC,Yes Bank,iOS,5G,12,0,SUCCESS,0,0.521314436819403,High Anomaly
TXN0000191316,2024-07-27 01:33:59,P2P,Fuel,3846,36-45,46-55,Karnataka,Axis,IndusInd,Web,5G,1,1,SUCCESS,0,0.5213005085489164,High Anomaly
TXN0000210660,2024-06-29 11:16:31,Recharge,Shopping,739,26-35,26-35,Gujarat,Yes Bank,Axis,Web,4G,11,1,SUCCESS,0,0.5212971523943611,High Anomaly
TXN0000092195,2024-03-31 18:26:45,P2P,Other,889,46-55,46-55,West Bengal,HDFC,ICICI,Web,WiFi,18,1,SUCCESS,0,0.5212777198200601,High Anomaly
TXN0000003572,2024-03-15 21:50:38,Recharge,Transport,86,56+,56+,Telangana,Kotak,Kotak,Android,5G,21,0,SUCCESS,0,0.5212649918007738,High Anomaly
TXN0000032343,2024-05-11 12:26:04,P2P,Fuel,1641,46-55,26-35,Andhra Pradesh,IndusInd,PNB,Web,3G,12,1,SUCCESS,0,0.5212517915014461,High Anomaly
TXN0000049316,2024-10-27 07:44:26,P2P,Shopping,2556,46-55,26-35,Delhi,Yes Bank,Axis,iOS,3G,7,1,SUCCESS,0,0.521251724794012,High Anomaly
TXN0000159029,2024-08-13 17:39:09,Bill Payment,Fuel,2366,46-55,18-25,Uttar Pradesh,IndusInd,PNB,Web,5G,17,0,SUCCESS,0,0.5212496744147652,High Anomaly
TXN0000086500,2024-05-24 21:07:39,Recharge,Healthcare,673,56+,18-25,West Bengal,HDFC,PNB,iOS,4G,21,0,SUCCESS,0,0.5212487345522816,High Anomaly
TXN0000156709,2024-11-09 20:40:03,P2P,Utilities,3312,56+,46-55,Telangana,IndusInd,SBI,iOS,WiFi,20,1,SUCCESS,0,0.5212366880144297,High Anomaly
TXN0000114496,2024-09-08 23:36:34,Recharge,Fuel,433,26-35,36-45,Tamil Nadu,Kotak,IndusInd,Web,4G,23,1,SUCCESS,0,0.5212141710588135,High Anomaly
TXN0000018269,2024-02-03 11:41:15,Recharge,Utilities,262,36-45,46-55,Telangana,IndusInd,Kotak,Android,WiFi,11,1,SUCCESS,0,0.5211817106931196,High Anomaly
TXN0000223816,2024-04-24 11:01:07,Recharge,Healthcare,2318,56+,56+,West Bengal,SBI,ICICI,Android,WiFi,11,0,SUCCESS,0,0.5211692556045022,High Anomaly
TXN0000165173,2024-01-22 00:28:28,P2P,Healthcare,342,46-55,46-55,Telangana,IndusInd,Yes Bank,iOS,WiFi,0,0,SUCCESS,0,0.5211446416283745,High Anomaly
TXN0000116532,2024-09-01 05:12:39,P2M,Transport,93,26-35,26-35,Rajasthan,ICICI,IndusInd,Web,WiFi,5,1,SUCCESS,0,0.5211377611253496,High Anomaly
TXN0000145209,2024-05-12 16:14:56,P2P,Entertainment,545,36-45,36-45,Telangana,Yes Bank,IndusInd,Web,WiFi,16,1,SUCCESS,0,0.521134670096936,High Anomaly
TXN0000117715,2024-06-30 09:41:50,P2P,Utilities,6610,56+,18-25,Karnataka,Axis,ICICI,iOS,WiFi,9,1,SUCCESS,0,0.5211271359963742,High Anomaly
TXN0000229067,2024-08-20 21:44:53,Recharge,Food,565,18-25,46-55,Maharashtra,SBI,Yes Bank,Web,3G,21,0,FAILED,0,0.5211229086433526,High Anomaly
TXN0000006841,2024-05-05 19:10:37,P2P,Food,314,18-25,46-55,Andhra Pradesh,IndusInd,IndusInd,Web,3G,19,1,SUCCESS,0,0.5211219755001649,High Anomaly
TXN0000015375,2024-12-28 17:34:26,P2M,Shopping,90,36-45,56+,Telangana,Yes Bank,SBI,Web,5G,17,1,SUCCESS,0,0.5211178245929395,High Anomaly
TXN0000110299,2024-06-18 20:47:09,Recharge,Utilities,454,56+,18-25,Tamil Nadu,IndusInd,ICICI,Web,4G,20,0,SUCCESS,0,0.5211041296921991,High Anomaly
TXN0000118061,2024-04-08 10:54:18,Bill Payment,Entertainment,469,46-55,18-25,Uttar Pradesh,ICICI,PNB,Web,WiFi,10,0,SUCCESS,0,0.5211015195306167,High Anomaly
TXN0000232555,2024-02-05 14:04:00,Recharge,Other,1312,56+,46-55,Maharashtra,HDFC,SBI,iOS,3G,14,0,SUCCESS,0,0.5210755943965257,High Anomaly
TXN0000139404,2024-12-07 12:34:46,Bill Payment,Food,461,46-55,46-55,Uttar Pradesh,ICICI,SBI,Web,5G,12,1,SUCCESS,0,0.5210725508704594,High Anomaly
TXN0000162052,2024-08-28 16:29:08,Recharge,Transport,273,36-45,56+,Delhi,HDFC,ICICI,iOS,WiFi,16,0,SUCCESS,0,0.521052492806578,High Anomaly
TXN0000227614,2024-10-15 21:59:22,Bill Payment,Shopping,406,46-55,36-45,Karnataka,Axis,SBI,Web,5G,21,0,SUCCESS,0,0.5210505343269732,High Anomaly
TXN0000073267,2024-05-04 10:55:34,Bill Payment,Fuel,359,46-55,46-55,West Bengal,IndusInd,Axis,iOS,5G,10,1,SUCCESS,0,0.5210496521558305,High Anomaly
TXN0000115818,2024-07-14 13:35:18,Bill Payment,Grocery,296,26-35,26-35,Telangana,IndusInd,IndusInd,Web,WiFi,13,1,SUCCESS,0,0.5210424746586637,High Anomaly
TXN0000077223,2024-05-25 16:24:28,P2M,Utilities,4806,56+,36-45,Delhi,Axis,PNB,iOS,WiFi,16,1,SUCCESS,0,0.5210156276393034,High Anomaly
TXN0000165872,2024-06-22 22:36:13,Bill Payment,Healthcare,1049,26-35,26-35,Gujarat,Axis,Axis,Web,3G,22,1,SUCCESS,0,0.5210122581187668,High Anomaly
TXN0000044440,2024-06-21 14:47:49,Bill Payment,Education,2465,26-35,56+,Uttar Pradesh,PNB,IndusInd,iOS,WiFi,14,0,SUCCESS,0,0.5210121080095267,High Anomaly
TXN0000017304,2024-08-20 22:27:27,Bill Payment,Shopping,2486,56+,46-55,Andhra Pradesh,IndusInd,HDFC,iOS,5G,22,0,SUCCESS,0,0.52099747383036,High Anomaly
TXN0000185568,2024-03-03 13:37:34,P2M,Fuel,522,56+,26-35,Maharashtra,Yes Bank,HDFC,Web,3G,13,1,SUCCESS,0,0.5209872154489121,High Anomaly
TXN0000054678,2024-06-09 08:03:25,Bill Payment,Education,4471,56+,18-25,Delhi,Kotak,ICICI,Web,4G,8,1,SUCCESS,0,0.5209483996265539,High Anomaly
TXN0000228223,2024-09-02 01:27:49,Bill Payment,Fuel,1038,36-45,18-25,Rajasthan,Kotak,Axis,Web,3G,1,0,SUCCESS,0,0.5209267993048254,High Anomaly
TXN0000071931,2024-05-22 19:28:06,P2M,Fuel,313,56+,36-45,Andhra Pradesh,SBI,PNB,Web,3G,19,0,SUCCESS,0,0.5209173462871791,High Anomaly
TXN0000240712,2024-01-28 21:07:57,Bill Payment,Transport,51,46-55,18-25,Uttar Pradesh,IndusInd,SBI,iOS,WiFi,21,1,SUCCESS,0,0.5209079370240314,High Anomaly
TXN0000219359,2024-11-27 23:10:38,Bill Payment,Education,5350,56+,46-55,Karnataka,IndusInd,SBI,Android,WiFi,23,0,SUCCESS,0,0.5209046935907625,High Anomaly
TXN0000227347,2024-04-28 11:50:45,Recharge,Utilities,3935,56+,26-35,Uttar Pradesh,PNB,HDFC,Android,WiFi,11,1,SUCCESS,0,0.5209025274259569,High Anomaly
TXN0000120004,2024-02-29 08:19:48,P2M,Healthcare,4153,56+,36-45,Telangana,IndusInd,SBI,iOS,3G,8,0,SUCCESS,0,0.5208926907945763,High Anomaly
TXN0000083777,2024-12-29 23:57:53,P2M,Food,66,36-45,36-45,Rajasthan,Kotak,PNB,Web,WiFi,23,1,SUCCESS,0,0.5208861247279377,High Anomaly
TXN0000010447,2024-06-23 20:52:12,Bill Payment,Other,262,56+,26-35,Karnataka,PNB,Yes Bank,iOS,WiFi,20,1,SUCCESS,0,0.520885335823013,High Anomaly
TXN0000006343,2024-04-20 14:03:12,P2M,Shopping,994,26-35,56+,Rajasthan,HDFC,IndusInd,Web,5G,14,1,SUCCESS,0,0.5208813910891517,High Anomaly
TXN0000229985,2024-10-03 17:28:09,Bill Payment,Utilities,1311,18-25,36-45,Telangana,PNB,Kotak,Web,WiFi,17,0,SUCCESS,0,0.5208811936447325,High Anomaly
TXN0000039450,2024-04-14 12:18:09,P2P,Food,1107,56+,26-35,Gujarat,Axis,Kotak,Web,3G,12,1,SUCCESS,0,0.5208777222454976,High Anomaly
TXN0000167193,2024-08-30 19:42:34,P2M,Grocery,1535,36-45,46-55,Rajasthan,ICICI,IndusInd,Web,3G,19,0,SUCCESS,0,0.5208739879966736,High Anomaly
TXN0000109774,2024-03-31 20:12:55,P2P,Utilities,5168,46-55,26-35,Delhi,PNB,HDFC,Web,WiFi,20,1,SUCCESS,0,0.520843073447809,High Anomaly
TXN0000114644,2024-11-20 22:57:45,P2M,Shopping,1301,18-25,56+,Telangana,PNB,PNB,Web,5G,22,0,SUCCESS,0,0.5208353811480968,High Anomaly
TXN0000209111,2024-03-23 00:34:20,Recharge,Utilities,2969,46-55,18-25,Karnataka,Axis,HDFC,iOS,4G,0,1,FAILED,0,0.5208117587547374,High Anomaly
TXN0000127232,2024-02-14 09:38:51,Bill Payment,Shopping,5616,26-35,26-35,Andhra Pradesh,HDFC,Kotak,Web,WiFi,9,0,SUCCESS,0,0.5208079801719875,High Anomaly
TXN0000236931,2024-12-27 21:29:35,Recharge,Fuel,343,36-45,36-45,Delhi,PNB,IndusInd,iOS,3G,21,0,SUCCESS,0,0.5207944744338672,High Anomaly
TXN0000208860,2024-12-04 13:05:54,P2M,Utilities,4471,46-55,56+,Karnataka,ICICI,IndusInd,iOS,WiFi,13,0,SUCCESS,0,0.5207899671069689,High Anomaly
TXN0000207501,2024-04-30 10:21:46,Bill Payment,Grocery,3190,46-55,36-45,Rajasthan,PNB,IndusInd,iOS,WiFi,10,0,SUCCESS,0,0.5207729267431416,High Anomaly
TXN0000195949,2024-08-09 15:14:02,P2M,Other,589,46-55,56+,Gujarat,HDFC,ICICI,iOS,WiFi,15,0,SUCCESS,0,0.5207559356763863,High Anomaly
TXN0000154418,2024-11-09 12:46:08,Bill Payment,Food,256,36-45,46-55,Karnataka,ICICI,PNB,iOS,3G,12,1,SUCCESS,0,0.5207183126248227,High Anomaly
TXN0000018136,2024-04-25 20:02:04,P2P,Fuel,655,56+,46-55,Uttar Pradesh,Yes Bank,HDFC,Web,WiFi,20,0,FAILED,0,0.5207173574186006,High Anomaly
TXN0000193669,2024-02-20 08:28:28,Bill Payment,Other,2357,56+,36-45,Telangana,HDFC,Axis,iOS,WiFi,8,0,SUCCESS,0,0.5206744736082682,High Anomaly
TXN0000248505,2024-09-09 00:57:12,P2M,Fuel,1612,36-45,56+,Rajasthan,Yes Bank,PNB,iOS,WiFi,0,0,SUCCESS,0,0.5206685982080759,High Anomaly
TXN0000207787,2024-03-31 06:58:20,Recharge,Utilities,622,26-35,26-35,Maharashtra,ICICI,Axis,Web,WiFi,6,1,SUCCESS,0,0.520665868229564,High Anomaly
TXN0000155927,2024-09-07 12:15:49,P2M,Grocery,1388,56+,36-45,West Bengal,Kotak,Axis,iOS,WiFi,12,1,SUCCESS,0,0.5206500113819154,High Anomaly
TXN0000135914,2024-07-07 15:56:24,P2M,Shopping,4845,56+,36-45,Andhra Pradesh,Axis,ICICI,Web,5G,15,1,SUCCESS,0,0.5206456114671079,High Anomaly
TXN0000184661,2024-01-06 10:48:02,Bill Payment,Grocery,255,56+,46-55,Delhi,Yes Bank,ICICI,iOS,WiFi,10,1,SUCCESS,0,0.5206444268280492,High Anomaly
TXN0000029059,2024-08-24 15:07:04,P2P,Education,4987,46-55,18-25,Gujarat,SBI,HDFC,Web,3G,15,1,SUCCESS,0,0.5206425388091076,High Anomaly
TXN0000046341,2024-02-24 09:14:19,Recharge,Education,7229,18-25,46-55,Karnataka,HDFC,ICICI,Web,4G,9,1,SUCCESS,0,0.5206355422270261,High Anomaly
TXN0000208643,2024-09-13 06:54:19,Recharge,Food,155,26-35,26-35,Telangana,Kotak,Yes Bank,Web,WiFi,6,0,SUCCESS,0,0.5206331356302579,High Anomaly
TXN0000132374,2024-07-06 06:42:26,Bill Payment,Shopping,283,26-35,18-25,Karnataka,ICICI,Kotak,iOS,WiFi,6,1,SUCCESS,0,0.5206324578017398,High Anomaly
TXN0000167170,2024-02-03 21:07:14,P2P,Shopping,778,26-35,46-55,Uttar Pradesh,Kotak,IndusInd,Web,WiFi,21,1,SUCCESS,0,0.5206017676802529,High Anomaly
TXN0000030777,2024-01-28 13:24:19,Bill Payment,Shopping,630,36-45,46-55,Gujarat,Yes Bank,Axis,Web,5G,13,1,SUCCESS,0,0.5206010203103869,High Anomaly
TXN0000010461,2024-06-27 04:36:44,Recharge,Education,4009,18-25,26-35,Delhi,PNB,Yes Bank,Web,5G,4,0,SUCCESS,0,0.5205717712010645,High Anomaly
TXN0000207284,2024-05-10 05:42:46,Recharge,Entertainment,242,46-55,18-25,Uttar Pradesh,Yes Bank,ICICI,iOS,WiFi,5,0,SUCCESS,0,0.5205633619954292,High Anomaly
TXN0000054868,2024-03-12 05:00:08,P2M,Entertainment,72,26-35,36-45,Uttar Pradesh,HDFC,Kotak,Web,3G,5,0,SUCCESS,0,0.5205615771579263,High Anomaly
TXN0000066483,2024-09-07 20:28:40,Recharge,Other,495,18-25,36-45,Uttar Pradesh,ICICI,Kotak,iOS,WiFi,20,1,SUCCESS,0,0.5205597003652808,High Anomaly
TXN0000008078,2024-12-24 10:13:32,Bill Payment,Shopping,1306,18-25,36-45,Andhra Pradesh,Yes Bank,ICICI,Web,WiFi,10,0,SUCCESS,0,0.520524055584198,High Anomaly
TXN0000106668,2024-08-17 13:53:04,Bill Payment,Healthcare,345,18-25,36-45,Delhi,IndusInd,HDFC,Web,WiFi,13,1,SUCCESS,0,0.5204976247610832,High Anomaly
TXN0000145396,2024-10-16 10:27:44,Bill Payment,Shopping,4305,56+,18-25,Delhi,Kotak,PNB,iOS,5G,10,0,FAILED,0,0.5204543570134323,High Anomaly
TXN0000053730,2024-09-19 13:10:11,Recharge,Healthcare,287,56+,26-35,Uttar Pradesh,SBI,ICICI,iOS,WiFi,13,0,SUCCESS,0,0.5204419601501526,High Anomaly
TXN0000092126,2024-06-01 22:52:37,P2P,Transport,580,46-55,46-55,Maharashtra,HDFC,SBI,Web,3G,22,1,SUCCESS,0,0.5204401817539882,High Anomaly
TXN0000218820,2024-03-28 14:13:21,P2P,Shopping,3814,56+,56+,Rajasthan,Kotak,Kotak,Web,4G,14,0,SUCCESS,0,0.5204372442188869,High Anomaly
TXN0000052559,2024-04-27 19:10:26,P2P,Transport,80,18-25,26-35,West Bengal,IndusInd,PNB,Web,WiFi,19,1,FAILED,0,0.5204129136882552,High Anomaly
TXN0000034925,2024-07-05 16:41:30,P2M,Food,222,46-55,36-45,Gujarat,Axis,Axis,Web,3G,16,0,SUCCESS,0,0.5204087687053576,High Anomaly
TXN0000028766,2024-11-23 12:28:43,Bill Payment,Healthcare,148,26-35,56+,Telangana,HDFC,PNB,iOS,3G,12,1,SUCCESS,0,0.520405657428866,High Anomaly
TXN0000205142,2024-12-15 15:35:37,Recharge,Transport,308,46-55,26-35,Delhi,Yes Bank,SBI,Web,5G,15,1,SUCCESS,0,0.5203997750558345,High Anomaly
TXN0000007545,2024-07-20 19:04:31,P2M,Transport,439,46-55,46-55,Uttar Pradesh,Axis,Yes Bank,iOS,WiFi,19,1,SUCCESS,0,0.5203838993007721,High Anomaly
TXN0000080446,2024-04-20 07:17:14,Recharge,Food,62,46-55,26-35,Uttar Pradesh,SBI,ICICI,Web,5G,7,1,SUCCESS,0,0.5203834341482283,High Anomaly
TXN0000118607,2024-03-19 22:25:22,Recharge,Transport,116,18-25,46-55,Andhra Pradesh,Kotak,SBI,iOS,WiFi,22,0,SUCCESS,0,0.5203760902186282,High Anomaly
TXN0000116971,2024-06-24 12:21:59,P2P,Healthcare,574,46-55,56+,Karnataka,PNB,ICICI,Web,5G,12,0,SUCCESS,0,0.5203760250482132,High Anomaly
TXN0000236271,2024-04-12 11:05:40,Recharge,Education,7245,26-35,36-45,Karnataka,PNB,HDFC,Web,4G,11,0,SUCCESS,0,0.5203688067251452,High Anomaly
TXN0000139641,2024-08-31 21:56:14,P2M,Other,818,46-55,26-35,Gujarat,Axis,Axis,Web,WiFi,21,1,SUCCESS,0,0.5203637875162552,High Anomaly
TXN0000022075,2024-09-28 08:30:12,P2M,Utilities,176,18-25,36-45,Telangana,Kotak,Kotak,Web,5G,8,1,SUCCESS,0,0.5203540345169476,High Anomaly
TXN0000235525,2024-07-15 11:31:05,Bill Payment,Fuel,2974,36-45,46-55,Rajasthan,ICICI,Axis,iOS,WiFi,11,0,SUCCESS,0,0.5203363745689653,High Anomaly
TXN0000007246,2024-09-24 08:26:25,P2M,Transport,46,56+,18-25,West Bengal,Axis,Kotak,iOS,WiFi,8,0,SUCCESS,0,0.5203213461165903,High Anomaly
TXN0000178040,2024-11-11 00:29:19,P2M,Food,328,46-55,56+,Maharashtra,HDFC,Yes Bank,iOS,WiFi,0,0,SUCCESS,0,0.5202639678241798,High Anomaly
TXN0000243088,2024-07-21 11:59:00,Bill Payment,Fuel,696,18-25,46-55,Uttar Pradesh,Yes Bank,SBI,iOS,3G,11,1,SUCCESS,0,0.5202621045910619,High Anomaly
TXN0000189651,2024-09-23 15:40:34,Bill Payment,Food,193,56+,46-55,Telangana,ICICI,ICICI,Web,5G,15,0,SUCCESS,0,0.5202367534644496,High Anomaly
TXN0000035248,2024-05-20 13:30:18,Bill Payment,Healthcare,848,56+,26-35,Andhra Pradesh,Kotak,PNB,iOS,5G,13,0,SUCCESS,0,0.5202325131499029,High Anomaly
TXN0000159377,2024-03-01 22:20:56,P2M,Entertainment,64,56+,18-25,Maharashtra,IndusInd,Kotak,iOS,WiFi,22,0,SUCCESS,0,0.5202237381887381,High Anomaly
TXN0000048864,2024-07-16 12:38:57,P2P,Transport,66,26-35,46-55,Telangana,Kotak,IndusInd,Web,3G,12,0,SUCCESS,0,0.5202205033581931,High Anomaly
TXN0000186890,2024-08-07 03:48:33,Bill Payment,Transport,118,18-25,56+,Delhi,HDFC,PNB,Android,WiFi,3,0,SUCCESS,0,0.5201987440126719,High Anomaly
TXN0000122364,2024-06-26 05:52:00,P2P,Healthcare,926,56+,46-55,Karnataka,HDFC,IndusInd,iOS,WiFi,5,0,SUCCESS,0,0.5201706827440489,High Anomaly
TXN0000021893,2024-01-23 09:59:49,Bill Payment,Transport,52,36-45,56+,Andhra Pradesh,ICICI,ICICI,Web,5G,9,0,SUCCESS,0,0.5201637931415667,High Anomaly
TXN0000219722,2024-09-01 17:50:45,Recharge,Healthcare,1441,36-45,56+,Telangana,Axis,HDFC,Web,4G,17,1,SUCCESS,0,0.5201053835259729,High Anomaly
TXN0000245446,2024-09-15 13:07:17,P2P,Utilities,7799,46-55,26-35,Rajasthan,Yes Bank,Axis,iOS,WiFi,13,1,SUCCESS,0,0.5200795124054335,High Anomaly
TXN0000180546,2024-01-21 03:23:25,Bill Payment,Transport,77,18-25,18-25,Karnataka,Kotak,Axis,Web,5G,3,1,SUCCESS,0,0.5200726144733802,High Anomaly
TXN0000193606,2024-09-29 11:45:03,Bill Payment,Education,3955,18-25,26-35,Karnataka,ICICI,PNB,iOS,WiFi,11,1,SUCCESS,0,0.5200651358778077,High Anomaly
TXN0000168984,2024-11-10 01:36:30,Bill Payment,Entertainment,927,36-45,56+,Maharashtra,HDFC,IndusInd,Android,WiFi,1,1,SUCCESS,0,0.5200159475773897,High Anomaly
TXN0000171461,2024-04-28 20:41:51,Bill Payment,Other,127,56+,56+,Maharashtra,Yes Bank,ICICI,iOS,5G,20,1,SUCCESS,0,0.5199982762108739,High Anomaly
TXN0000014929,2024-10-05 07:17:01,P2M,Education,1380,36-45,46-55,Delhi,SBI,IndusInd,Web,5G,7,1,SUCCESS,0,0.5199861756465358,High Anomaly
TXN0000228795,2024-11-29 11:19:33,P2M,Fuel,317,56+,36-45,Rajasthan,Kotak,PNB,iOS,3G,11,0,SUCCESS,0,0.5199826744643078,High Anomaly
TXN0000124652,2024-11-24 02:33:46,Bill Payment,Grocery,1970,46-55,18-25,Karnataka,PNB,Kotak,Web,4G,2,1,SUCCESS,0,0.5199618154301879,High Anomaly
TXN0000150574,2024-04-22 12:48:32,Bill Payment,Utilities,13623,46-55,56+,Rajasthan,SBI,Yes Bank,Android,WiFi,12,0,SUCCESS,0,0.519950667859696,High Anomaly
TXN0000118575,2024-01-20 10:19:57,P2M,Utilities,857,26-35,56+,Telangana,Kotak,IndusInd,iOS,3G,10,1,SUCCESS,0,0.5199179376815313,High Anomaly
TXN0000085026,2024-08-04 15:51:44,Bill Payment,Shopping,2783,56+,56+,Rajasthan,SBI,Yes Bank,iOS,4G,15,1,SUCCESS,0,0.5199070095806746,High Anomaly
TXN0000149215,2024-12-23 22:16:44,Recharge,Fuel,1544,36-45,46-55,Gujarat,Yes Bank,Axis,iOS,WiFi,22,0,FAILED,0,0.5199019812315636,High Anomaly
TXN0000073601,2024-02-24 09:16:31,Bill Payment,Food,375,36-45,46-55,Uttar Pradesh,HDFC,IndusInd,Web,5G,9,1,SUCCESS,0,0.5198868308464453,High Anomaly
TXN0000102832,2024-01-20 09:54:03,P2P,Healthcare,104,18-25,46-55,Tamil Nadu,HDFC,Yes Bank,iOS,3G,9,1,SUCCESS,0,0.5198808051097318,High Anomaly
TXN0000010177,2024-09-21 11:09:34,Recharge,Grocery,224,18-25,36-45,Gujarat,PNB,IndusInd,Web,5G,11,1,SUCCESS,0,0.5198154670923784,High Anomaly
TXN0000040521,2024-02-12 16:36:44,Recharge,Shopping,807,56+,46-55,Delhi,Axis,IndusInd,iOS,4G,16,0,SUCCESS,0,0.5198087417105935,High Anomaly
TXN0000074395,2024-04-14 08:22:36,P2P,Entertainment,124,46-55,56+,Gujarat,Kotak,HDFC,Web,4G,8,1,SUCCESS,0,0.5197893505351517,High Anomaly
TXN0000224414,2024-11-10 09:37:07,P2P,Shopping,10415,18-25,46-55,Tamil Nadu,Yes Bank,PNB,iOS,WiFi,9,1,SUCCESS,0,0.5197878059296972,High Anomaly
TXN0000169438,2024-02-27 09:22:41,Recharge,Entertainment,272,36-45,18-25,Gujarat,Axis,HDFC,iOS,WiFi,9,0,SUCCESS,0,0.519758316763725,High Anomaly
TXN0000173773,2024-07-28 21:39:42,Bill Payment,Other,883,18-25,56+,Maharashtra,ICICI,Kotak,iOS,3G,21,1,SUCCESS,0,0.5197533942377188,High Anomaly
TXN0000098546,2024-05-06 21:17:06,Bill Payment,Shopping,291,36-45,46-55,Telangana,SBI,SBI,Web,WiFi,21,0,SUCCESS,0,0.5197523412061895,High Anomaly
TXN0000045365,2024-04-07 06:15:11,Recharge,Grocery,438,26-35,46-55,Maharashtra,Kotak,IndusInd,Web,4G,6,1,SUCCESS,0,0.5197483735173081,High Anomaly
TXN0000226769,2024-10-13 06:37:47,Bill Payment,Other,298,26-35,56+,Gujarat,ICICI,HDFC,iOS,WiFi,6,1,FAILED,0,0.5197375906624508,High Anomaly
TXN0000163580,2024-10-13 09:02:24,P2P,Food,149,56+,46-55,Uttar Pradesh,ICICI,Yes Bank,iOS,WiFi,9,1,SUCCESS,0,0.5197300992284639,High Anomaly
TXN0000110174,2024-11-10 11:18:43,Recharge,Shopping,2475,26-35,26-35,West Bengal,PNB,SBI,Web,5G,11,1,SUCCESS,0,0.5196909800391607,High Anomaly
TXN0000214901,2024-01-27 13:21:53,Bill Payment,Food,180,56+,26-35,Andhra Pradesh,IndusInd,ICICI,iOS,WiFi,13,1,SUCCESS,0,0.5196681148225166,High Anomaly
TXN0000111554,2024-04-20 14:06:07,Recharge,Entertainment,183,26-35,56+,Andhra Pradesh,Yes Bank,IndusInd,Android,3G,14,1,SUCCESS,0,0.5196660665132057,High Anomaly
TXN0000183280,2024-09-02 09:52:39,P2M,Shopping,3839,26-35,46-55,Delhi,Axis,ICICI,Web,WiFi,9,0,SUCCESS,0,0.5196656883521842,High Anomaly
TXN0000204067,2024-03-17 11:49:22,Bill Payment,Utilities,432,56+,26-35,Maharashtra,HDFC,IndusInd,Web,4G,11,1,SUCCESS,0,0.5196652605809634,High Anomaly
TXN0000246809,2024-06-08 09:15:37,P2M,Grocery,2801,46-55,46-55,Maharashtra,Yes Bank,Axis,iOS,WiFi,9,1,SUCCESS,0,0.519664281555858,High Anomaly
TXN0000124177,2024-09-19 11:23:12,Recharge,Food,55,26-35,18-25,Delhi,Axis,PNB,iOS,3G,11,0,SUCCESS,0,0.5196524182393721,High Anomaly
TXN0000040682,2024-10-06 21:30:32,Bill Payment,Other,490,56+,26-35,Karnataka,ICICI,Kotak,iOS,3G,21,1,SUCCESS,0,0.5196433083955813,High Anomaly
TXN0000145390,2024-02-04 19:45:59,Bill Payment,Shopping,1117,56+,18-25,Delhi,ICICI,Kotak,Web,5G,19,1,SUCCESS,0,0.5196218367566559,High Anomaly
TXN0000044890,2024-08-25 12:17:47,P2M,Shopping,130,46-55,56+,Rajasthan,PNB,Kotak,iOS,4G,12,1,SUCCESS,0,0.5196188281891944,High Anomaly
TXN0000201191,2024-02-06 01:51:12,P2M,Shopping,241,26-35,18-25,Delhi,HDFC,IndusInd,Web,3G,1,0,SUCCESS,0,0.5196131010741342,High Anomaly
TXN0000060281,2024-11-25 20:11:27,Bill Payment,Entertainment,761,36-45,46-55,Andhra Pradesh,PNB,Yes Bank,iOS,WiFi,20,0,SUCCESS,0,0.5196101114942261,High Anomaly
TXN0000091273,2024-04-05 12:04:08,P2P,Fuel,317,56+,46-55,Rajasthan,IndusInd,ICICI,iOS,WiFi,12,0,SUCCESS,0,0.5196048350594606,High Anomaly
TXN0000231437,2024-08-31 22:22:47,P2P,Transport,49,36-45,56+,Telangana,IndusInd,Axis,iOS,WiFi,22,1,SUCCESS,0,0.519594016412506,High Anomaly
TXN0000046893,2024-02-11 09:42:33,P2M,Entertainment,76,56+,26-35,Maharashtra,ICICI,Kotak,iOS,3G,9,1,SUCCESS,0,0.5195837199891298,High Anomaly
TXN0000101761,2024-05-04 23:29:35,P2P,Education,4862,18-25,56+,Delhi,IndusInd,HDFC,iOS,WiFi,23,1,SUCCESS,0,0.5195747553363023,High Anomaly
TXN0000076019,2024-03-17 14:56:48,Bill Payment,Grocery,137,56+,26-35,Karnataka,Yes Bank,SBI,Web,WiFi,14,1,SUCCESS,0,0.5195734489942007,High Anomaly
TXN0000098253,2024-03-17 11:51:08,Recharge,Fuel,457,26-35,36-45,Tamil Nadu,HDFC,Kotak,Web,5G,11,1,SUCCESS,0,0.5195712154362179,High Anomaly
TXN0000112607,2024-03-22 09:13:34,Bill Payment,Education,1344,26-35,56+,Maharashtra,Axis,IndusInd,Web,4G,9,0,SUCCESS,0,0.5195671193841811,High Anomaly
TXN0000049128,2024-07-14 19:44:45,Bill Payment,Grocery,418,26-35,56+,Andhra Pradesh,Yes Bank,PNB,Web,5G,19,1,SUCCESS,0,0.5195309806147747,High Anomaly
TXN0000028949,2024-07-17 21:15:45,Recharge,Education,2582,26-35,18-25,West Bengal,Kotak,Kotak,Web,5G,21,0,SUCCESS,0,0.5195290497058483,High Anomaly
TXN0000007420,2024-06-16 04:07:08,P2M,Transport,127,36-45,36-45,Rajasthan,ICICI,SBI,Web,WiFi,4,1,SUCCESS,0,0.5195274892827376,High Anomaly
TXN0000201835,2024-04-13 09:06:54,Recharge,Shopping,1701,26-35,46-55,Delhi,SBI,SBI,iOS,3G,9,1,SUCCESS,0,0.5195206232729827,High Anomaly
TXN0000160895,2024-10-29 02:21:18,Bill Payment,Shopping,1737,46-55,46-55,Karnataka,HDFC,Kotak,Android,WiFi,2,0,SUCCESS,0,0.5195192530070708,High Anomaly
TXN0000066703,2024-11-03 09:16:08,P2M,Education,10165,46-55,26-35,Tamil Nadu,HDFC,Axis,iOS,WiFi,9,1,SUCCESS,0,0.5194701163478458,High Anomaly
TXN0000138636,2024-08-15 18:36:18,P2M,Transport,29,56+,26-35,Uttar Pradesh,IndusInd,SBI,Web,WiFi,18,0,SUCCESS,0,0.5194686669193223,High Anomaly
TXN0000172622,2024-04-04 10:38:02,Bill Payment,Utilities,7592,56+,36-45,Karnataka,Kotak,PNB,iOS,4G,10,0,SUCCESS,0,0.5194670972593679,High Anomaly
TXN0000197288,2024-06-07 21:48:09,Recharge,Grocery,2158,36-45,56+,Telangana,IndusInd,HDFC,Web,4G,21,0,FAILED,0,0.5194658752608732,High Anomaly
TXN0000042226,2024-07-21 02:11:46,Bill Payment,Education,1619,46-55,36-45,Andhra Pradesh,IndusInd,HDFC,iOS,5G,2,1,SUCCESS,0,0.5194649817441739,High Anomaly
TXN0000176595,2024-09-26 06:30:03,Bill Payment,Other,1006,26-35,46-55,Uttar Pradesh,ICICI,Yes Bank,iOS,WiFi,6,0,SUCCESS,0,0.5194638525679136,High Anomaly
TXN0000165291,2024-04-18 08:24:06,Bill Payment,Fuel,525,46-55,26-35,West Bengal,Yes Bank,ICICI,iOS,WiFi,8,0,SUCCESS,0,0.519443719878094,High Anomaly
TXN0000186851,2024-09-01 12:28:43,P2M,Shopping,3753,46-55,36-45,Maharashtra,Yes Bank,ICICI,Web,WiFi,12,1,SUCCESS,0,0.519441117600794,High Anomaly
TXN0000200940,2024-04-21 12:47:16,P2M,Fuel,1873,46-55,46-55,Delhi,Kotak,HDFC,iOS,3G,12,1,SUCCESS,0,0.5194263379156676,High Anomaly
TXN0000001092,2024-04-06 00:59:53,Recharge,Education,1324,26-35,46-55,Karnataka,HDFC,HDFC,iOS,4G,0,1,SUCCESS,0,0.5194103152919187,High Anomaly
TXN0000063932,2024-11-16 20:42:39,Bill Payment,Healthcare,358,46-55,26-35,Rajasthan,Yes Bank,HDFC,Web,5G,20,1,FAILED,0,0.5193845340848515,High Anomaly
TXN0000123041,2024-06-10 12:02:24,P2P,Education,830,18-25,36-45,Telangana,Kotak,PNB,Web,WiFi,12,0,SUCCESS,0,0.5193822222551796,High Anomaly
TXN0000029836,2024-11-22 18:41:04,Bill Payment,Entertainment,481,46-55,36-45,Telangana,Yes Bank,HDFC,iOS,3G,18,0,SUCCESS,0,0.5193764862409788,High Anomaly
TXN0000009270,2024-08-22 11:43:30,Bill Payment,Entertainment,245,56+,36-45,Tamil Nadu,Kotak,Axis,Web,5G,11,0,SUCCESS,0,0.5193687481046948,High Anomaly
TXN0000013892,2024-10-10 21:03:26,P2M,Utilities,445,46-55,18-25,Tamil Nadu,SBI,Yes Bank,Web,WiFi,21,0,SUCCESS,0,0.5193551433029236,High Anomaly
TXN0000214216,2024-04-13 17:49:31,P2P,Utilities,589,18-25,46-55,Rajasthan,IndusInd,IndusInd,Web,WiFi,17,1,SUCCESS,0,0.5193484704853365,High Anomaly
TXN0000185867,2024-12-10 17:36:44,P2P,Education,2083,46-55,26-35,Telangana,Kotak,IndusInd,Web,WiFi,17,0,SUCCESS,0,0.519346169357814,High Anomaly
TXN0000071501,2024-07-09 17:23:10,P2M,Fuel,275,56+,46-55,Tamil Nadu,SBI,ICICI,Web,5G,17,0,SUCCESS,0,0.5193409406595001,High Anomaly
TXN0000066826,2024-02-25 11:29:39,Bill Payment,Utilities,222,26-35,36-45,Tamil Nadu,SBI,Yes Bank,Web,3G,11,1,SUCCESS,0,0.5193390705298782,High Anomaly
TXN0000132124,2024-08-17 13:36:52,P2P,Utilities,12710,56+,26-35,West Bengal,Yes Bank,PNB,iOS,3G,13,1,SUCCESS,0,0.5193270771159562,High Anomaly
TXN0000140695,2024-06-06 13:31:22,P2M,Other,217,46-55,56+,Gujarat,HDFC,Axis,Web,5G,13,0,SUCCESS,0,0.5193186975582688,High Anomaly
TXN0000128345,2024-08-29 16:39:35,Recharge,Healthcare,641,36-45,46-55,Delhi,PNB,IndusInd,iOS,3G,16,0,SUCCESS,0,0.5193050118303374,High Anomaly
TXN0000214934,2024-10-18 09:42:30,Bill Payment,Fuel,364,26-35,46-55,Andhra Pradesh,HDFC,Yes Bank,iOS,3G,9,0,SUCCESS,0,0.5192986886905523,High Anomaly
TXN0000158752,2024-02-26 15:22:51,P2P,Transport,722,46-55,36-45,Telangana,Axis,ICICI,Web,WiFi,15,0,SUCCESS,0,0.5192848026673637,High Anomaly
TXN0000163612,2024-10-12 17:03:51,P2M,Healthcare,209,56+,36-45,Telangana,IndusInd,SBI,iOS,WiFi,17,1,SUCCESS,0,0.5192637797164981,High Anomaly
TXN0000183559,2024-01-31 08:17:53,Recharge,Other,402,56+,46-55,West Bengal,IndusInd,IndusInd,Android,3G,8,0,SUCCESS,0,0.5192604931127505,High Anomaly
TXN0000162200,2024-06-29 12:51:45,Recharge,Grocery,2619,56+,56+,West Bengal,IndusInd,SBI,iOS,4G,12,1,SUCCESS,0,0.519248905969852,High Anomaly
TXN0000111367,2024-05-19 23:17:05,P2P,Food,53,56+,56+,Maharashtra,Kotak,HDFC,iOS,5G,23,1,SUCCESS,0,0.5192300105417478,High Anomaly
TXN0000127768,2024-02-18 11:41:46,Bill Payment,Utilities,6673,56+,46-55,Andhra Pradesh,HDFC,Axis,Android,WiFi,11,1,SUCCESS,0,0.5191999975826246,High Anomaly
TXN0000142196,2024-12-05 20:48:12,Bill Payment,Fuel,2504,26-35,36-45,Karnataka,Kotak,PNB,Web,3G,20,0,SUCCESS,0,0.51918469610251,High Anomaly
TXN0000166606,2024-06-05 19:55:05,P2M,Shopping,2746,36-45,56+,West Bengal,HDFC,PNB,iOS,3G,19,0,SUCCESS,0,0.5191726989400721,High Anomaly
TXN0000073370,2024-08-31 07:13:14,P2M,Shopping,462,36-45,56+,Telangana,HDFC,HDFC,Web,4G,7,1,SUCCESS,0,0.5191719011317595,High Anomaly
TXN0000217540,2024-05-26 19:39:06,P2P,Education,10589,36-45,56+,Tamil Nadu,IndusInd,Kotak,Web,4G,19,1,SUCCESS,0,0.5191519979651502,High Anomaly
TXN0000034462,2024-10-10 17:36:16,Bill Payment,Shopping,592,56+,18-25,West Bengal,Kotak,Kotak,iOS,WiFi,17,0,SUCCESS,0,0.5191518062908138,High Anomaly
TXN0000142994,2024-11-24 07:41:15,P2M,Healthcare,250,46-55,36-45,Uttar Pradesh,ICICI,ICICI,iOS,WiFi,7,1,SUCCESS,0,0.5191497663944717,High Anomaly
TXN0000203359,2024-11-17 17:25:53,P2M,Transport,116,46-55,18-25,Tamil Nadu,SBI,IndusInd,Web,WiFi,17,1,SUCCESS,0,0.5191478799324036,High Anomaly
TXN0000066592,2024-09-22 19:35:02,P2M,Grocery,351,18-25,56+,Rajasthan,Axis,HDFC,Web,5G,19,1,SUCCESS,0,0.5191371366555781,High Anomaly
TXN0000151724,2024-06-17 10:23:36,Recharge,Transport,47,26-35,46-55,Tamil Nadu,ICICI,ICICI,Web,4G,10,0,SUCCESS,0,0.5191326197841014,High Anomaly
TXN0000209859,2024-09-15 18:55:29,Recharge,Fuel,2146,26-35,36-45,Gujarat,Axis,Yes Bank,iOS,WiFi,18,1,SUCCESS,0,0.5191211862911224,High Anomaly
TXN0000090013,2024-05-19 03:34:23,Recharge,Entertainment,151,56+,36-45,Maharashtra,HDFC,PNB,Android,3G,3,1,SUCCESS,0,0.5191188465916263,High Anomaly
TXN0000039759,2024-04-27 18:49:30,Bill Payment,Entertainment,197,46-55,18-25,Rajasthan,Kotak,ICICI,Web,4G,18,1,SUCCESS,0,0.5191172830601695,High Anomaly
TXN0000048541,2024-02-16 06:28:39,Bill Payment,Education,12858,46-55,46-55,Gujarat,ICICI,Axis,Android,5G,6,0,SUCCESS,0,0.519113171372893,High Anomaly
TXN0000227519,2024-11-23 17:43:20,Bill Payment,Fuel,865,18-25,26-35,Karnataka,Kotak,ICICI,Web,WiFi,17,1,SUCCESS,0,0.5191021655638054,High Anomaly
TXN0000093189,2024-02-17 10:09:35,Bill Payment,Fuel,2718,26-35,36-45,Gujarat,PNB,PNB,Web,5G,10,1,SUCCESS,0,0.5190998486324127,High Anomaly
TXN0000236818,2024-01-27 10:58:44,Recharge,Healthcare,241,26-35,36-45,Uttar Pradesh,Axis,Axis,Web,4G,10,1,SUCCESS,0,0.5190984843701978,High Anomaly
TXN0000009666,2024-11-02 22:39:30,Recharge,Utilities,487,36-45,26-35,Rajasthan,Kotak,Yes Bank,Web,5G,22,1,SUCCESS,0,0.5190955561223345,High Anomaly
TXN0000248723,2024-04-12 23:21:16,Bill Payment,Food,302,36-45,26-35,Andhra Pradesh,HDFC,Yes Bank,Web,WiFi,23,0,SUCCESS,0,0.519071612592289,High Anomaly
TXN0000079172,2024-05-03 08:38:17,P2M,Transport,103,18-25,56+,West Bengal,ICICI,SBI,Web,3G,8,0,SUCCESS,0,0.5190668378435443,High Anomaly
TXN0000079606,2024-01-21 16:44:00,Bill Payment,Education,10413,18-25,36-45,Telangana,SBI,ICICI,iOS,WiFi,16,1,SUCCESS,0,0.5190381311497474,High Anomaly
TXN0000203497,2024-01-21 17:58:23,P2M,Shopping,471,36-45,26-35,Andhra Pradesh,SBI,Axis,Web,3G,17,1,SUCCESS,0,0.5190334493391617,High Anomaly
TXN0000243195,2024-11-13 08:20:36,P2M,Healthcare,416,36-45,56+,Maharashtra,HDFC,Kotak,Web,5G,8,0,SUCCESS,0,0.5190321890960408,High Anomaly
TXN0000095359,2024-04-06 14:10:00,Recharge,Grocery,452,46-55,36-45,Tamil Nadu,Axis,SBI,iOS,WiFi,14,1,SUCCESS,0,0.5190133199128174,High Anomaly
TXN0000117991,2024-06-30 13:25:11,Recharge,Utilities,6039,36-45,26-35,West Bengal,SBI,SBI,Web,3G,13,1,FAILED,0,0.5190092472426399,High Anomaly
TXN0000198982,2024-05-05 20:38:41,P2M,Fuel,729,46-55,26-35,Karnataka,ICICI,SBI,Web,WiFi,20,1,SUCCESS,0,0.5190082744554407,High Anomaly
TXN0000088597,2024-01-25 07:08:41,P2M,Healthcare,197,26-35,46-55,Delhi,HDFC,PNB,Web,WiFi,7,0,SUCCESS,0,0.5190002414033864,High Anomaly
TXN0000216377,2024-02-14 22:57:34,P2P,Fuel,2957,36-45,56+,Maharashtra,Axis,Yes Bank,Web,WiFi,22,0,SUCCESS,0,0.5189891284513563,High Anomaly
TXN0000242865,2024-06-23 17:49:11,Bill Payment,Fuel,289,26-35,56+,Rajasthan,ICICI,Axis,Web,4G,17,1,SUCCESS,0,0.5189848091774709,High Anomaly
TXN0000083965,2024-08-18 17:08:34,Bill Payment,Grocery,155,46-55,36-45,Delhi,Kotak,ICICI,iOS,3G,17,1,SUCCESS,0,0.5189819141731175,High Anomaly
TXN0000081782,2024-10-23 13:51:09,Bill Payment,Fuel,774,26-35,46-55,Rajasthan,HDFC,HDFC,Web,3G,13,0,SUCCESS,0,0.5189708993118252,High Anomaly
TXN0000022148,2024-03-24 07:52:01,Recharge,Transport,31,36-45,26-35,Telangana,Kotak,IndusInd,Android,WiFi,7,1,SUCCESS,0,0.5189537133956227,High Anomaly
TXN0000190185,2024-10-01 08:24:36,Bill Payment,Food,141,56+,26-35,Karnataka,HDFC,IndusInd,iOS,WiFi,8,0,SUCCESS,0,0.5189451213068373,High Anomaly
TXN0000225274,2024-01-25 11:15:52,Recharge,Entertainment,68,56+,56+,Karnataka,PNB,SBI,Android,WiFi,11,0,SUCCESS,0,0.5189331906526722,High Anomaly
TXN0000024327,2024-09-29 12:27:05,Recharge,Utilities,5622,36-45,26-35,Karnataka,PNB,ICICI,iOS,WiFi,12,1,SUCCESS,0,0.5189309353165624,High Anomaly
TXN0000176495,2024-05-28 15:52:41,Recharge,Fuel,1593,36-45,56+,Maharashtra,Axis,ICICI,iOS,WiFi,15,0,SUCCESS,0,0.5189134176925658,High Anomaly
TXN0000191917,2024-11-07 17:36:45,P2P,Entertainment,287,56+,36-45,West Bengal,Axis,Axis,Web,5G,17,0,SUCCESS,0,0.5189082260870368,High Anomaly
TXN0000100007,2024-02-13 10:43:32,Bill Payment,Food,63,26-35,56+,Uttar Pradesh,PNB,PNB,Web,5G,10,0,SUCCESS,0,0.51890415737312,High Anomaly
TXN0000177581,2024-05-28 20:19:08,Bill Payment,Grocery,974,18-25,56+,Rajasthan,Axis,Axis,iOS,3G,20,0,SUCCESS,0,0.5189032446014078,High Anomaly
TXN0000103691,2024-05-18 20:00:52,Bill Payment,Food,194,36-45,46-55,Rajasthan,HDFC,IndusInd,iOS,3G,20,1,SUCCESS,0,0.5188958950273637,High Anomaly
TXN0000180934,2024-10-27 16:16:37,P2P,Entertainment,69,46-55,18-25,Uttar Pradesh,IndusInd,IndusInd,iOS,3G,16,1,SUCCESS,0,0.5188944608775418,High Anomaly
TXN0000072863,2024-08-03 14:36:25,P2P,Education,4830,46-55,18-25,Maharashtra,HDFC,Kotak,iOS,WiFi,14,1,SUCCESS,0,0.5188765062554744,High Anomaly
TXN0000104353,2024-01-17 15:33:31,P2M,Transport,44,18-25,46-55,Maharashtra,Kotak,IndusInd,iOS,WiFi,15,0,SUCCESS,0,0.5188659814710931,High Anomaly
TXN0000174456,2024-11-03 16:52:42,P2M,Shopping,749,18-25,26-35,Telangana,ICICI,PNB,Web,3G,16,1,SUCCESS,0,0.5188537321271003,High Anomaly
TXN0000092603,2024-10-16 11:05:13,Recharge,Utilities,232,26-35,18-25,West Bengal,IndusInd,ICICI,iOS,WiFi,11,0,SUCCESS,0,0.5188441607445193,High Anomaly
TXN0000133765,2024-05-30 20:51:44,Bill Payment,Utilities,2357,46-55,36-45,Gujarat,HDFC,SBI,Web,WiFi,20,0,SUCCESS,0,0.5188336025062036,High Anomaly
TXN0000123878,2024-02-17 22:28:02,P2P,Other,1600,56+,56+,Tamil Nadu,SBI,IndusInd,Android,3G,22,1,SUCCESS,0,0.5188253895740751,High Anomaly
TXN0000095659,2024-12-15 13:12:44,Bill Payment,Fuel,1518,46-55,26-35,Rajasthan,SBI,SBI,iOS,WiFi,13,1,SUCCESS,0,0.5188208630750282,High Anomaly
TXN0000151863,2024-07-13 20:10:02,P2M,Utilities,585,56+,18-25,West Bengal,Yes Bank,HDFC,iOS,3G,20,1,SUCCESS,0,0.5187851148992965,High Anomaly
TXN0000195721,2024-01-21 01:47:48,P2M,Shopping,2002,18-25,56+,Andhra Pradesh,Yes Bank,Kotak,Android,WiFi,1,1,SUCCESS,0,0.5187750384185413,High Anomaly
TXN0000175430,2024-12-23 13:49:38,P2M,Grocery,1538,46-55,56+,Gujarat,ICICI,HDFC,iOS,WiFi,13,0,SUCCESS,0,0.5187741702665188,High Anomaly
TXN0000236644,2024-11-19 09:39:14,P2M,Other,5173,26-35,46-55,Karnataka,IndusInd,Yes Bank,Web,3G,9,0,SUCCESS,0,0.5187734740763058,High Anomaly
TXN0000181350,2024-04-18 14:50:32,Bill Payment,Transport,16,56+,46-55,Maharashtra,IndusInd,Axis,Android,WiFi,14,0,SUCCESS,0,0.5187552098533312,High Anomaly
TXN0000114763,2024-06-17 21:22:43,P2P,Utilities,503,56+,26-35,Andhra Pradesh,IndusInd,Yes Bank,Web,3G,21,0,SUCCESS,0,0.5187475558466662,High Anomaly
TXN0000117226,2024-10-07 22:46:58,P2M,Healthcare,263,46-55,56+,Tamil Nadu,IndusInd,Axis,Web,5G,22,0,SUCCESS,0,0.5187363018931684,High Anomaly
TXN0000052709,2024-01-13 15:29:26,Recharge,Entertainment,306,56+,26-35,Rajasthan,ICICI,PNB,iOS,4G,15,1,SUCCESS,0,0.5187305179529258,High Anomaly
TXN0000170938,2024-01-19 04:16:12,Recharge,Grocery,407,46-55,56+,Rajasthan,HDFC,Kotak,iOS,4G,4,0,SUCCESS,0,0.518722379233188,High Anomaly
TXN0000069994,2024-11-22 12:48:15,P2P,Fuel,1163,36-45,56+,Uttar Pradesh,IndusInd,PNB,Web,3G,12,0,SUCCESS,0,0.5187127376964779,High Anomaly
TXN0000083336,2024-11-16 18:55:21,Recharge,Utilities,8671,56+,26-35,Rajasthan,SBI,Axis,iOS,5G,18,1,FAILED,0,0.518706693098954,High Anomaly
TXN0000212202,2024-07-18 15:44:25,Bill Payment,Food,1136,36-45,46-55,Gujarat,IndusInd,ICICI,iOS,WiFi,15,0,SUCCESS,0,0.5186947964941835,High Anomaly
TXN0000237700,2024-12-11 07:03:53,P2M,Shopping,357,46-55,46-55,West Bengal,HDFC,ICICI,iOS,WiFi,7,0,SUCCESS,0,0.5186894275696979,High Anomaly
TXN0000224620,2024-11-17 19:26:36,Recharge,Food,201,36-45,56+,Uttar Pradesh,Axis,HDFC,iOS,WiFi,19,1,SUCCESS,0,0.5186876845078663,High Anomaly
TXN0000040368,2024-10-20 09:12:26,Bill Payment,Grocery,400,56+,56+,Telangana,Axis,IndusInd,iOS,4G,9,1,SUCCESS,0,0.5186870153795561,High Anomaly
TXN0000183394,2024-12-12 20:14:27,Bill Payment,Shopping,217,26-35,18-25,Delhi,PNB,PNB,Web,WiFi,20,0,SUCCESS,0,0.5186844687385641,High Anomaly
TXN0000029734,2024-04-23 10:55:32,Recharge,Entertainment,213,56+,26-35,Telangana,HDFC,SBI,iOS,WiFi,10,0,SUCCESS,0,0.5186812486204737,High Anomaly
TXN0000061540,2024-06-06 08:03:03,P2M,Utilities,10150,56+,26-35,Andhra Pradesh,PNB,Yes Bank,iOS,WiFi,8,0,SUCCESS,0,0.5186789847444135,High Anomaly
TXN0000151680,2024-11-17 20:01:28,P2P,Transport,357,46-55,36-45,Tamil Nadu,Axis,Yes Bank,iOS,WiFi,20,1,SUCCESS,0,0.5186788929737834,High Anomaly
TXN0000170832,2024-05-05 06:35:33,Bill Payment,Entertainment,133,26-35,18-25,Delhi,HDFC,IndusInd,Web,5G,6,1,SUCCESS,0,0.5186787759779118,High Anomaly
TXN0000046458,2024-02-18 10:52:21,P2P,Fuel,701,18-25,56+,Rajasthan,PNB,Yes Bank,iOS,WiFi,10,1,SUCCESS,0,0.5186379017175852,High Anomaly
TXN0000228037,2024-12-15 17:24:38,Recharge,Healthcare,296,18-25,18-25,West Bengal,HDFC,SBI,iOS,3G,17,1,SUCCESS,0,0.5186356971382268,High Anomaly
TXN0000245292,2024-07-14 11:23:45,Bill Payment,Utilities,241,46-55,36-45,Uttar Pradesh,Axis,SBI,iOS,WiFi,11,1,SUCCESS,0,0.5186306090833334,High Anomaly
TXN0000122947,2024-01-06 19:21:17,Recharge,Shopping,742,18-25,56+,Rajasthan,HDFC,HDFC,Android,WiFi,19,1,SUCCESS,0,0.5186249863630574,High Anomaly
TXN0000157131,2024-02-06 12:50:53,Bill Payment,Education,631,18-25,26-35,Delhi,Kotak,PNB,iOS,WiFi,12,0,SUCCESS,0,0.5186169150054982,High Anomaly
TXN0000037225,2024-02-22 18:44:42,Bill Payment,Grocery,2240,56+,26-35,West Bengal,Yes Bank,Kotak,Web,WiFi,18,0,SUCCESS,0,0.5186158851043606,High Anomaly
TXN0000141116,2024-06-23 18:52:52,Bill Payment,Food,327,26-35,36-45,Rajasthan,PNB,PNB,Web,WiFi,18,1,SUCCESS,0,0.5185976665064203,High Anomaly
TXN0000175201,2024-09-13 05:06:31,P2P,Shopping,367,26-35,36-45,West Bengal,Kotak,Yes Bank,Web,WiFi,5,0,FAILED,0,0.5185905139777571,High Anomaly
TXN0000163972,2024-11-05 23:15:07,P2M,Entertainment,92,56+,56+,Telangana,Kotak,SBI,Android,WiFi,23,0,SUCCESS,0,0.5185867410763757,High Anomaly
TXN0000024071,2024-09-24 12:31:32,Bill Payment,Shopping,770,46-55,56+,Rajasthan,SBI,PNB,Web,4G,12,0,SUCCESS,0,0.5185780478273186,High Anomaly
TXN0000092829,2024-04-06 12:50:36,P2M,Shopping,110,46-55,56+,Rajasthan,IndusInd,Yes Bank,Android,3G,12,1,SUCCESS,0,0.5185777048443896,High Anomaly
TXN0000224235,2024-03-06 13:11:11,Recharge,Entertainment,368,18-25,18-25,Karnataka,Yes Bank,HDFC,Web,3G,13,0,SUCCESS,0,0.5185750912926137,High Anomaly
TXN0000056403,2024-04-14 04:12:26,P2P,Shopping,1441,46-55,36-45,Karnataka,Yes Bank,PNB,iOS,3G,4,1,SUCCESS,0,0.5185683975150819,High Anomaly
TXN0000185444,2024-11-17 06:53:01,Recharge,Entertainment,160,36-45,46-55,Rajasthan,PNB,ICICI,iOS,4G,6,1,SUCCESS,0,0.518566527705395,High Anomaly
TXN0000146963,2024-03-23 16:58:09,Bill Payment,Healthcare,470,36-45,18-25,Andhra Pradesh,ICICI,HDFC,iOS,WiFi,16,1,SUCCESS,0,0.5185575571946855,High Anomaly
TXN0000121361,2024-09-28 08:42:51,P2M,Healthcare,521,46-55,18-25,Andhra Pradesh,Yes Bank,Yes Bank,iOS,3G,8,1,SUCCESS,0,0.5185552354979509,High Anomaly
TXN0000183883,2024-07-05 03:53:58,P2P,Education,1309,18-25,56+,Delhi,IndusInd,IndusInd,iOS,3G,3,0,SUCCESS,0,0.5185523397975685,High Anomaly
TXN0000116826,2024-04-19 20:40:06,Bill Payment,Food,61,18-25,18-25,Karnataka,ICICI,PNB,Web,WiFi,20,0,SUCCESS,0,0.5185505898134715,High Anomaly
TXN0000235456,2024-10-21 22:27:34,Recharge,Fuel,3520,18-25,46-55,Karnataka,Yes Bank,HDFC,Web,4G,22,0,SUCCESS,0,0.5185494524802474,High Anomaly
TXN0000159673,2024-04-08 21:05:06,P2M,Shopping,4183,56+,18-25,Gujarat,Kotak,PNB,Web,4G,21,0,SUCCESS,0,0.5185434413943196,High Anomaly
TXN0000227349,2024-06-09 16:55:58,Bill Payment,Fuel,1616,18-25,18-25,West Bengal,SBI,Axis,iOS,3G,16,1,SUCCESS,0,0.5185434207259646,High Anomaly
TXN0000084528,2024-10-06 14:57:42,P2P,Education,2361,18-25,18-25,Karnataka,Axis,IndusInd,Web,WiFi,14,1,SUCCESS,0,0.5185137353812823,High Anomaly
TXN0000095192,2024-11-24 11:30:58,P2P,Food,76,56+,36-45,Maharashtra,Kotak,IndusInd,Web,5G,11,1,SUCCESS,0,0.5185132681887652,High Anomaly
TXN0000141951,2024-10-19 14:41:57,Recharge,Fuel,343,18-25,36-45,West Bengal,IndusInd,Kotak,iOS,5G,14,1,SUCCESS,0,0.5185025244914139,High Anomaly
TXN0000222238,2024-10-05 07:05:00,P2P,Fuel,3882,36-45,46-55,Maharashtra,PNB,HDFC,Web,WiFi,7,1,SUCCESS,0,0.5184945011326088,High Anomaly
TXN0000237448,2024-03-09 21:52:33,Recharge,Transport,845,36-45,56+,Rajasthan,Yes Bank,Axis,iOS,5G,21,1,SUCCESS,0,0.5184814297024398,High Anomaly
TXN0000155544,2024-08-13 20:14:55,P2M,Healthcare,609,56+,18-25,Karnataka,ICICI,SBI,iOS,3G,20,0,SUCCESS,0,0.5184767865128534,High Anomaly
TXN0000065568,2024-03-03 07:10:49,Recharge,Grocery,147,26-35,36-45,Karnataka,Yes Bank,Kotak,Web,5G,7,1,SUCCESS,0,0.518474060663063,High Anomaly
TXN0000109583,2024-05-25 10:23:07,P2P,Grocery,1318,56+,26-35,Tamil Nadu,SBI,PNB,Web,3G,10,1,SUCCESS,0,0.518459200758563,High Anomaly
TXN0000119903,2024-03-04 14:51:04,Bill Payment,Food,283,46-55,36-45,Delhi,ICICI,HDFC,Web,WiFi,14,0,SUCCESS,0,0.5184500153563096,High Anomaly
TXN0000055957,2024-03-20 19:32:45,Bill Payment,Entertainment,200,36-45,36-45,Delhi,Kotak,PNB,Web,3G,19,0,FAILED,0,0.5184323656295086,High Anomaly
TXN0000006527,2024-11-11 10:35:28,Bill Payment,Entertainment,253,46-55,56+,Rajasthan,IndusInd,Axis,iOS,4G,10,0,SUCCESS,0,0.5184221859346482,High Anomaly
TXN0000202660,2024-04-10 17:01:02,Bill Payment,Education,371,26-35,56+,Rajasthan,Yes Bank,SBI,iOS,WiFi,17,0,SUCCESS,0,0.5184133021434727,High Anomaly
TXN0000242498,2024-01-25 20:47:21,Bill Payment,Entertainment,63,56+,18-25,Delhi,Yes Bank,ICICI,iOS,3G,20,0,SUCCESS,0,0.5184114094551883,High Anomaly
TXN0000093464,2024-07-14 20:30:00,P2P,Transport,377,56+,46-55,Maharashtra,IndusInd,Axis,iOS,3G,20,1,SUCCESS,0,0.5183986646690643,High Anomaly
TXN0000179825,2024-01-22 14:26:53,Bill Payment,Fuel,2390,26-35,18-25,Uttar Pradesh,HDFC,IndusInd,Web,WiFi,14,0,SUCCESS,0,0.5183938844893606,High Anomaly
TXN0000162676,2024-07-14 22:08:48,Recharge,Utilities,291,36-45,18-25,Telangana,Kotak,PNB,Web,4G,22,1,SUCCESS,0,0.5183806741816374,High Anomaly
TXN0000184218,2024-10-31 20:53:08,Bill Payment,Entertainment,161,46-55,56+,Karnataka,Axis,HDFC,Android,WiFi,20,0,SUCCESS,0,0.5183780094662412,High Anomaly
TXN0000161974,2024-05-15 11:10:14,Bill Payment,Education,9038,46-55,46-55,Telangana,Axis,Axis,iOS,5G,11,0,SUCCESS,0,0.5183767599813095,High Anomaly
TXN0000025176,2024-02-03 12:26:20,Bill Payment,Utilities,1857,36-45,26-35,Karnataka,Yes Bank,Yes Bank,iOS,WiFi,12,1,SUCCESS,0,0.5183533717840094,High Anomaly
TXN0000230561,2024-10-18 09:26:09,P2M,Transport,71,56+,36-45,Telangana,HDFC,HDFC,iOS,3G,9,0,SUCCESS,0,0.5183523999409645,High Anomaly
TXN0000131359,2024-03-17 12:41:59,Bill Payment,Transport,177,18-25,46-55,Tamil Nadu,HDFC,Kotak,iOS,3G,12,1,SUCCESS,0,0.5183448946526111,High Anomaly
TXN0000000128,2024-09-14 13:32:47,Bill Payment,Entertainment,209,56+,46-55,Karnataka,HDFC,ICICI,Web,4G,13,1,SUCCESS,0,0.5183414160244302,High Anomaly
TXN0000106240,2024-04-18 12:41:39,Recharge,Entertainment,300,26-35,46-55,Gujarat,IndusInd,Axis,Web,4G,12,0,SUCCESS,0,0.5183217033437516,High Anomaly
TXN0000045087,2024-08-10 09:21:23,Bill Payment,Grocery,5809,36-45,26-35,West Bengal,SBI,Kotak,Web,WiFi,9,1,SUCCESS,0,0.5183137914339123,High Anomaly
TXN0000241006,2024-11-18 16:41:53,Recharge,Shopping,1491,18-25,26-35,Andhra Pradesh,SBI,Axis,Web,WiFi,16,0,SUCCESS,0,0.5183076992360912,High Anomaly
TXN0000160285,2024-10-12 10:38:08,P2P,Food,65,56+,36-45,Andhra Pradesh,Axis,Yes Bank,iOS,WiFi,10,1,FAILED,0,0.518268691014267,High Anomaly
TXN0000207157,2024-08-10 17:08:13,P2M,Education,4769,46-55,26-35,Gujarat,PNB,IndusInd,iOS,5G,17,1,SUCCESS,0,0.5182671125433773,High Anomaly
TXN0000200674,2024-03-10 18:21:38,Bill Payment,Utilities,2801,26-35,36-45,Maharashtra,ICICI,PNB,Web,3G,18,1,SUCCESS,0,0.5182480256838305,High Anomaly
TXN0000126767,2024-07-11 21:46:37,P2M,Transport,168,26-35,46-55,Rajasthan,Axis,Axis,Web,WiFi,21,0,SUCCESS,0,0.5182343951672785,High Anomaly
TXN0000024271,2024-12-24 07:09:39,P2P,Other,73,56+,36-45,Karnataka,Axis,IndusInd,iOS,WiFi,7,0,SUCCESS,0,0.5182148967024393,High Anomaly
TXN0000060344,2024-07-20 18:43:17,Bill Payment,Transport,306,18-25,46-55,West Bengal,ICICI,SBI,iOS,WiFi,18,1,SUCCESS,0,0.5182068852743482,High Anomaly
TXN0000044161,2024-06-30 11:58:18,Recharge,Shopping,4267,46-55,56+,Andhra Pradesh,PNB,SBI,Android,WiFi,11,1,SUCCESS,0,0.5182064687603102,High Anomaly
TXN0000228352,2024-07-29 21:31:01,P2M,Transport,28,46-55,36-45,Telangana,Kotak,Yes Bank,iOS,WiFi,21,0,SUCCESS,0,0.5182048868601735,High Anomaly
TXN0000021248,2024-03-02 10:36:43,P2M,Shopping,655,46-55,26-35,Tamil Nadu,IndusInd,PNB,Web,3G,10,1,SUCCESS,0,0.5181848697797209,High Anomaly
TXN0000249978,2024-12-01 08:54:51,Recharge,Grocery,2333,18-25,18-25,Maharashtra,HDFC,Kotak,Web,3G,8,1,SUCCESS,0,0.5181741961730848,High Anomaly
TXN0000084005,2024-10-06 18:42:21,P2M,Shopping,1776,56+,26-35,Rajasthan,HDFC,Yes Bank,iOS,3G,18,1,SUCCESS,0,0.5181730840948846,High Anomaly
TXN0000047328,2024-04-20 11:19:29,P2M,Entertainment,223,18-25,56+,Andhra Pradesh,Yes Bank,IndusInd,Web,4G,11,1,FAILED,0,0.5181673988852669,High Anomaly
TXN0000036827,2024-03-09 12:29:40,Recharge,Shopping,4960,56+,26-35,Andhra Pradesh,Axis,Kotak,Android,WiFi,12,1,SUCCESS,0,0.5181673018747913,High Anomaly
TXN0000100867,2024-02-11 00:46:10,Bill Payment,Healthcare,522,18-25,18-25,Delhi,SBI,HDFC,Web,WiFi,0,1,SUCCESS,0,0.5181615136592042,High Anomaly
TXN0000142833,2024-10-31 07:31:06,P2M,Fuel,387,18-25,46-55,Tamil Nadu,SBI,Kotak,Web,WiFi,7,0,SUCCESS,0,0.5181578511420033,High Anomaly
TXN0000125077,2024-10-16 00:47:52,P2M,Fuel,324,56+,36-45,West Bengal,Axis,SBI,iOS,3G,0,0,SUCCESS,0,0.5181491778646322,High Anomaly
TXN0000150114,2024-11-14 07:59:29,Bill Payment,Utilities,2300,36-45,18-25,Delhi,Yes Bank,IndusInd,Web,5G,7,0,SUCCESS,0,0.5181476353616936,High Anomaly
TXN0000109129,2024-05-14 19:30:28,P2M,Grocery,2569,46-55,36-45,Uttar Pradesh,Axis,Kotak,Web,3G,19,0,SUCCESS,0,0.5181326752069937,High Anomaly
TXN0000135471,2024-08-13 15:11:27,P2P,Utilities,3891,18-25,36-45,Andhra Pradesh,Axis,Axis,Web,3G,15,0,SUCCESS,0,0.5181298355318747,High Anomaly
TXN0000146849,2024-06-10 21:26:35,P2M,Grocery,2304,56+,26-35,Tamil Nadu,HDFC,PNB,Web,3G,21,0,SUCCESS,0,0.5181271423977877,High Anomaly
TXN0000065286,2024-03-03 19:38:24,Recharge,Fuel,2564,46-55,18-25,Tamil Nadu,HDFC,Kotak,iOS,5G,19,1,SUCCESS,0,0.5181130131912447,High Anomaly
TXN0000227080,2024-12-30 09:26:43,P2M,Fuel,636,36-45,36-45,Telangana,Kotak,PNB,Web,WiFi,9,0,SUCCESS,0,0.5181126089100748,High Anomaly
TXN0000181234,2024-08-09 07:56:11,Recharge,Fuel,2741,36-45,26-35,Andhra Pradesh,IndusInd,Axis,iOS,5G,7,0,SUCCESS,0,0.5180964982254691,High Anomaly
TXN0000020495,2024-04-09 18:46:09,P2P,Education,8909,46-55,56+,Karnataka,ICICI,IndusInd,iOS,4G,18,0,SUCCESS,0,0.5180847427356404,High Anomaly
TXN0000009908,2024-05-05 00:39:52,Recharge,Food,276,56+,36-45,Karnataka,HDFC,Axis,Android,3G,0,1,SUCCESS,0,0.5180796931940675,High Anomaly
TXN0000175670,2024-03-05 09:33:47,Recharge,Fuel,615,46-55,46-55,Karnataka,Axis,HDFC,iOS,5G,9,0,SUCCESS,0,0.5180789950048121,High Anomaly
TXN0000008262,2024-07-07 12:01:14,Recharge,Transport,58,56+,36-45,Delhi,PNB,SBI,iOS,4G,12,1,SUCCESS,0,0.5180643610136091,High Anomaly
TXN0000248483,2024-05-24 05:01:12,P2P,Grocery,340,56+,36-45,Rajasthan,ICICI,PNB,Web,5G,5,0,SUCCESS,0,0.5180637654575747,High Anomaly
TXN0000223311,2024-06-20 15:55:17,P2P,Fuel,1430,36-45,46-55,Andhra Pradesh,Kotak,IndusInd,iOS,3G,15,0,SUCCESS,0,0.5180591654116543,High Anomaly
TXN0000183408,2024-03-31 21:16:28,P2M,Transport,55,36-45,46-55,Uttar Pradesh,Kotak,HDFC,Web,5G,21,1,SUCCESS,0,0.5180528115190395,High Anomaly
TXN0000241965,2024-06-23 12:04:39,P2M,Grocery,1362,46-55,46-55,Gujarat,PNB,Yes Bank,iOS,3G,12,1,FAILED,0,0.5180525766498417,High Anomaly
TXN0000099553,2024-07-28 12:01:16,P2M,Entertainment,187,56+,56+,Karnataka,HDFC,SBI,Web,5G,12,1,SUCCESS,0,0.5180444335813603,High Anomaly
TXN0000047783,2024-09-05 11:46:30,P2M,Grocery,1074,56+,18-25,Tamil Nadu,ICICI,PNB,Web,WiFi,11,0,SUCCESS,0,0.5180383672351159,High Anomaly
TXN0000023417,2024-01-24 09:44:14,P2P,Transport,452,46-55,36-45,Rajasthan,Axis,ICICI,Web,WiFi,9,0,SUCCESS,0,0.5180284962371483,High Anomaly
TXN0000036409,2024-05-09 11:58:21,P2M,Transport,379,46-55,26-35,Delhi,IndusInd,HDFC,Web,WiFi,11,0,SUCCESS,0,0.5180162389152732,High Anomaly
TXN0000017862,2024-09-04 12:11:56,P2P,Shopping,4748,36-45,36-45,Telangana,Yes Bank,PNB,Web,WiFi,12,0,SUCCESS,0,0.5180159696584906,High Anomaly
TXN0000098377,2024-01-13 09:28:50,P2P,Food,179,36-45,26-35,Rajasthan,PNB,Yes Bank,Web,3G,9,1,SUCCESS,0,0.5180108414222651,High Anomaly
TXN0000131046,2024-12-30 04:01:47,P2M,Fuel,602,18-25,18-25,Delhi,HDFC,IndusInd,Web,3G,4,0,SUCCESS,0,0.5180058922490263,High Anomaly
TXN0000077035,2024-03-24 12:02:57,Recharge,Utilities,267,26-35,56+,Andhra Pradesh,Kotak,SBI,Web,4G,12,1,SUCCESS,0,0.5180054607152142,High Anomaly
TXN0000012148,2024-02-02 19:44:54,Bill Payment,Education,18521,36-45,56+,Uttar Pradesh,Axis,HDFC,iOS,5G,19,0,SUCCESS,0,0.5180054296842723,High Anomaly
TXN0000061095,2024-02-21 11:01:57,Bill Payment,Healthcare,284,26-35,56+,Delhi,Yes Bank,IndusInd,Web,5G,11,0,SUCCESS,0,0.5180023392191203,High Anomaly
TXN0000149794,2024-03-26 13:45:04,Recharge,Grocery,500,36-45,56+,Rajasthan,HDFC,Kotak,Web,4G,13,0,SUCCESS,0,0.5179993734245306,High Anomaly
TXN0000210051,2024-06-30 08:19:55,Bill Payment,Education,2908,18-25,56+,West Bengal,Yes Bank,SBI,iOS,5G,8,1,FAILED,0,0.5179984381687022,High Anomaly
TXN0000202525,2024-01-31 11:32:12,P2P,Transport,189,56+,46-55,West Bengal,SBI,HDFC,iOS,3G,11,0,SUCCESS,0,0.5179946120403436,High Anomaly
TXN0000042409,2024-10-15 22:43:41,P2P,Fuel,2513,26-35,46-55,Delhi,ICICI,PNB,Web,3G,22,0,SUCCESS,0,0.5179849068974716,High Anomaly
TXN0000160464,2024-09-21 16:43:42,P2M,Transport,54,36-45,46-55,Rajasthan,Yes Bank,IndusInd,iOS,WiFi,16,1,SUCCESS,0,0.5179789684555988,High Anomaly
TXN0000243193,2024-04-21 13:38:01,P2M,Fuel,3494,36-45,56+,Karnataka,IndusInd,HDFC,iOS,WiFi,13,1,SUCCESS,0,0.517963087093802,High Anomaly
TXN0000028813,2024-12-15 11:18:14,P2P,Fuel,2100,56+,18-25,Maharashtra,Yes Bank,PNB,iOS,3G,11,1,SUCCESS,0,0.5179543433528017,High Anomaly
TXN0000223450,2024-09-27 15:35:11,Recharge,Grocery,4072,56+,46-55,West Bengal,Yes Bank,IndusInd,iOS,4G,15,0,SUCCESS,0,0.5179392691660104,High Anomaly
TXN0000231612,2024-04-05 10:06:26,Recharge,Utilities,390,56+,46-55,Tamil Nadu,HDFC,Kotak,Android,3G,10,0,SUCCESS,0,0.517928378054218,High Anomaly
TXN0000050949,2024-09-02 15:18:13,P2M,Transport,61,46-55,46-55,Telangana,HDFC,IndusInd,Web,5G,15,0,SUCCESS,0,0.5179246721577644,High Anomaly
TXN0000021532,2024-10-03 22:35:17,Recharge,Grocery,2469,36-45,46-55,Rajasthan,PNB,IndusInd,iOS,5G,22,0,SUCCESS,0,0.5179212434763428,High Anomaly
TXN0000244764,2024-04-14 10:27:40,Bill Payment,Education,6812,36-45,36-45,Maharashtra,Axis,HDFC,Web,5G,10,1,SUCCESS,0,0.5179189441586349,High Anomaly
TXN0000091600,2024-08-20 13:02:19,Recharge,Education,1563,36-45,46-55,Delhi,SBI,Yes Bank,Web,5G,13,0,SUCCESS,0,0.5179121412806944,High Anomaly
TXN0000098198,2024-01-20 01:46:13,P2M,Shopping,413,46-55,56+,Tamil Nadu,HDFC,Axis,iOS,5G,1,1,SUCCESS,0,0.5179049462510948,High Anomaly
TXN0000143443,2024-06-30 14:54:34,Recharge,Shopping,1512,46-55,18-25,Maharashtra,Yes Bank,Kotak,iOS,5G,14,1,SUCCESS,0,0.5179022433301327,High Anomaly
TXN0000220369,2024-05-25 19:08:53,P2M,Utilities,6483,36-45,56+,Karnataka,SBI,SBI,Web,3G,19,1,SUCCESS,0,0.5178957583285912,High Anomaly
TXN0000244355,2024-10-27 20:16:37,P2M,Food,317,56+,56+,Maharashtra,Yes Bank,HDFC,iOS,WiFi,20,1,SUCCESS,0,0.5178944211058599,High Anomaly
TXN0000027316,2024-10-28 12:42:27,Bill Payment,Food,70,18-25,46-55,Andhra Pradesh,Yes Bank,ICICI,iOS,WiFi,12,0,SUCCESS,0,0.5178871413800433,High Anomaly
TXN0000018034,2024-08-18 20:16:39,Recharge,Transport,229,46-55,36-45,Rajasthan,Axis,Yes Bank,iOS,4G,20,1,SUCCESS,0,0.5178805676761729,High Anomaly
TXN0000032301,2024-04-08 17:53:13,Recharge,Entertainment,527,26-35,56+,Maharashtra,HDFC,IndusInd,Web,4G,17,0,SUCCESS,0,0.5178559812345241,High Anomaly
TXN0000080549,2024-03-23 22:50:36,P2P,Food,220,46-55,56+,Karnataka,ICICI,SBI,iOS,3G,22,1,SUCCESS,0,0.51785274177204,High Anomaly
TXN0000115421,2024-11-13 19:27:21,P2P,Shopping,1774,46-55,26-35,Telangana,IndusInd,Axis,Web,3G,19,0,SUCCESS,0,0.5178391728801015,High Anomaly
TXN0000137723,2024-04-20 21:10:29,Bill Payment,Entertainment,139,18-25,56+,Telangana,Axis,IndusInd,iOS,4G,21,1,SUCCESS,0,0.5178333865432669,High Anomaly
TXN0000173399,2024-11-03 12:10:53,P2P,Shopping,10686,26-35,36-45,West Bengal,Yes Bank,IndusInd,Web,WiFi,12,1,SUCCESS,0,0.5178325898797745,High Anomaly
TXN0000014620,2024-03-12 13:11:15,Bill Payment,Transport,62,18-25,26-35,Rajasthan,Yes Bank,IndusInd,iOS,WiFi,13,0,SUCCESS,0,0.5178323365048928,High Anomaly
TXN0000003628,2024-12-20 08:47:04,Bill Payment,Healthcare,901,56+,18-25,Tamil Nadu,PNB,ICICI,iOS,5G,8,0,FAILED,0,0.5178221003518189,High Anomaly
TXN0000004993,2024-04-08 11:09:13,Recharge,Education,9019,26-35,56+,Andhra Pradesh,Yes Bank,HDFC,iOS,5G,11,0,SUCCESS,0,0.5178200997748799,High Anomaly
TXN0000160080,2024-09-28 13:22:18,Bill Payment,Healthcare,987,56+,46-55,Karnataka,HDFC,Kotak,Android,WiFi,13,1,SUCCESS,0,0.5178008790576586,High Anomaly
TXN0000071933,2024-09-15 20:33:18,P2M,Education,2088,56+,18-25,Delhi,SBI,IndusInd,iOS,WiFi,20,1,SUCCESS,0,0.5177974654784857,High Anomaly
TXN0000057588,2024-09-09 06:32:47,Recharge,Fuel,444,26-35,36-45,Tamil Nadu,IndusInd,IndusInd,iOS,5G,6,0,SUCCESS,0,0.5177955406051955,High Anomaly
TXN0000081072,2024-06-24 20:32:44,Bill Payment,Shopping,6444,18-25,26-35,Delhi,HDFC,IndusInd,Web,WiFi,20,0,SUCCESS,0,0.5177514496765384,High Anomaly
TXN0000079210,2024-02-27 09:34:32,P2P,Transport,191,36-45,56+,Telangana,PNB,PNB,Web,5G,9,0,SUCCESS,0,0.5177462961055029,High Anomaly
TXN0000079542,2024-04-16 13:24:19,Bill Payment,Grocery,184,18-25,56+,Karnataka,HDFC,IndusInd,Web,5G,13,0,SUCCESS,0,0.517746273716,High Anomaly
TXN0000086738,2024-02-13 08:00:58,P2M,Grocery,138,18-25,56+,Gujarat,Axis,PNB,iOS,3G,8,0,SUCCESS,0,0.5177410699260693,High Anomaly
TXN0000224217,2024-07-07 01:51:08,P2M,Fuel,521,26-35,18-25,Rajasthan,PNB,PNB,Web,WiFi,1,1,SUCCESS,0,0.517739796099294,High Anomaly
TXN0000008700,2024-05-29 11:15:25,P2M,Education,2484,46-55,36-45,Karnataka,Kotak,Yes Bank,Web,5G,11,0,SUCCESS,0,0.517719737696784,High Anomaly
TXN0000047579,2024-04-08 17:31:09,Recharge,Utilities,3667,18-25,18-25,Telangana,Yes Bank,Yes Bank,Web,5G,17,0,SUCCESS,0,0.5177191570730992,High Anomaly
TXN0000033909,2024-09-14 08:51:54,Recharge,Entertainment,131,36-45,18-25,West Bengal,HDFC,Yes Bank,iOS,5G,8,1,SUCCESS,0,0.517717849663301,High Anomaly
TXN0000104209,2024-07-26 21:43:59,Recharge,Entertainment,93,56+,56+,Rajasthan,IndusInd,SBI,Android,WiFi,21,0,SUCCESS,1,0.5177161357468429,High Anomaly
TXN0000153688,2024-05-08 08:46:37,P2M,Utilities,3880,36-45,56+,Gujarat,Axis,Axis,iOS,3G,8,0,SUCCESS,0,0.5176895862403145,High Anomaly
TXN0000180548,2024-03-14 07:05:05,Bill Payment,Shopping,863,18-25,36-45,Delhi,HDFC,PNB,iOS,3G,7,0,SUCCESS,0,0.5176797817038625,High Anomaly
TXN0000097124,2024-01-29 01:43:40,P2P,Utilities,1142,36-45,46-55,Tamil Nadu,ICICI,Kotak,Web,WiFi,1,0,FAILED,0,0.5176693207933626,High Anomaly
TXN0000016533,2024-11-09 15:08:59,P2M,Transport,183,36-45,56+,Karnataka,Axis,Kotak,Web,5G,15,1,SUCCESS,0,0.5176675933248758,High Anomaly
TXN0000089388,2024-08-25 22:50:48,P2M,Education,4713,46-55,46-55,Gujarat,HDFC,PNB,Web,4G,22,1,SUCCESS,0,0.5176487608440997,High Anomaly
TXN0000139810,2024-04-07 13:30:59,P2P,Shopping,3337,46-55,26-35,Gujarat,HDFC,IndusInd,Web,WiFi,13,1,SUCCESS,0,0.5176407428735467,High Anomaly
TXN0000040680,2024-06-09 21:26:53,Recharge,Food,205,18-25,56+,Delhi,Kotak,PNB,iOS,4G,21,1,SUCCESS,0,0.5176272875534084,High Anomaly
TXN0000055400,2024-05-18 20:23:31,P2P,Grocery,3530,46-55,26-35,Telangana,PNB,Kotak,Web,WiFi,20,1,SUCCESS,0,0.5176259745685826,High Anomaly
TXN0000101563,2024-04-24 01:37:11,P2P,Shopping,570,36-45,18-25,Karnataka,PNB,ICICI,Web,3G,1,0,SUCCESS,0,0.5176236780326885,High Anomaly
TXN0000015370,2024-08-19 18:34:09,P2M,Healthcare,3349,56+,18-25,Telangana,Kotak,Axis,Web,5G,18,0,SUCCESS,0,0.517619260182636,High Anomaly
TXN0000086774,2024-02-10 16:55:50,P2M,Utilities,3526,36-45,46-55,Maharashtra,IndusInd,HDFC,iOS,WiFi,16,1,SUCCESS,0,0.5176097129910577,High Anomaly
TXN0000209370,2024-04-27 14:08:57,Bill Payment,Food,52,46-55,18-25,Telangana,ICICI,SBI,iOS,WiFi,14,1,SUCCESS,0,0.5176039125235097,High Anomaly
TXN0000085614,2024-12-22 17:25:06,Bill Payment,Grocery,1644,18-25,46-55,Telangana,HDFC,Axis,iOS,WiFi,17,1,SUCCESS,0,0.5175914548608951,High Anomaly
TXN0000158135,2024-07-17 18:16:14,Bill Payment,Shopping,305,26-35,46-55,Tamil Nadu,PNB,HDFC,Web,3G,18,0,SUCCESS,0,0.5175869944833772,High Anomaly
TXN0000044786,2024-07-13 19:41:17,Recharge,Healthcare,917,56+,36-45,Andhra Pradesh,Yes Bank,Kotak,iOS,4G,19,1,SUCCESS,0,0.517585742218752,High Anomaly
TXN0000074787,2024-01-07 21:34:35,Recharge,Fuel,2675,18-25,36-45,Delhi,Kotak,ICICI,Web,5G,21,1,SUCCESS,0,0.517577259332208,High Anomaly
TXN0000232214,2024-08-07 20:21:44,P2M,Healthcare,2066,56+,26-35,Delhi,ICICI,Axis,iOS,WiFi,20,0,SUCCESS,0,0.5175731738855253,High Anomaly
TXN0000238254,2024-01-30 21:22:03,P2M,Utilities,1816,56+,18-25,Rajasthan,HDFC,HDFC,Web,WiFi,21,0,SUCCESS,0,0.5175601096645587,High Anomaly
TXN0000072501,2024-01-07 18:13:59,P2P,Healthcare,731,46-55,46-55,Uttar Pradesh,ICICI,HDFC,iOS,WiFi,18,1,SUCCESS,0,0.5175573495245062,High Anomaly
TXN0000040056,2024-11-03 09:28:10,Bill Payment,Food,723,36-45,26-35,Maharashtra,ICICI,ICICI,Web,WiFi,9,1,SUCCESS,0,0.5175513343132435,High Anomaly
TXN0000229113,2024-08-13 18:41:37,P2M,Shopping,1176,56+,56+,West Bengal,HDFC,Yes Bank,Web,4G,18,0,SUCCESS,0,0.5175275639279396,High Anomaly
TXN0000119051,2024-10-20 17:35:28,P2P,Shopping,1100,46-55,18-25,Uttar Pradesh,ICICI,Yes Bank,Web,WiFi,17,1,SUCCESS,0,0.5175246919341578,High Anomaly
TXN0000089912,2024-02-03 21:31:17,P2M,Utilities,2147,46-55,46-55,West Bengal,ICICI,SBI,iOS,WiFi,21,1,SUCCESS,0,0.5175120495228055,High Anomaly
TXN0000173844,2024-04-21 20:30:26,P2M,Other,545,46-55,26-35,Telangana,Kotak,SBI,Web,3G,20,1,SUCCESS,0,0.5175097815978638,High Anomaly
TXN0000187950,2024-10-01 21:03:37,Recharge,Education,3945,18-25,46-55,Rajasthan,PNB,Kotak,Android,WiFi,21,0,SUCCESS,0,0.5174804033816588,High Anomaly
TXN0000152739,2024-07-12 12:16:27,Recharge,Utilities,1331,18-25,18-25,Karnataka,Axis,PNB,iOS,3G,12,0,SUCCESS,0,0.5174741021552144,High Anomaly
TXN0000223186,2024-07-30 20:04:02,P2M,Education,4192,36-45,56+,Maharashtra,SBI,PNB,Web,5G,20,0,SUCCESS,0,0.5174325924401039,High Anomaly
TXN0000243697,2024-03-23 08:46:56,Recharge,Transport,107,46-55,18-25,Uttar Pradesh,IndusInd,PNB,Android,WiFi,8,1,SUCCESS,0,0.517422073480048,High Anomaly
TXN0000142338,2024-03-15 02:35:47,Recharge,Entertainment,368,26-35,36-45,Delhi,Axis,HDFC,Web,WiFi,2,0,SUCCESS,0,0.5174132167990638,High Anomaly
TXN0000192571,2024-06-01 21:02:12,Recharge,Grocery,172,36-45,46-55,Andhra Pradesh,Kotak,PNB,iOS,5G,21,1,SUCCESS,0,0.5174107949322992,High Anomaly
TXN0000075175,2024-04-05 21:01:01,P2P,Utilities,5207,36-45,56+,Uttar Pradesh,Axis,ICICI,Web,WiFi,21,0,SUCCESS,0,0.5174080580462865,High Anomaly
TXN0000145366,2024-01-11 15:29:57,Recharge,Fuel,1407,56+,18-25,Maharashtra,PNB,Axis,Web,4G,15,0,SUCCESS,0,0.5173990200706867,High Anomaly
TXN0000038852,2024-11-24 15:16:17,P2P,Shopping,1318,18-25,36-45,Telangana,Axis,Axis,iOS,3G,15,1,SUCCESS,0,0.517395097407628,High Anomaly
TXN0000197595,2024-07-11 17:07:37,P2P,Utilities,4448,56+,56+,Tamil Nadu,IndusInd,IndusInd,Web,5G,17,0,SUCCESS,0,0.5173941728737707,High Anomaly
TXN0000179787,2024-01-16 11:58:13,P2P,Food,136,36-45,56+,Gujarat,PNB,Yes Bank,Web,WiFi,11,0,SUCCESS,0,0.5173917231943361,High Anomaly
TXN0000102117,2024-06-13 21:49:00,Bill Payment,Fuel,423,46-55,18-25,Tamil Nadu,HDFC,HDFC,Web,3G,21,0,SUCCESS,0,0.5173829085548355,High Anomaly
TXN0000112208,2024-04-30 11:08:16,P2M,Shopping,202,46-55,46-55,Karnataka,Yes Bank,SBI,Web,5G,11,0,FAILED,0,0.5173793589399313,High Anomaly
TXN0000091079,2024-10-27 17:50:40,P2P,Food,105,36-45,56+,Tamil Nadu,PNB,SBI,Web,WiFi,17,1,SUCCESS,0,0.5173784791970302,High Anomaly
TXN0000035254,2024-01-12 04:14:09,Bill Payment,Entertainment,283,46-55,46-55,Telangana,IndusInd,Kotak,Android,WiFi,4,0,SUCCESS,0,0.5173572929981455,High Anomaly
TXN0000114424,2024-08-15 11:51:44,P2P,Grocery,155,56+,56+,Delhi,ICICI,IndusInd,iOS,WiFi,11,0,SUCCESS,0,0.5173571814998351,High Anomaly
TXN0000242040,2024-02-25 06:15:58,Bill Payment,Entertainment,129,26-35,26-35,Rajasthan,HDFC,Axis,Web,4G,6,1,SUCCESS,0,0.5173423687850751,High Anomaly
TXN0000157161,2024-06-23 12:27:53,P2M,Transport,952,46-55,26-35,Rajasthan,IndusInd,Axis,Web,WiFi,12,1,FAILED,0,0.5173392939199439,High Anomaly
TXN0000247395,2024-10-09 23:26:35,P2P,Shopping,457,46-55,36-45,Tamil Nadu,ICICI,ICICI,Web,WiFi,23,0,SUCCESS,0,0.5173392333657514,High Anomaly
TXN0000020178,2024-03-03 19:25:12,Bill Payment,Other,130,36-45,56+,Rajasthan,HDFC,HDFC,iOS,5G,19,1,SUCCESS,0,0.5173373230693298,High Anomaly
TXN0000148608,2024-07-30 04:03:54,Bill Payment,Utilities,10112,56+,26-35,Rajasthan,Kotak,HDFC,iOS,5G,4,0,SUCCESS,0,0.5173322616585733,High Anomaly
TXN0000217909,2024-04-20 01:10:27,Bill Payment,Other,704,18-25,36-45,Delhi,Kotak,Axis,iOS,3G,1,1,SUCCESS,0,0.5173305997406819,High Anomaly
TXN0000198154,2024-05-06 11:13:03,Bill Payment,Utilities,6858,18-25,26-35,Telangana,SBI,HDFC,Web,WiFi,11,0,SUCCESS,0,0.5173177274129802,High Anomaly
TXN0000105757,2024-05-14 10:09:12,P2M,Food,957,56+,26-35,Rajasthan,Yes Bank,IndusInd,Web,WiFi,10,0,SUCCESS,0,0.5173148891804354,High Anomaly
TXN0000192588,2024-10-23 19:10:03,Recharge,Entertainment,121,46-55,56+,Tamil Nadu,SBI,PNB,Android,WiFi,19,0,SUCCESS,0,0.5173146056197075,High Anomaly
TXN0000149284,2024-06-29 10:47:11,Recharge,Fuel,338,18-25,18-25,West Bengal,Kotak,HDFC,iOS,3G,10,1,SUCCESS,0,0.5173144810065563,High Anomaly
TXN0000048089,2024-04-15 17:01:13,Bill Payment,Fuel,697,46-55,26-35,Karnataka,ICICI,ICICI,Web,WiFi,17,0,SUCCESS,0,0.5173118883266034,High Anomaly
TXN0000077785,2024-05-28 03:37:44,Bill Payment,Grocery,3281,26-35,56+,Rajasthan,Yes Bank,HDFC,Web,5G,3,0,SUCCESS,0,0.5172843266010559,High Anomaly
TXN0000046949,2024-04-22 15:30:13,P2M,Fuel,1036,18-25,18-25,Gujarat,Axis,PNB,Web,3G,15,0,SUCCESS,0,0.5172617909417305,High Anomaly
TXN0000222970,2024-03-10 12:05:44,P2M,Entertainment,261,56+,46-55,Rajasthan,HDFC,PNB,Web,4G,12,1,SUCCESS,0,0.5172608538736863,High Anomaly
TXN0000201987,2024-12-08 22:21:41,P2P,Grocery,1543,36-45,56+,Gujarat,PNB,HDFC,Web,5G,22,1,SUCCESS,0,0.5172506230024896,High Anomaly
TXN0000012083,2024-01-29 04:07:21,P2P,Fuel,1266,56+,46-55,Rajasthan,PNB,Axis,Web,4G,4,0,SUCCESS,0,0.5172262413464015,High Anomaly
TXN0000198538,2024-02-20 11:36:53,Bill Payment,Healthcare,181,18-25,18-25,Karnataka,ICICI,SBI,Web,WiFi,11,0,SUCCESS,0,0.517222331186626,High Anomaly
TXN0000035032,2024-06-23 11:57:29,Bill Payment,Healthcare,164,26-35,46-55,Gujarat,PNB,SBI,Web,4G,11,1,SUCCESS,0,0.5172161016349115,High Anomaly
TXN0000079200,2024-07-25 21:37:35,P2P,Fuel,1501,26-35,18-25,West Bengal,ICICI,Axis,Web,3G,21,0,SUCCESS,0,0.5172094871678407,High Anomaly
TXN0000212622,2024-06-23 16:18:47,P2P,Shopping,5972,36-45,56+,Tamil Nadu,Yes Bank,Yes Bank,Web,5G,16,1,SUCCESS,0,0.5172079400519224,High Anomaly
TXN0000018815,2024-03-22 05:30:34,P2M,Transport,98,46-55,36-45,Andhra Pradesh,IndusInd,ICICI,iOS,WiFi,5,0,SUCCESS,0,0.5172066151342132,High Anomaly
TXN0000038865,2024-08-21 08:26:16,P2M,Other,177,56+,46-55,Telangana,Yes Bank,IndusInd,Web,4G,8,0,SUCCESS,0,0.5172010533266221,High Anomaly
TXN0000150744,2024-09-14 06:14:59,Bill Payment,Fuel,2468,18-25,26-35,West Bengal,Axis,Axis,Web,5G,6,1,SUCCESS,0,0.5171980837018828,High Anomaly
TXN0000236358,2024-11-30 18:17:54,Bill Payment,Food,85,36-45,36-45,Delhi,PNB,Kotak,Web,WiFi,18,1,SUCCESS,0,0.5171962869330399,High Anomaly
TXN0000129742,2024-02-10 17:52:18,P2P,Fuel,462,18-25,56+,Andhra Pradesh,PNB,PNB,iOS,3G,17,1,SUCCESS,0,0.5171870947746324,High Anomaly
TXN0000154246,2024-07-23 07:57:25,P2P,Entertainment,369,18-25,46-55,Maharashtra,PNB,Axis,iOS,3G,7,0,FAILED,0,0.5171755544714215,High Anomaly
TXN0000218917,2024-11-23 14:20:25,Recharge,Healthcare,858,46-55,36-45,Maharashtra,SBI,Yes Bank,iOS,3G,14,1,SUCCESS,0,0.5171697077807804,High Anomaly
TXN0000100463,2024-07-18 13:23:14,Recharge,Entertainment,388,46-55,18-25,Telangana,Axis,PNB,Web,4G,13,0,SUCCESS,0,0.5171636089249758,High Anomaly
TXN0000015661,2024-06-11 18:33:04,Bill Payment,Healthcare,407,36-45,36-45,West Bengal,IndusInd,ICICI,iOS,WiFi,18,0,SUCCESS,0,0.517158033386587,High Anomaly
TXN0000143476,2024-04-23 12:26:59,Bill Payment,Other,755,18-25,26-35,Gujarat,Kotak,PNB,iOS,WiFi,12,0,SUCCESS,0,0.5171521371231903,High Anomaly
TXN0000141089,2024-12-15 21:32:09,Bill Payment,Shopping,5833,36-45,18-25,Gujarat,SBI,PNB,Web,5G,21,1,SUCCESS,0,0.5171442224667598,High Anomaly
TXN0000248066,2024-05-11 13:12:37,Bill Payment,Fuel,509,46-55,46-55,Karnataka,IndusInd,Yes Bank,Android,3G,13,1,SUCCESS,0,0.5171406592559068,High Anomaly
TXN0000044793,2024-02-27 13:45:43,Bill Payment,Food,1379,18-25,46-55,Rajasthan,HDFC,Yes Bank,iOS,WiFi,13,0,SUCCESS,0,0.5171405780809544,High Anomaly
TXN0000079860,2024-02-24 20:21:05,Bill Payment,Shopping,305,36-45,18-25,Uttar Pradesh,Yes Bank,SBI,Web,WiFi,20,1,SUCCESS,0,0.5171347427239191,High Anomaly
TXN0000207218,2024-10-17 11:38:16,P2P,Food,498,56+,46-55,Maharashtra,HDFC,PNB,iOS,3G,11,0,SUCCESS,0,0.5171227372931279,High Anomaly
TXN0000066903,2024-01-13 19:45:00,P2M,Education,7307,36-45,46-55,Andhra Pradesh,Yes Bank,ICICI,Web,5G,19,1,SUCCESS,0,0.5171158982303337,High Anomaly
TXN0000154296,2024-08-19 13:33:03,P2M,Entertainment,169,36-45,46-55,Tamil Nadu,Kotak,Yes Bank,Web,3G,13,0,SUCCESS,0,0.5171117704984821,High Anomaly
TXN0000045423,2024-11-17 11:29:14,Bill Payment,Education,1429,18-25,36-45,Maharashtra,PNB,Kotak,Web,5G,11,1,SUCCESS,0,0.5170765763630363,High Anomaly
TXN0000167896,2024-04-12 22:34:45,Recharge,Other,1153,36-45,46-55,Karnataka,PNB,HDFC,Web,5G,22,0,SUCCESS,0,0.517071783635991,High Anomaly
TXN0000069634,2024-09-29 01:50:46,Bill Payment,Fuel,922,46-55,26-35,West Bengal,ICICI,SBI,iOS,3G,1,1,SUCCESS,0,0.5170712998237768,High Anomaly
TXN0000178868,2024-05-07 17:09:29,P2P,Education,8913,26-35,46-55,Tamil Nadu,SBI,PNB,Web,WiFi,17,0,SUCCESS,0,0.5170646273590015,High Anomaly
TXN0000102497,2024-08-07 19:39:48,P2M,Shopping,714,36-45,46-55,Maharashtra,Axis,Yes Bank,Web,WiFi,19,0,SUCCESS,0,0.5170588286857497,High Anomaly
TXN0000018270,2024-05-30 20:59:34,Bill Payment,Shopping,2508,36-45,46-55,Delhi,PNB,PNB,iOS,3G,20,0,SUCCESS,0,0.5170482401102628,High Anomaly
TXN0000230126,2024-06-02 03:20:53,Bill Payment,Shopping,178,18-25,46-55,Gujarat,HDFC,PNB,Android,WiFi,3,1,SUCCESS,0,0.5170459581782574,High Anomaly
TXN0000071054,2024-04-10 06:36:16,P2M,Shopping,1726,18-25,18-25,Uttar Pradesh,HDFC,Axis,Web,3G,6,0,SUCCESS,0,0.5170366832658091,High Anomaly
TXN0000007348,2024-05-24 06:45:58,Recharge,Transport,122,36-45,46-55,Gujarat,Kotak,IndusInd,iOS,5G,6,0,SUCCESS,0,0.5170359143913731,High Anomaly
TXN0000172715,2024-08-18 10:39:50,Bill Payment,Fuel,1577,26-35,46-55,Gujarat,Axis,Axis,iOS,WiFi,10,1,SUCCESS,0,0.5170311253255193,High Anomaly
TXN0000138180,2024-05-22 02:41:55,P2M,Shopping,556,56+,18-25,Gujarat,Kotak,Kotak,iOS,3G,2,0,SUCCESS,0,0.5170228474930129,High Anomaly
TXN0000058518,2024-03-30 08:34:50,P2P,Entertainment,111,26-35,46-55,Andhra Pradesh,ICICI,ICICI,iOS,3G,8,1,SUCCESS,0,0.5170199034235112,High Anomaly
TXN0000161243,2024-09-14 12:16:46,Recharge,Utilities,3242,36-45,46-55,West Bengal,SBI,HDFC,Web,4G,12,1,SUCCESS,0,0.5170068561657293,High Anomaly
TXN0000183730,2024-10-24 04:17:02,P2M,Shopping,6883,18-25,18-25,Gujarat,PNB,Kotak,Web,WiFi,4,0,SUCCESS,0,0.5169995690716302,High Anomaly
TXN0000177044,2024-10-13 08:42:10,Bill Payment,Transport,152,46-55,36-45,Maharashtra,HDFC,Yes Bank,iOS,WiFi,8,1,SUCCESS,0,0.5169956013353015,High Anomaly
TXN0000017726,2024-12-08 20:31:18,P2M,Fuel,1191,46-55,46-55,West Bengal,PNB,Axis,iOS,WiFi,20,1,SUCCESS,0,0.5169928444551922,High Anomaly
TXN0000232590,2024-07-20 16:09:56,P2M,Entertainment,153,26-35,56+,Rajasthan,Axis,ICICI,iOS,WiFi,16,1,FAILED,0,0.5169924409468866,High Anomaly
TXN0000093204,2024-08-06 11:04:40,Bill Payment,Utilities,176,26-35,46-55,Telangana,Axis,PNB,iOS,WiFi,11,0,SUCCESS,0,0.5169825365314352,High Anomaly
TXN0000091648,2024-03-02 05:00:02,Bill Payment,Education,1298,18-25,46-55,West Bengal,HDFC,ICICI,Web,4G,5,1,SUCCESS,0,0.5169789427809462,High Anomaly
TXN0000158765,2024-05-04 05:56:30,Bill Payment,Utilities,3346,56+,26-35,Karnataka,HDFC,IndusInd,Android,WiFi,5,1,SUCCESS,0,0.5169762475367226,High Anomaly
TXN0000002587,2024-08-23 06:02:18,Bill Payment,Shopping,4165,18-25,56+,Gujarat,Axis,PNB,Android,3G,6,0,SUCCESS,0,0.5169148141970397,High Anomaly
TXN0000218592,2024-01-14 23:10:53,P2M,Healthcare,872,46-55,18-25,Andhra Pradesh,HDFC,Axis,Web,5G,23,1,SUCCESS,0,0.5169053748065925,High Anomaly
TXN0000037159,2024-03-10 22:34:26,P2M,Shopping,1201,26-35,26-35,West Bengal,HDFC,IndusInd,Web,WiFi,22,1,SUCCESS,0,0.5169051218399494,High Anomaly
TXN0000020534,2024-10-20 22:55:23,Recharge,Food,505,18-25,26-35,Andhra Pradesh,Axis,SBI,Web,WiFi,22,1,SUCCESS,0,0.5168949125371443,High Anomaly
TXN0000047168,2024-04-26 21:43:52,Recharge,Fuel,389,36-45,56+,Maharashtra,IndusInd,SBI,iOS,WiFi,21,0,SUCCESS,0,0.5168936520350189,High Anomaly
TXN0000147244,2024-09-24 13:11:08,Bill Payment,Fuel,1898,26-35,56+,Delhi,Yes Bank,Axis,iOS,WiFi,13,0,SUCCESS,0,0.5168923510394461,High Anomaly
TXN0000178687,2024-07-13 19:30:35,P2M,Shopping,242,56+,26-35,Delhi,PNB,PNB,Web,4G,19,1,SUCCESS,0,0.5168922141404357,High Anomaly
TXN0000145838,2024-09-17 10:06:00,Bill Payment,Shopping,1828,36-45,18-25,Gujarat,HDFC,PNB,Web,5G,10,0,SUCCESS,0,0.516875668810069,High Anomaly
TXN0000201833,2024-12-30 17:52:38,P2P,Education,14484,26-35,46-55,Delhi,HDFC,PNB,Web,3G,17,0,SUCCESS,0,0.5168711122885911,High Anomaly
TXN0000108911,2024-03-27 13:07:00,P2M,Fuel,1191,18-25,56+,Maharashtra,ICICI,PNB,iOS,WiFi,13,0,SUCCESS,0,0.5168663169081407,High Anomaly
TXN0000060594,2024-04-29 07:06:28,Bill Payment,Food,54,56+,26-35,Gujarat,Kotak,Yes Bank,Web,5G,7,0,SUCCESS,0,0.5168596848068742,High Anomaly
TXN0000054817,2024-12-11 23:48:18,P2M,Fuel,1650,56+,56+,Tamil Nadu,SBI,PNB,Android,3G,23,0,SUCCESS,0,0.5168317950712774,High Anomaly
TXN0000176521,2024-07-26 17:24:28,P2P,Food,115,56+,18-25,Rajasthan,IndusInd,Yes Bank,Web,WiFi,17,0,SUCCESS,0,0.5167994074512424,High Anomaly
TXN0000109297,2024-08-02 22:27:39,Recharge,Grocery,523,36-45,56+,Gujarat,HDFC,Axis,iOS,WiFi,22,0,SUCCESS,0,0.5167993287604424,High Anomaly
TXN0000110404,2024-11-12 20:40:51,Bill Payment,Shopping,3410,46-55,36-45,Andhra Pradesh,ICICI,Kotak,iOS,WiFi,20,0,SUCCESS,0,0.5167907542896552,High Anomaly
TXN0000222466,2024-03-28 20:05:38,Bill Payment,Shopping,328,56+,26-35,Karnataka,Axis,ICICI,Web,5G,20,0,SUCCESS,0,0.5167895941564224,High Anomaly
TXN0000069489,2024-07-02 09:34:33,P2P,Utilities,2744,56+,46-55,Karnataka,ICICI,ICICI,iOS,3G,9,0,SUCCESS,0,0.516779544150454,High Anomaly
TXN0000043702,2024-05-06 21:17:47,Recharge,Shopping,592,18-25,26-35,Rajasthan,Kotak,Kotak,Web,5G,21,0,SUCCESS,0,0.5167747134527299,High Anomaly
TXN0000142273,2024-02-08 04:29:43,Bill Payment,Entertainment,162,26-35,56+,Karnataka,Kotak,Yes Bank,iOS,5G,4,0,SUCCESS,0,0.5167737763298796,High Anomaly
TXN0000242549,2024-10-05 08:23:21,P2M,Grocery,3256,56+,46-55,Tamil Nadu,Axis,SBI,iOS,WiFi,8,1,SUCCESS,0,0.5167589326778382,High Anomaly
TXN0000241534,2024-10-13 19:43:33,Bill Payment,Healthcare,422,46-55,46-55,Tamil Nadu,Kotak,IndusInd,Web,4G,19,1,SUCCESS,0,0.5167573563795933,High Anomaly
TXN0000089543,2024-12-05 17:54:47,Bill Payment,Healthcare,171,18-25,18-25,Tamil Nadu,HDFC,ICICI,Web,WiFi,17,0,SUCCESS,0,0.5167536322523432,High Anomaly
TXN0000140993,2024-05-01 20:39:40,Bill Payment,Utilities,2468,56+,36-45,Delhi,Yes Bank,PNB,Web,5G,20,0,SUCCESS,0,0.516736879462437,High Anomaly
TXN0000007650,2024-04-28 04:59:16,Recharge,Entertainment,549,26-35,26-35,Delhi,Yes Bank,Yes Bank,Web,4G,4,1,SUCCESS,0,0.5167315374781697,High Anomaly
TXN0000234847,2024-06-29 19:22:40,Bill Payment,Transport,563,18-25,46-55,Uttar Pradesh,ICICI,HDFC,iOS,WiFi,19,1,SUCCESS,0,0.5167151556808279,High Anomaly
TXN0000126661,2024-06-29 21:12:16,P2M,Fuel,1176,36-45,18-25,West Bengal,HDFC,Yes Bank,Web,3G,21,1,SUCCESS,0,0.5167092297549619,High Anomaly
TXN0000021129,2024-06-15 15:56:39,Recharge,Food,425,36-45,56+,Andhra Pradesh,ICICI,HDFC,Web,4G,15,1,SUCCESS,0,0.5166852001090706,High Anomaly
TXN0000247892,2024-10-26 12:51:03,Recharge,Utilities,686,26-35,36-45,Karnataka,Axis,Axis,iOS,5G,12,1,FAILED,0,0.5166716807956351,High Anomaly
TXN0000013137,2024-11-22 11:53:19,Bill Payment,Shopping,5028,36-45,26-35,Maharashtra,IndusInd,HDFC,Web,3G,11,0,SUCCESS,0,0.5166517906937637,High Anomaly
TXN0000047565,2024-03-17 01:21:17,Bill Payment,Education,4271,26-35,46-55,Gujarat,SBI,Axis,iOS,WiFi,1,1,SUCCESS,0,0.5166462956788689,High Anomaly
TXN0000016070,2024-09-26 06:57:23,Recharge,Fuel,2305,18-25,46-55,West Bengal,ICICI,Kotak,iOS,4G,6,0,SUCCESS,0,0.5166436732105856,High Anomaly
TXN0000159373,2024-01-31 17:35:57,Recharge,Shopping,4059,56+,26-35,Maharashtra,ICICI,ICICI,iOS,WiFi,17,0,SUCCESS,0,0.5166388039986938,High Anomaly
TXN0000081891,2024-07-30 18:43:21,P2P,Education,3964,18-25,46-55,Telangana,Axis,SBI,Web,WiFi,18,0,SUCCESS,0,0.516635102036409,High Anomaly
TXN0000149509,2024-12-15 19:29:39,P2P,Education,7420,26-35,36-45,Rajasthan,Axis,SBI,Web,3G,19,1,SUCCESS,0,0.5166212848207105,High Anomaly
TXN0000172546,2024-04-12 06:28:01,Bill Payment,Shopping,8473,26-35,26-35,Rajasthan,HDFC,Kotak,iOS,3G,6,0,SUCCESS,0,0.5166013665831176,High Anomaly
TXN0000106020,2024-01-17 09:34:47,Recharge,Healthcare,319,26-35,56+,Andhra Pradesh,SBI,Axis,iOS,WiFi,9,0,SUCCESS,0,0.5165963680842531,High Anomaly
TXN0000069851,2024-12-07 17:31:50,P2P,Shopping,1408,46-55,46-55,Maharashtra,PNB,PNB,Web,5G,17,1,SUCCESS,0,0.5165863217537482,High Anomaly
TXN0000081373,2024-08-12 16:24:34,P2M,Fuel,4138,18-25,56+,Maharashtra,IndusInd,PNB,iOS,WiFi,16,0,SUCCESS,0,0.5165785344439164,High Anomaly
TXN0000185803,2024-03-24 02:41:44,Bill Payment,Entertainment,272,36-45,56+,West Bengal,ICICI,PNB,iOS,4G,2,1,SUCCESS,0,0.5165638412156358,High Anomaly
TXN0000095180,2024-03-16 22:52:04,P2M,Other,451,36-45,36-45,Uttar Pradesh,PNB,Axis,Web,3G,22,1,FAILED,0,0.5165621885722698,High Anomaly
TXN0000174508,2024-08-18 21:13:21,Recharge,Entertainment,200,26-35,36-45,West Bengal,Kotak,SBI,iOS,WiFi,21,1,SUCCESS,0,0.5165392201613391,High Anomaly
TXN0000003197,2024-07-25 10:18:59,P2P,Transport,287,46-55,18-25,Gujarat,Kotak,IndusInd,Web,3G,10,0,SUCCESS,0,0.5165326144729385,High Anomaly
TXN0000062771,2024-05-06 19:19:09,Bill Payment,Shopping,391,26-35,56+,Rajasthan,SBI,SBI,Web,WiFi,19,0,SUCCESS,0,0.5165316539111328,High Anomaly
TXN0000142699,2024-04-29 07:49:50,P2P,Utilities,5617,46-55,46-55,Telangana,ICICI,SBI,iOS,WiFi,7,0,SUCCESS,0,0.5165258202184662,High Anomaly
TXN0000114795,2024-07-28 13:28:31,Bill Payment,Food,86,46-55,26-35,Uttar Pradesh,HDFC,PNB,Web,5G,13,1,SUCCESS,0,0.5165149030289095,High Anomaly
TXN0000142453,2024-06-02 01:09:20,P2P,Entertainment,136,46-55,46-55,Telangana,IndusInd,HDFC,iOS,5G,1,1,SUCCESS,0,0.5165138203400477,High Anomaly
TXN0000132560,2024-07-05 11:03:25,Recharge,Shopping,3142,36-45,56+,Andhra Pradesh,PNB,Axis,Android,WiFi,11,0,SUCCESS,0,0.5165092957744227,High Anomaly
TXN0000179876,2024-10-05 16:05:51,Bill Payment,Food,88,36-45,36-45,Karnataka,ICICI,Axis,Web,5G,16,1,SUCCESS,0,0.5165045620263807,High Anomaly
TXN0000223545,2024-09-08 08:32:47,P2P,Other,306,46-55,46-55,Andhra Pradesh,SBI,HDFC,Web,WiFi,8,1,SUCCESS,0,0.5164936955373418,High Anomaly
TXN0000093529,2024-07-20 10:03:35,Bill Payment,Utilities,361,18-25,36-45,Maharashtra,PNB,PNB,Web,3G,10,1,SUCCESS,0,0.5164922857560612,High Anomaly
TXN0000127313,2024-06-29 12:59:07,Recharge,Healthcare,537,36-45,36-45,Rajasthan,Axis,IndusInd,iOS,5G,12,1,SUCCESS,0,0.516485005622358,High Anomaly
TXN0000105279,2024-06-26 15:26:53,P2M,Education,7279,56+,36-45,Delhi,ICICI,IndusInd,iOS,WiFi,15,0,SUCCESS,0,0.5164811022018535,High Anomaly
TXN0000203615,2024-11-24 05:56:06,P2P,Grocery,1859,18-25,18-25,Telangana,IndusInd,Yes Bank,Web,WiFi,5,1,SUCCESS,0,0.5164798985038251,High Anomaly
TXN0000004360,2024-12-06 21:58:12,P2P,Fuel,2383,26-35,18-25,West Bengal,IndusInd,Yes Bank,Web,3G,21,0,SUCCESS,0,0.5164757156245928,High Anomaly
TXN0000191426,2024-08-17 12:42:46,Bill Payment,Shopping,1215,18-25,56+,Telangana,Yes Bank,Yes Bank,iOS,5G,12,1,SUCCESS,0,0.5164708246272295,High Anomaly
TXN0000158557,2024-04-08 21:02:22,P2M,Food,1877,46-55,46-55,Telangana,Yes Bank,Axis,iOS,3G,21,0,SUCCESS,0,0.5164703772333534,High Anomaly
TXN0000146493,2024-06-08 20:41:34,Bill Payment,Grocery,2257,26-35,46-55,Gujarat,Axis,HDFC,iOS,3G,20,1,FAILED,0,0.5164670853376264,High Anomaly
TXN0000125805,2024-10-18 03:15:40,P2M,Fuel,415,36-45,26-35,Rajasthan,ICICI,HDFC,Web,WiFi,3,0,SUCCESS,0,0.5164593996950567,High Anomaly
TXN0000006027,2024-07-27 13:57:48,P2P,Other,87,46-55,26-35,Uttar Pradesh,HDFC,IndusInd,Web,WiFi,13,1,SUCCESS,0,0.5164563990730737,High Anomaly
TXN0000123780,2024-11-23 08:56:19,Bill Payment,Food,536,36-45,36-45,Rajasthan,HDFC,Kotak,iOS,WiFi,8,1,SUCCESS,0,0.5164526581042569,High Anomaly
TXN0000092106,2024-05-25 07:24:46,P2P,Other,2953,36-45,26-35,Tamil Nadu,IndusInd,IndusInd,Web,WiFi,7,1,SUCCESS,0,0.5164517142150944,High Anomaly
TXN0000013465,2024-08-04 11:17:35,P2M,Healthcare,1339,56+,18-25,Tamil Nadu,HDFC,IndusInd,iOS,5G,11,1,SUCCESS,0,0.5164489922151468,High Anomaly
TXN0000009965,2024-08-11 18:55:23,Bill Payment,Entertainment,49,56+,26-35,Andhra Pradesh,HDFC,PNB,Android,3G,18,1,FAILED,0,0.5164486473170082,High Anomaly
TXN0000026368,2024-05-14 22:02:03,Recharge,Shopping,1461,18-25,46-55,Gujarat,Axis,Kotak,Web,4G,22,0,SUCCESS,0,0.5164482693953036,High Anomaly
TXN0000237780,2024-05-09 15:37:24,P2M,Transport,57,56+,26-35,Andhra Pradesh,ICICI,ICICI,iOS,WiFi,15,0,SUCCESS,0,0.5164466136373902,High Anomaly
TXN0000022271,2024-03-05 10:36:44,Recharge,Other,760,26-35,26-35,Uttar Pradesh,IndusInd,Axis,Web,WiFi,10,0,SUCCESS,0,0.5164358827737882,High Anomaly
TXN0000005575,2024-07-09 06:24:46,Bill Payment,Fuel,797,26-35,46-55,West Bengal,HDFC,Yes Bank,iOS,WiFi,6,0,SUCCESS,0,0.516434320538998,High Anomaly
TXN0000185520,2024-10-19 12:14:08,P2M,Utilities,2686,56+,36-45,Telangana,HDFC,SBI,Web,5G,12,1,SUCCESS,0,0.5164214725446875,High Anomaly
TXN0000215381,2024-06-28 08:18:51,Bill Payment,Other,324,18-25,56+,Delhi,ICICI,PNB,Android,3G,8,0,SUCCESS,0,0.5164213226349941,High Anomaly
TXN0000104971,2024-08-13 12:30:41,Recharge,Food,28,26-35,56+,Karnataka,SBI,PNB,iOS,WiFi,12,0,SUCCESS,0,0.5164168302574124,High Anomaly
TXN0000144328,2024-09-12 21:14:18,Recharge,Fuel,2644,46-55,46-55,Maharashtra,PNB,Kotak,iOS,5G,21,0,SUCCESS,0,0.5164094112120283,High Anomaly
TXN0000022145,2024-10-12 19:33:53,P2M,Grocery,1438,18-25,46-55,Tamil Nadu,Axis,ICICI,Web,WiFi,19,1,SUCCESS,0,0.5164088428149112,High Anomaly
TXN0000203932,2024-05-25 19:28:24,Bill Payment,Grocery,927,46-55,26-35,Andhra Pradesh,ICICI,Axis,iOS,WiFi,19,1,SUCCESS,0,0.5164050455951322,High Anomaly
TXN0000177043,2024-07-27 19:02:00,Bill Payment,Other,1273,56+,36-45,Andhra Pradesh,Kotak,Axis,Web,4G,19,1,SUCCESS,0,0.5163917418337793,High Anomaly
TXN0000000864,2024-02-17 19:22:37,P2M,Fuel,2627,18-25,26-35,West Bengal,Yes Bank,ICICI,Web,3G,19,1,SUCCESS,0,0.5163903845697246,High Anomaly
TXN0000092242,2024-08-13 07:26:47,Bill Payment,Other,815,18-25,18-25,Karnataka,Axis,PNB,Web,3G,7,0,SUCCESS,0,0.5163869379358899,High Anomaly
TXN0000204500,2024-12-04 11:02:36,Recharge,Utilities,3319,36-45,56+,Karnataka,IndusInd,HDFC,iOS,5G,11,0,SUCCESS,0,0.5163860009865965,High Anomaly
TXN0000013358,2024-03-19 03:15:03,Bill Payment,Utilities,225,56+,46-55,Rajasthan,IndusInd,IndusInd,Android,WiFi,3,0,SUCCESS,0,0.5163838303783371,High Anomaly
TXN0000249988,2024-07-28 02:33:06,P2P,Shopping,1568,56+,56+,Uttar Pradesh,Axis,ICICI,iOS,WiFi,2,1,SUCCESS,0,0.5163734808485639,High Anomaly
TXN0000090286,2024-09-25 11:33:41,Bill Payment,Food,673,46-55,36-45,Gujarat,ICICI,ICICI,iOS,WiFi,11,0,SUCCESS,0,0.5163709664618655,High Anomaly
TXN0000098518,2024-08-06 09:10:25,P2M,Shopping,1145,18-25,56+,Telangana,Kotak,IndusInd,Web,4G,9,0,SUCCESS,0,0.5163665046054117,High Anomaly
TXN0000141258,2024-03-26 12:26:48,P2M,Fuel,5131,36-45,56+,West Bengal,ICICI,ICICI,iOS,3G,12,0,SUCCESS,0,0.516351069946354,High Anomaly
TXN0000229605,2024-04-21 22:16:33,Bill Payment,Utilities,4000,26-35,18-25,Karnataka,Axis,ICICI,Web,3G,22,1,SUCCESS,0,0.5163498148888856,High Anomaly
TXN0000005272,2024-06-29 12:06:15,P2P,Education,6721,46-55,56+,Karnataka,Kotak,Kotak,Android,3G,12,1,SUCCESS,0,0.5163246480715508,High Anomaly
TXN0000009114,2024-03-24 12:02:28,Bill Payment,Other,1052,46-55,36-45,Gujarat,PNB,Kotak,Web,4G,12,1,SUCCESS,0,0.516317137962331,High Anomaly
TXN0000192488,2024-10-13 02:25:41,Recharge,Entertainment,69,56+,18-25,Maharashtra,Yes Bank,HDFC,iOS,4G,2,1,SUCCESS,0,0.5163156726828512,High Anomaly
TXN0000215248,2024-05-25 08:01:19,Bill Payment,Shopping,607,26-35,18-25,Telangana,Yes Bank,HDFC,Web,5G,8,1,SUCCESS,0,0.516302544924708,High Anomaly
TXN0000026566,2024-01-22 16:04:02,P2M,Fuel,826,56+,56+,Andhra Pradesh,ICICI,ICICI,iOS,5G,16,0,FAILED,0,0.516299406514499,High Anomaly
TXN0000026838,2024-05-25 08:30:56,Bill Payment,Education,3397,56+,26-35,Karnataka,Kotak,Kotak,iOS,4G,8,1,SUCCESS,0,0.5162887378327119,High Anomaly
TXN0000204897,2024-06-11 04:45:28,Bill Payment,Entertainment,90,56+,36-45,Andhra Pradesh,PNB,SBI,Web,4G,4,0,SUCCESS,0,0.5162749856504852,High Anomaly
TXN0000215727,2024-11-03 14:29:37,P2P,Utilities,454,56+,18-25,Andhra Pradesh,SBI,HDFC,iOS,WiFi,14,1,SUCCESS,0,0.5162706588031207,High Anomaly
TXN0000154188,2024-02-24 16:20:47,P2M,Entertainment,260,18-25,46-55,Uttar Pradesh,Yes Bank,PNB,Web,WiFi,16,1,SUCCESS,0,0.5162663656884889,High Anomaly
TXN0000053462,2024-10-13 21:35:21,P2M,Healthcare,421,18-25,46-55,Delhi,IndusInd,IndusInd,iOS,3G,21,1,SUCCESS,0,0.5162537447696675,High Anomaly
TXN0000223110,2024-07-18 20:55:28,Bill Payment,Education,9306,36-45,46-55,Rajasthan,Kotak,HDFC,iOS,4G,20,0,SUCCESS,0,0.5162513927258063,High Anomaly
TXN0000016469,2024-07-13 11:35:23,Bill Payment,Other,301,56+,46-55,Rajasthan,Yes Bank,SBI,Android,WiFi,11,1,SUCCESS,0,0.5162291086327876,High Anomaly
TXN0000064784,2024-12-10 07:57:34,Recharge,Other,990,18-25,56+,Telangana,Kotak,HDFC,Android,WiFi,7,0,SUCCESS,0,0.5162286732454551,High Anomaly
TXN0000107543,2024-09-20 05:57:56,P2M,Entertainment,216,36-45,46-55,Gujarat,PNB,PNB,iOS,3G,5,0,SUCCESS,0,0.5162251974001293,High Anomaly
TXN0000123909,2024-07-27 01:36:21,Recharge,Fuel,2521,26-35,46-55,Rajasthan,Axis,SBI,iOS,5G,1,1,SUCCESS,0,0.5162199677372968,High Anomaly
TXN0000112064,2024-10-27 10:23:23,Bill Payment,Fuel,1249,46-55,56+,Uttar Pradesh,Axis,IndusInd,Android,3G,10,1,SUCCESS,0,0.516217447866042,High Anomaly
TXN0000076364,2024-10-27 02:05:28,P2P,Shopping,2452,56+,56+,Rajasthan,HDFC,PNB,iOS,4G,2,1,SUCCESS,0,0.5162167236835042,High Anomaly
TXN0000145533,2024-07-01 13:58:25,P2P,Entertainment,297,18-25,36-45,Rajasthan,Yes Bank,Yes Bank,Web,3G,13,0,SUCCESS,0,0.5162140091372771,High Anomaly
TXN0000158447,2024-02-08 18:43:22,Bill Payment,Food,151,46-55,26-35,Telangana,IndusInd,Yes Bank,iOS,WiFi,18,0,SUCCESS,0,0.5162031270800439,High Anomaly
TXN0000130335,2024-09-08 00:28:10,P2P,Shopping,4506,26-35,18-25,Delhi,SBI,HDFC,Web,3G,0,1,SUCCESS,0,0.5161851301381393,High Anomaly
TXN0000178282,2024-07-06 09:35:15,Bill Payment,Food,250,56+,26-35,West Bengal,Axis,HDFC,iOS,WiFi,9,1,SUCCESS,0,0.5161745154319287,High Anomaly
TXN0000224220,2024-12-14 19:55:33,P2M,Education,12914,46-55,18-25,Karnataka,Kotak,HDFC,iOS,3G,19,1,SUCCESS,0,0.5161693618495994,High Anomaly
TXN0000236861,2024-03-07 10:00:02,Bill Payment,Utilities,2511,56+,56+,Maharashtra,IndusInd,IndusInd,iOS,4G,10,0,SUCCESS,0,0.516160743612864,High Anomaly
TXN0000241794,2024-11-10 11:44:48,Recharge,Utilities,2844,36-45,36-45,Uttar Pradesh,Kotak,ICICI,iOS,5G,11,1,SUCCESS,0,0.5161599509249427,High Anomaly
TXN0000119242,2024-03-01 15:12:03,Recharge,Shopping,5548,46-55,56+,Karnataka,HDFC,IndusInd,iOS,4G,15,0,SUCCESS,0,0.5161592911161349,High Anomaly
TXN0000220245,2024-08-24 18:06:36,Recharge,Healthcare,120,36-45,36-45,West Bengal,HDFC,SBI,iOS,WiFi,18,1,SUCCESS,0,0.5161512289345004,High Anomaly
TXN0000246953,2024-08-30 03:47:22,P2P,Shopping,884,56+,26-35,Tamil Nadu,Axis,PNB,iOS,WiFi,3,0,SUCCESS,0,0.5161429582597962,High Anomaly
TXN0000185073,2024-10-14 22:54:54,Bill Payment,Fuel,712,56+,46-55,Gujarat,Yes Bank,SBI,iOS,5G,22,0,SUCCESS,0,0.516141809940036,High Anomaly
TXN0000182309,2024-03-22 20:13:49,P2M,Utilities,3856,56+,18-25,Telangana,ICICI,IndusInd,Web,5G,20,0,SUCCESS,0,0.5161412555103242,High Anomaly
TXN0000150209,2024-12-01 19:34:37,Bill Payment,Food,288,36-45,18-25,Delhi,ICICI,IndusInd,Web,WiFi,19,1,FAILED,0,0.5161374155384901,High Anomaly
TXN0000109331,2024-07-14 14:22:55,Recharge,Food,1073,46-55,18-25,Karnataka,Yes Bank,ICICI,iOS,3G,14,1,SUCCESS,0,0.5161369979112744,High Anomaly
TXN0000106207,2024-12-07 14:38:23,P2P,Education,6821,56+,46-55,Telangana,HDFC,Yes Bank,Web,4G,14,1,FAILED,0,0.5161233283346177,High Anomaly
TXN0000025705,2024-08-04 12:03:24,Bill Payment,Utilities,8095,56+,46-55,Tamil Nadu,IndusInd,HDFC,iOS,4G,12,1,SUCCESS,0,0.5161227743647038,High Anomaly
TXN0000010255,2024-11-20 13:17:38,Bill Payment,Utilities,3968,46-55,46-55,Karnataka,IndusInd,ICICI,iOS,3G,13,0,SUCCESS,0,0.5161158928272839,High Anomaly
TXN0000025248,2024-10-15 23:39:02,Recharge,Entertainment,638,18-25,46-55,Uttar Pradesh,Axis,SBI,Web,5G,23,0,SUCCESS,0,0.5161143094151117,High Anomaly
TXN0000214497,2024-08-23 09:03:56,Recharge,Grocery,845,56+,18-25,Delhi,Axis,Axis,Web,4G,9,0,SUCCESS,0,0.5161042528502098,High Anomaly
TXN0000057907,2024-02-16 20:25:30,Recharge,Shopping,635,26-35,46-55,Uttar Pradesh,SBI,PNB,Web,5G,20,0,SUCCESS,0,0.5161034736392204,High Anomaly
TXN0000029227,2024-01-28 09:49:21,P2M,Grocery,119,18-25,56+,Uttar Pradesh,IndusInd,PNB,iOS,WiFi,9,1,FAILED,0,0.5160998374494535,High Anomaly
TXN0000196675,2024-08-16 21:19:18,Recharge,Transport,1634,26-35,36-45,Uttar Pradesh,PNB,Axis,Web,WiFi,21,0,SUCCESS,0,0.5160967941811688,High Anomaly
TXN0000064628,2024-01-17 19:53:10,P2P,Transport,73,18-25,56+,Karnataka,Kotak,Axis,Web,5G,19,0,SUCCESS,0,0.5160936528882528,High Anomaly
TXN0000201562,2024-10-19 10:06:24,P2M,Food,85,56+,56+,Uttar Pradesh,Kotak,Kotak,iOS,5G,10,1,SUCCESS,0,0.5160851364178163,High Anomaly
TXN0000030680,2024-11-06 21:49:15,Recharge,Shopping,193,46-55,18-25,Gujarat,ICICI,HDFC,Web,4G,21,0,SUCCESS,0,0.5160769882628118,High Anomaly
TXN0000132181,2024-03-16 15:37:16,Bill Payment,Transport,142,26-35,36-45,Uttar Pradesh,ICICI,Kotak,Web,WiFi,15,1,SUCCESS,0,0.516070305656749,High Anomaly
TXN0000221514,2024-12-22 05:27:57,Recharge,Fuel,544,46-55,26-35,Delhi,SBI,ICICI,Web,4G,5,1,SUCCESS,0,0.516069755185577,High Anomaly
TXN0000010424,2024-05-12 18:59:26,Recharge,Food,31,36-45,56+,Andhra Pradesh,SBI,HDFC,iOS,5G,18,1,SUCCESS,0,0.516068446257873,High Anomaly
TXN0000173791,2024-03-06 12:47:49,Recharge,Transport,163,18-25,26-35,Gujarat,PNB,HDFC,Web,5G,12,0,SUCCESS,0,0.5160651548962204,High Anomaly
TXN0000035178,2024-12-22 10:21:44,Bill Payment,Shopping,129,26-35,46-55,Delhi,PNB,Yes Bank,Web,4G,10,1,SUCCESS,0,0.5160599323985683,High Anomaly
TXN0000163590,2024-07-06 16:08:29,P2M,Education,6812,46-55,56+,Tamil Nadu,PNB,Axis,iOS,4G,16,1,SUCCESS,0,0.5160591359607515,High Anomaly
TXN0000042208,2024-05-24 23:47:31,P2P,Other,726,56+,36-45,Uttar Pradesh,Kotak,Yes Bank,iOS,3G,23,0,SUCCESS,0,0.5160588607431098,High Anomaly
TXN0000020186,2024-10-26 16:03:00,P2P,Transport,92,56+,56+,Telangana,Kotak,ICICI,iOS,5G,16,1,SUCCESS,0,0.51605204185078,High Anomaly
TXN0000023189,2024-10-25 19:58:05,Recharge,Education,1298,18-25,18-25,West Bengal,Kotak,Kotak,iOS,5G,19,0,SUCCESS,0,0.5160475625080494,High Anomaly
TXN0000229911,2024-05-27 16:00:12,Recharge,Entertainment,322,26-35,56+,Uttar Pradesh,Kotak,IndusInd,Web,4G,16,0,SUCCESS,0,0.5160472383350527,High Anomaly
TXN0000194560,2024-03-19 17:51:04,Recharge,Education,22526,36-45,18-25,Gujarat,PNB,SBI,iOS,3G,17,0,SUCCESS,0,0.5160379142046992,High Anomaly
TXN0000166451,2024-09-27 05:54:20,P2M,Entertainment,415,46-55,56+,Andhra Pradesh,Axis,HDFC,Android,3G,5,0,SUCCESS,0,0.5160267625346974,High Anomaly
TXN0000011307,2024-10-20 20:39:08,P2M,Healthcare,286,46-55,46-55,Gujarat,ICICI,ICICI,Web,4G,20,1,SUCCESS,0,0.5160235929554438,High Anomaly
TXN0000147336,2024-02-13 23:57:10,P2P,Entertainment,78,56+,26-35,Andhra Pradesh,IndusInd,ICICI,iOS,3G,23,0,SUCCESS,0,0.5160125243299889,High Anomaly
TXN0000168712,2024-03-24 17:39:15,P2M,Transport,69,36-45,56+,West Bengal,Kotak,ICICI,Web,4G,17,1,SUCCESS,0,0.5159864578394359,High Anomaly
TXN0000237516,2024-07-27 12:15:12,P2M,Fuel,3174,46-55,26-35,Tamil Nadu,Kotak,SBI,Web,3G,12,1,SUCCESS,0,0.515985807498924,High Anomaly
TXN0000092377,2024-05-25 23:14:54,Recharge,Healthcare,381,36-45,26-35,Tamil Nadu,Yes Bank,ICICI,iOS,3G,23,1,SUCCESS,0,0.5159824305912405,High Anomaly
TXN0000047391,2024-09-14 18:27:22,Bill Payment,Healthcare,201,18-25,46-55,Rajasthan,HDFC,Axis,iOS,5G,18,1,SUCCESS,0,0.5159785475648576,High Anomaly
TXN0000245180,2024-02-11 17:13:31,Recharge,Fuel,3471,26-35,26-35,Rajasthan,ICICI,IndusInd,iOS,3G,17,1,SUCCESS,0,0.5159755270525976,High Anomaly
TXN0000034423,2024-04-06 03:30:06,Bill Payment,Other,299,36-45,26-35,Gujarat,ICICI,ICICI,iOS,WiFi,3,1,SUCCESS,0,0.515974080440216,High Anomaly
TXN0000149962,2024-07-10 04:05:06,Bill Payment,Transport,222,36-45,36-45,Tamil Nadu,IndusInd,HDFC,Web,WiFi,4,0,SUCCESS,0,0.5159723441902024,High Anomaly
TXN0000120438,2024-05-03 23:12:13,P2M,Utilities,2561,36-45,26-35,Delhi,Axis,PNB,Web,WiFi,23,0,SUCCESS,0,0.5159671362320853,High Anomaly
TXN0000140758,2024-09-27 17:45:57,Bill Payment,Fuel,638,18-25,46-55,Telangana,IndusInd,PNB,iOS,3G,17,0,SUCCESS,0,0.5159621863222877,High Anomaly
TXN0000161702,2024-11-29 11:22:27,P2M,Fuel,3868,18-25,18-25,Maharashtra,Kotak,IndusInd,iOS,3G,11,0,SUCCESS,0,0.5159608423142584,High Anomaly
TXN0000241482,2024-06-06 16:14:30,P2M,Utilities,5789,46-55,36-45,Telangana,Axis,ICICI,iOS,WiFi,16,0,SUCCESS,0,0.5159608141093454,High Anomaly
TXN0000050466,2024-11-15 23:14:43,Bill Payment,Other,1163,18-25,18-25,Tamil Nadu,HDFC,PNB,Web,WiFi,23,0,SUCCESS,0,0.5159592847892449,High Anomaly
TXN0000119598,2024-12-14 17:11:38,Recharge,Food,727,56+,36-45,Delhi,IndusInd,IndusInd,iOS,4G,17,1,SUCCESS,0,0.5159423186137434,High Anomaly
TXN0000183105,2024-02-01 21:09:31,Recharge,Food,134,46-55,46-55,Delhi,IndusInd,SBI,Web,4G,21,0,SUCCESS,0,0.5159219604050076,High Anomaly
TXN0000110315,2024-08-21 04:36:29,P2M,Utilities,4858,56+,18-25,Andhra Pradesh,ICICI,IndusInd,iOS,WiFi,4,0,SUCCESS,0,0.5159215175726675,High Anomaly
TXN0000052808,2024-06-08 17:03:51,Bill Payment,Fuel,2062,26-35,46-55,Telangana,IndusInd,SBI,iOS,3G,17,1,SUCCESS,0,0.5159112382204974,High Anomaly
TXN0000108541,2024-06-18 12:41:40,P2M,Shopping,74,56+,26-35,West Bengal,PNB,Axis,Web,4G,12,0,SUCCESS,0,0.5159075072411533,High Anomaly
TXN0000233679,2024-05-13 07:23:17,P2P,Shopping,4311,56+,18-25,Telangana,SBI,Axis,Web,WiFi,7,0,FAILED,0,0.5159002278117387,High Anomaly
TXN0000114962,2024-01-15 22:38:08,Bill Payment,Transport,38,18-25,56+,Tamil Nadu,Axis,SBI,iOS,WiFi,22,0,SUCCESS,0,0.515886958516222,High Anomaly
TXN0000184227,2024-12-01 22:08:37,P2P,Education,4648,26-35,56+,Maharashtra,Kotak,SBI,iOS,WiFi,22,1,SUCCESS,0,0.5158865821774729,High Anomaly
TXN0000032626,2024-01-22 10:50:13,Recharge,Fuel,2853,36-45,26-35,Gujarat,Yes Bank,Yes Bank,Web,5G,10,0,SUCCESS,0,0.5158680558254796,High Anomaly
TXN0000194858,2024-06-27 20:37:11,P2M,Entertainment,68,56+,18-25,Uttar Pradesh,SBI,Yes Bank,iOS,3G,20,0,SUCCESS,0,0.5158614858474715,High Anomaly
TXN0000249672,2024-05-13 13:07:24,Recharge,Other,724,36-45,46-55,West Bengal,ICICI,Yes Bank,Web,4G,13,0,FAILED,0,0.5158587811447285,High Anomaly
TXN0000055270,2024-06-11 22:03:56,Bill Payment,Shopping,2544,36-45,46-55,Telangana,Kotak,HDFC,Web,4G,22,0,SUCCESS,0,0.5158535582792005,High Anomaly
TXN0000227840,2024-12-07 06:14:59,Bill Payment,Shopping,4152,26-35,56+,Tamil Nadu,Yes Bank,HDFC,Android,WiFi,6,1,SUCCESS,0,0.515851703070045,High Anomaly
TXN0000231183,2024-11-24 17:30:12,P2M,Grocery,2385,56+,36-45,Gujarat,Yes Bank,Kotak,iOS,WiFi,17,1,SUCCESS,0,0.515820654910779,High Anomaly
TXN0000136199,2024-01-07 16:24:34,Bill Payment,Shopping,9289,18-25,36-45,West Bengal,Kotak,Yes Bank,Web,5G,16,1,SUCCESS,0,0.5158143614171344,High Anomaly
TXN0000234584,2024-09-09 11:58:27,Recharge,Fuel,865,26-35,36-45,Delhi,SBI,PNB,Web,WiFi,11,0,SUCCESS,0,0.5158143064771177,High Anomaly
TXN0000142006,2024-07-28 20:44:04,Recharge,Healthcare,654,36-45,46-55,West Bengal,ICICI,SBI,Android,WiFi,20,1,SUCCESS,0,0.5158131599955231,High Anomaly
TXN0000076718,2024-12-07 13:49:31,Bill Payment,Other,66,46-55,18-25,Rajasthan,IndusInd,Kotak,iOS,3G,13,1,SUCCESS,0,0.5158094197589491,High Anomaly
TXN0000040052,2024-07-07 17:11:04,Recharge,Entertainment,418,26-35,56+,Uttar Pradesh,PNB,HDFC,Web,4G,17,1,SUCCESS,0,0.5157898887318022,High Anomaly
TXN0000234218,2024-07-25 18:53:11,P2M,Other,1013,46-55,18-25,Karnataka,IndusInd,SBI,Web,WiFi,18,0,SUCCESS,0,0.5157703757773164,High Anomaly
TXN0000000139,2024-11-07 15:35:22,Bill Payment,Fuel,4864,46-55,36-45,Maharashtra,Kotak,SBI,iOS,WiFi,15,0,SUCCESS,0,0.5157702402984344,High Anomaly
TXN0000150406,2024-03-16 18:59:52,P2M,Utilities,3180,46-55,26-35,Gujarat,Yes Bank,SBI,Web,WiFi,18,1,SUCCESS,0,0.5157616487354465,High Anomaly
TXN0000219899,2024-01-31 15:52:08,P2P,Education,11364,36-45,56+,Rajasthan,Kotak,SBI,iOS,WiFi,15,0,SUCCESS,0,0.5157599286921947,High Anomaly
TXN0000215204,2024-09-30 16:29:11,Recharge,Healthcare,647,56+,46-55,Rajasthan,Axis,HDFC,Android,3G,16,0,SUCCESS,0,0.5157596229489693,High Anomaly
TXN0000185591,2024-10-23 07:04:33,P2M,Entertainment,383,46-55,56+,Delhi,Axis,HDFC,Android,3G,7,0,FAILED,0,0.5157590908474973,High Anomaly
TXN0000156501,2024-10-12 10:08:41,Bill Payment,Grocery,1819,36-45,56+,Rajasthan,IndusInd,Yes Bank,iOS,5G,10,1,SUCCESS,0,0.5157546332839618,High Anomaly
TXN0000244905,2024-03-15 21:46:17,Bill Payment,Shopping,915,46-55,56+,Rajasthan,ICICI,Yes Bank,Android,3G,21,0,SUCCESS,0,0.5157521416418595,High Anomaly
TXN0000074117,2024-03-25 20:43:02,Recharge,Food,1224,56+,46-55,Gujarat,PNB,IndusInd,iOS,4G,20,0,FAILED,0,0.5157505980937921,High Anomaly
TXN0000122537,2024-12-09 10:34:13,Recharge,Entertainment,143,36-45,56+,Gujarat,SBI,HDFC,Web,4G,10,0,SUCCESS,0,0.5157393328689112,High Anomaly
TXN0000104042,2024-05-25 08:10:39,P2P,Entertainment,238,26-35,56+,Telangana,Yes Bank,IndusInd,Web,4G,8,1,SUCCESS,0,0.5157315469245921,High Anomaly
TXN0000065819,2024-01-05 21:45:00,Bill Payment,Education,2679,18-25,18-25,Andhra Pradesh,SBI,Yes Bank,Web,WiFi,21,0,SUCCESS,0,0.5157230466168968,High Anomaly
TXN0000017768,2024-12-15 19:22:17,Bill Payment,Food,812,36-45,36-45,Gujarat,Kotak,PNB,Web,5G,19,1,SUCCESS,0,0.5157228656740047,High Anomaly
TXN0000091312,2024-11-07 06:28:07,Bill Payment,Food,87,18-25,46-55,Maharashtra,IndusInd,SBI,iOS,WiFi,6,0,SUCCESS,0,0.5157154566564602,High Anomaly
TXN0000012915,2024-06-23 09:50:31,P2P,Grocery,2909,18-25,56+,Andhra Pradesh,Kotak,PNB,iOS,5G,9,1,SUCCESS,0,0.5156957857575102,High Anomaly
TXN0000063321,2024-01-09 06:09:04,Bill Payment,Shopping,438,36-45,18-25,Karnataka,Axis,PNB,Web,5G,6,0,SUCCESS,0,0.5156943384917049,High Anomaly
TXN0000185839,2024-11-02 08:21:51,Bill Payment,Education,4252,56+,18-25,Gujarat,HDFC,SBI,iOS,4G,8,1,FAILED,0,0.5156916841976542,High Anomaly
TXN0000089095,2024-02-10 23:30:16,Recharge,Shopping,2974,18-25,26-35,Delhi,IndusInd,ICICI,Web,5G,23,1,SUCCESS,0,0.5156904757902333,High Anomaly
TXN0000180397,2024-11-02 12:45:05,Bill Payment,Utilities,4234,36-45,18-25,West Bengal,HDFC,Yes Bank,iOS,3G,12,1,SUCCESS,0,0.5156890986993535,High Anomaly
TXN0000183070,2024-03-24 14:54:47,Bill Payment,Education,3815,46-55,56+,Uttar Pradesh,ICICI,SBI,iOS,4G,14,1,SUCCESS,0,0.5156822321307333,High Anomaly
TXN0000067113,2024-01-21 10:01:52,Bill Payment,Food,478,18-25,46-55,Rajasthan,SBI,Axis,iOS,WiFi,10,1,SUCCESS,0,0.5156797335176617,High Anomaly
TXN0000198021,2024-03-08 21:25:31,Recharge,Food,163,18-25,56+,Karnataka,Axis,HDFC,iOS,WiFi,21,0,SUCCESS,0,0.5156768201346811,High Anomaly
TXN0000039755,2024-02-20 20:56:23,Bill Payment,Shopping,628,36-45,56+,Uttar Pradesh,IndusInd,PNB,iOS,WiFi,20,0,SUCCESS,0,0.5156763506783475,High Anomaly
TXN0000187059,2024-08-11 23:17:07,P2M,Transport,41,36-45,46-55,Rajasthan,SBI,HDFC,iOS,WiFi,23,1,SUCCESS,0,0.5156711695465788,High Anomaly
TXN0000018720,2024-03-09 20:20:39,Recharge,Healthcare,775,36-45,36-45,Telangana,PNB,ICICI,iOS,3G,20,1,SUCCESS,0,0.5156657198490023,High Anomaly
TXN0000059021,2024-03-23 10:20:18,Recharge,Utilities,5862,46-55,26-35,Rajasthan,SBI,Axis,iOS,5G,10,1,FAILED,0,0.5156538358726881,High Anomaly
TXN0000214000,2024-06-16 11:34:19,Recharge,Healthcare,831,18-25,18-25,Rajasthan,IndusInd,SBI,iOS,WiFi,11,1,SUCCESS,0,0.5156355104502605,High Anomaly
TXN0000164220,2024-03-31 15:17:19,Bill Payment,Shopping,5266,18-25,46-55,Karnataka,Kotak,IndusInd,iOS,5G,15,1,SUCCESS,0,0.515634677165483,High Anomaly
TXN0000218417,2024-02-16 05:29:23,P2P,Entertainment,402,26-35,56+,Rajasthan,PNB,Axis,iOS,WiFi,5,0,SUCCESS,0,0.5156289000929106,High Anomaly
TXN0000166357,2024-01-07 06:44:50,Recharge,Education,1830,26-35,36-45,Maharashtra,IndusInd,Kotak,iOS,5G,6,1,SUCCESS,0,0.5156245739953382,High Anomaly
TXN0000000196,2024-12-07 21:46:22,Bill Payment,Utilities,5798,36-45,56+,Rajasthan,Axis,PNB,Android,WiFi,21,1,SUCCESS,0,0.5156103578933486,High Anomaly
TXN0000001735,2024-03-24 20:21:32,Bill Payment,Healthcare,1162,36-45,36-45,Uttar Pradesh,HDFC,Yes Bank,iOS,WiFi,20,1,SUCCESS,0,0.5156012532794418,High Anomaly
TXN0000048977,2024-06-12 11:56:23,P2M,Shopping,2793,36-45,56+,West Bengal,IndusInd,SBI,iOS,WiFi,11,0,SUCCESS,0,0.515601176482906,High Anomaly
TXN0000237941,2024-06-28 17:32:27,Bill Payment,Grocery,701,56+,56+,Rajasthan,HDFC,Axis,Android,3G,17,0,SUCCESS,0,0.5155833205475712,High Anomaly
TXN0000023088,2024-01-26 00:42:43,P2P,Utilities,1018,18-25,56+,Andhra Pradesh,HDFC,IndusInd,iOS,3G,0,0,SUCCESS,0,0.5155764305868193,High Anomaly
TXN0000032178,2024-10-11 20:38:55,Recharge,Other,207,46-55,56+,Telangana,PNB,SBI,iOS,5G,20,0,SUCCESS,0,0.5155712051046889,High Anomaly
TXN0000109714,2024-05-02 15:29:50,Bill Payment,Healthcare,362,26-35,46-55,Delhi,Axis,ICICI,Web,WiFi,15,0,SUCCESS,0,0.515569043942698,High Anomaly
TXN0000211178,2024-05-12 04:46:14,Bill Payment,Other,504,18-25,26-35,West Bengal,HDFC,Kotak,Web,WiFi,4,1,SUCCESS,0,0.5155598686864813,High Anomaly
TXN0000112165,2024-03-06 20:39:40,Recharge,Fuel,1588,26-35,36-45,Rajasthan,Yes Bank,IndusInd,iOS,3G,20,0,SUCCESS,0,0.5155366751799046,High Anomaly
TXN0000046801,2024-11-10 17:27:28,P2P,Transport,416,46-55,18-25,Andhra Pradesh,SBI,IndusInd,Web,3G,17,1,SUCCESS,0,0.5155255696867708,High Anomaly
TXN0000083931,2024-06-04 14:36:16,Recharge,Transport,66,36-45,18-25,Rajasthan,HDFC,PNB,Web,5G,14,0,SUCCESS,0,0.5155119932742602,High Anomaly
TXN0000156245,2024-01-21 15:00:00,Bill Payment,Food,521,36-45,46-55,Telangana,Kotak,HDFC,iOS,WiFi,15,1,FAILED,0,0.5155116785665678,High Anomaly
TXN0000156750,2024-02-15 13:03:36,Recharge,Grocery,1975,18-25,56+,Uttar Pradesh,Axis,HDFC,Web,4G,13,0,SUCCESS,0,0.5154979523232599,High Anomaly
TXN0000239447,2024-05-20 08:32:08,P2M,Healthcare,238,46-55,36-45,Telangana,Axis,ICICI,iOS,3G,8,0,SUCCESS,0,0.5154971336869318,High Anomaly
TXN0000077036,2024-01-20 06:55:36,Bill Payment,Food,476,26-35,18-25,Tamil Nadu,Kotak,SBI,Web,WiFi,6,1,SUCCESS,0,0.5154960434909461,High Anomaly
TXN0000243913,2024-02-23 17:04:02,Recharge,Entertainment,323,18-25,46-55,Maharashtra,IndusInd,SBI,iOS,WiFi,17,0,SUCCESS,0,0.5154854983871902,High Anomaly
TXN0000096793,2024-05-31 20:21:46,Recharge,Fuel,3875,46-55,18-25,Karnataka,Axis,SBI,Web,4G,20,0,SUCCESS,0,0.5154760109492139,High Anomaly
TXN0000026441,2024-04-29 09:41:16,P2M,Healthcare,757,46-55,18-25,Delhi,Yes Bank,Kotak,Web,WiFi,9,0,SUCCESS,0,0.5154642602469355,High Anomaly
TXN0000165763,2024-06-09 22:28:18,Bill Payment,Shopping,1814,18-25,18-25,Maharashtra,ICICI,SBI,Web,3G,22,1,SUCCESS,0,0.5154612956351736,High Anomaly
TXN0000119571,2024-01-13 22:37:32,P2M,Grocery,2250,36-45,46-55,West Bengal,Axis,Kotak,iOS,WiFi,22,1,SUCCESS,0,0.5154569782146676,High Anomaly
TXN0000073405,2024-02-15 08:27:03,P2M,Food,1349,46-55,36-45,Tamil Nadu,PNB,Kotak,Web,WiFi,8,0,FAILED,0,0.5154404396077487,High Anomaly
TXN0000246919,2024-09-15 15:58:59,Bill Payment,Shopping,2445,18-25,18-25,Andhra Pradesh,Axis,PNB,iOS,WiFi,15,1,SUCCESS,0,0.515432626395564,High Anomaly
TXN0000230468,2024-04-19 00:40:51,Bill Payment,Healthcare,1064,56+,46-55,Tamil Nadu,ICICI,PNB,iOS,4G,0,0,SUCCESS,0,0.5154087103360413,High Anomaly
TXN0000129575,2024-06-08 21:10:09,Recharge,Utilities,241,18-25,36-45,Tamil Nadu,Yes Bank,Axis,iOS,3G,21,1,FAILED,0,0.5154026161862697,High Anomaly
TXN0000013302,2024-05-27 21:19:35,Bill Payment,Entertainment,246,18-25,36-45,Uttar Pradesh,IndusInd,IndusInd,Web,WiFi,21,0,SUCCESS,0,0.51538604441454,High Anomaly
TXN0000046772,2024-09-12 11:10:39,Bill Payment,Shopping,3494,18-25,26-35,Delhi,SBI,PNB,Web,WiFi,11,0,SUCCESS,0,0.5153839464078223,High Anomaly
TXN0000182943,2024-06-16 18:50:51,Bill Payment,Transport,128,46-55,46-55,Uttar Pradesh,Yes Bank,IndusInd,Android,3G,18,1,SUCCESS,0,0.5153758861547887,High Anomaly
TXN0000093525,2024-12-28 04:46:24,P2M,Entertainment,176,56+,26-35,Delhi,HDFC,PNB,iOS,WiFi,4,1,SUCCESS,0,0.5153756535605983,High Anomaly
TXN0000130079,2024-01-13 17:15:54,Bill Payment,Entertainment,403,18-25,46-55,Gujarat,HDFC,HDFC,iOS,WiFi,17,1,SUCCESS,0,0.5153672173251168,High Anomaly
TXN0000137758,2024-03-05 11:34:12,Bill Payment,Utilities,570,46-55,46-55,Karnataka,Kotak,IndusInd,Web,4G,11,0,SUCCESS,0,0.5153410666015867,High Anomaly
TXN0000108747,2024-07-13 13:37:55,P2M,Entertainment,215,36-45,46-55,Maharashtra,PNB,SBI,Web,WiFi,13,1,SUCCESS,0,0.5153374540098596,High Anomaly
TXN0000105930,2024-10-24 12:08:05,Bill Payment,Shopping,1898,46-55,46-55,Delhi,PNB,Axis,Android,WiFi,12,0,SUCCESS,0,0.5153359252245737,High Anomaly
TXN0000236116,2024-08-17 00:11:57,P2P,Other,685,26-35,56+,Delhi,Yes Bank,SBI,Web,WiFi,0,1,SUCCESS,0,0.5153332819783472,High Anomaly
TXN0000058106,2024-01-13 21:51:28,Bill Payment,Shopping,1218,36-45,18-25,Rajasthan,HDFC,Axis,iOS,3G,21,1,SUCCESS,0,0.5153322425600799,High Anomaly
TXN0000058489,2024-12-18 22:01:13,P2P,Other,512,46-55,56+,Karnataka,Kotak,IndusInd,iOS,WiFi,22,0,SUCCESS,0,0.5153216621497574,High Anomaly
TXN0000029328,2024-05-31 13:27:14,P2P,Shopping,3902,46-55,46-55,Karnataka,SBI,IndusInd,Web,3G,13,0,SUCCESS,0,0.5153177693143103,High Anomaly
TXN0000079604,2024-05-10 05:47:44,Bill Payment,Transport,67,26-35,56+,Karnataka,IndusInd,Axis,Android,3G,5,0,SUCCESS,0,0.5153110967792954,High Anomaly
TXN0000006356,2024-08-17 07:43:33,P2M,Grocery,2530,36-45,56+,Rajasthan,HDFC,IndusInd,iOS,4G,7,1,SUCCESS,0,0.515305102453871,High Anomaly
TXN0000137029,2024-11-27 13:23:26,Bill Payment,Utilities,8102,36-45,18-25,Uttar Pradesh,Yes Bank,ICICI,iOS,WiFi,13,0,SUCCESS,0,0.5153005006876185,High Anomaly
TXN0000183266,2024-02-02 11:31:13,P2P,Entertainment,132,26-35,46-55,Maharashtra,Axis,IndusInd,iOS,3G,11,0,SUCCESS,0,0.5152960577256017,High Anomaly
TXN0000231933,2024-11-30 14:36:28,P2M,Shopping,403,46-55,56+,Telangana,PNB,HDFC,iOS,WiFi,14,1,SUCCESS,0,0.51528510818527,High Anomaly
TXN0000082214,2024-10-19 16:13:11,P2P,Transport,89,18-25,56+,Telangana,ICICI,PNB,Web,5G,16,1,SUCCESS,0,0.5152828577482612,High Anomaly
TXN0000027930,2024-03-22 20:07:55,Bill Payment,Fuel,3226,36-45,56+,Uttar Pradesh,ICICI,PNB,iOS,4G,20,0,SUCCESS,0,0.515268746437245,High Anomaly
TXN0000230386,2024-01-03 17:55:51,Bill Payment,Transport,31,36-45,46-55,Uttar Pradesh,Kotak,PNB,iOS,5G,17,0,SUCCESS,0,0.5152665424774787,High Anomaly
TXN0000242707,2024-05-12 20:06:37,Recharge,Grocery,3500,18-25,36-45,Delhi,Axis,PNB,iOS,WiFi,20,1,SUCCESS,0,0.5152489321332155,High Anomaly
TXN0000241530,2024-03-09 08:19:04,Recharge,Transport,50,36-45,46-55,Uttar Pradesh,IndusInd,Axis,iOS,4G,8,1,SUCCESS,0,0.5152321988680238,High Anomaly
TXN0000051981,2024-08-21 13:42:05,Bill Payment,Food,199,36-45,56+,Rajasthan,Kotak,Kotak,iOS,5G,13,0,SUCCESS,0,0.5152281506577806,High Anomaly
TXN0000152279,2024-06-27 15:37:01,P2P,Utilities,5036,56+,36-45,Karnataka,Kotak,Yes Bank,iOS,WiFi,15,0,SUCCESS,0,0.5152267802226193,High Anomaly
TXN0000110067,2024-01-04 21:46:41,Recharge,Grocery,394,18-25,46-55,West Bengal,Yes Bank,ICICI,iOS,WiFi,21,0,SUCCESS,0,0.5152194940991637,High Anomaly
TXN0000163992,2024-05-25 08:05:48,Bill Payment,Other,33,18-25,56+,Tamil Nadu,Axis,Kotak,Android,WiFi,8,1,SUCCESS,0,0.5152172079848365,High Anomaly
TXN0000163749,2024-08-15 12:22:00,P2P,Utilities,3018,18-25,46-55,Karnataka,ICICI,IndusInd,Web,WiFi,12,0,SUCCESS,0,0.5152086988968819,High Anomaly
TXN0000167076,2024-04-04 08:11:18,P2P,Shopping,3486,36-45,26-35,Tamil Nadu,IndusInd,IndusInd,Web,WiFi,8,0,FAILED,0,0.515206323138133,High Anomaly
TXN0000013547,2024-04-28 15:35:34,Bill Payment,Utilities,311,46-55,46-55,West Bengal,SBI,PNB,Web,4G,15,1,SUCCESS,0,0.5152028170823069,High Anomaly
TXN0000006768,2024-07-27 19:42:53,P2M,Fuel,4196,46-55,18-25,Maharashtra,SBI,PNB,Web,WiFi,19,1,SUCCESS,0,0.5151980420931073,High Anomaly
TXN0000210807,2024-08-17 16:02:43,Recharge,Transport,45,18-25,36-45,Karnataka,SBI,Kotak,iOS,3G,16,1,SUCCESS,0,0.515187912823709,High Anomaly
TXN0000059932,2024-02-05 17:13:36,P2M,Entertainment,349,18-25,36-45,Rajasthan,IndusInd,Axis,Web,3G,17,0,SUCCESS,0,0.5151874239648992,High Anomaly
TXN0000201374,2024-07-27 13:11:14,P2M,Education,2629,18-25,56+,Gujarat,PNB,PNB,Android,WiFi,13,1,SUCCESS,0,0.5151810311000982,High Anomaly
TXN0000167734,2024-06-11 23:33:40,Bill Payment,Healthcare,400,56+,46-55,Delhi,Axis,Kotak,Android,3G,23,0,SUCCESS,0,0.5151675353147572,High Anomaly
TXN0000232993,2024-12-11 13:01:29,Bill Payment,Other,301,18-25,26-35,Tamil Nadu,Axis,PNB,Web,WiFi,13,0,SUCCESS,0,0.5151671900569871,High Anomaly
TXN0000222393,2024-08-27 16:20:18,Bill Payment,Fuel,530,18-25,36-45,Karnataka,Kotak,IndusInd,iOS,WiFi,16,0,SUCCESS,0,0.515165029235727,High Anomaly
TXN0000162088,2024-01-08 10:09:49,Bill Payment,Fuel,422,36-45,18-25,Rajasthan,ICICI,IndusInd,iOS,3G,10,0,SUCCESS,0,0.5151638938867119,High Anomaly
TXN0000025332,2024-02-04 08:07:16,P2M,Fuel,2801,36-45,46-55,Maharashtra,Yes Bank,HDFC,iOS,WiFi,8,1,SUCCESS,0,0.515161425802344,High Anomaly
TXN0000121290,2024-05-10 00:37:13,P2P,Other,4716,18-25,46-55,Andhra Pradesh,SBI,PNB,Web,WiFi,0,0,SUCCESS,0,0.5151589475324525,High Anomaly
TXN0000050534,2024-05-16 05:48:16,P2M,Grocery,3012,46-55,56+,Uttar Pradesh,Axis,Yes Bank,Web,5G,5,0,SUCCESS,0,0.5151580289913286,High Anomaly
TXN0000105219,2024-01-08 09:55:57,P2M,Fuel,430,56+,36-45,Andhra Pradesh,ICICI,Kotak,iOS,WiFi,9,0,SUCCESS,0,0.5151566083998652,High Anomaly
TXN0000037097,2024-11-20 19:39:18,Bill Payment,Fuel,227,18-25,36-45,Maharashtra,Axis,IndusInd,Web,3G,19,0,SUCCESS,0,0.5151551676350442,High Anomaly
TXN0000176291,2024-06-05 03:41:29,Bill Payment,Transport,350,46-55,36-45,Andhra Pradesh,Yes Bank,HDFC,iOS,3G,3,0,SUCCESS,0,0.5151294259815532,High Anomaly
TXN0000045482,2024-10-29 21:40:09,P2P,Utilities,409,46-55,56+,West Bengal,SBI,Kotak,iOS,3G,21,0,SUCCESS,0,0.5151129445281998,High Anomaly
TXN0000232222,2024-05-28 20:48:19,P2P,Education,12410,56+,46-55,Tamil Nadu,Kotak,Yes Bank,Android,WiFi,20,0,SUCCESS,0,0.515099173947226,High Anomaly
TXN0000016736,2024-04-15 12:56:36,Bill Payment,Shopping,656,36-45,46-55,Rajasthan,Axis,IndusInd,iOS,WiFi,12,0,SUCCESS,0,0.5150907041691596,High Anomaly
TXN0000026602,2024-08-25 08:11:28,Bill Payment,Utilities,281,36-45,46-55,Karnataka,Axis,HDFC,iOS,5G,8,1,SUCCESS,0,0.5150878420863411,High Anomaly
TXN0000013956,2024-10-26 18:34:49,P2P,Entertainment,281,18-25,36-45,West Bengal,Kotak,ICICI,Web,WiFi,18,1,SUCCESS,0,0.5150853547684151,High Anomaly
TXN0000133295,2024-09-28 23:45:29,P2M,Transport,513,26-35,46-55,West Bengal,HDFC,Yes Bank,iOS,WiFi,23,1,SUCCESS,0,0.5150815657940254,High Anomaly
TXN0000052435,2024-02-01 10:39:48,P2M,Transport,26,56+,56+,Rajasthan,SBI,PNB,Android,3G,10,0,SUCCESS,0,0.5150689970488376,High Anomaly
TXN0000092253,2024-07-23 12:18:25,P2M,Utilities,3107,36-45,46-55,Gujarat,PNB,ICICI,iOS,WiFi,12,0,SUCCESS,0,0.5150662903814809,High Anomaly
TXN0000010185,2024-01-07 08:35:42,P2M,Entertainment,171,46-55,56+,Gujarat,PNB,IndusInd,Android,3G,8,1,SUCCESS,0,0.5150471249952061,High Anomaly
TXN0000066578,2024-08-31 05:19:52,Recharge,Shopping,2705,46-55,36-45,Maharashtra,Yes Bank,Yes Bank,iOS,4G,5,1,SUCCESS,0,0.515043387092168,High Anomaly
TXN0000124176,2024-04-03 20:27:46,P2M,Transport,28,36-45,56+,Andhra Pradesh,HDFC,IndusInd,iOS,5G,20,0,SUCCESS,0,0.5150428250850903,High Anomaly
TXN0000047271,2024-10-12 14:06:53,P2M,Other,387,18-25,26-35,Tamil Nadu,Kotak,Kotak,Web,WiFi,14,1,SUCCESS,0,0.5150290250626176,High Anomaly
TXN0000223726,2024-11-02 23:16:08,Bill Payment,Shopping,1632,46-55,18-25,Tamil Nadu,Yes Bank,Kotak,Web,4G,23,1,SUCCESS,0,0.5150277020911235,High Anomaly
TXN0000204796,2024-12-22 11:22:00,Recharge,Utilities,385,18-25,18-25,Maharashtra,HDFC,PNB,iOS,3G,11,1,SUCCESS,0,0.5150178236448981,High Anomaly
TXN0000108954,2024-05-31 12:55:24,P2M,Utilities,2006,56+,26-35,Maharashtra,Yes Bank,Axis,Web,5G,12,0,SUCCESS,0,0.5150174829851799,High Anomaly
TXN0000129210,2024-05-28 10:46:30,Bill Payment,Shopping,13150,36-45,36-45,Rajasthan,IndusInd,HDFC,iOS,3G,10,0,SUCCESS,0,0.5150124564552123,High Anomaly
TXN0000011159,2024-07-28 12:19:29,P2M,Education,3374,46-55,26-35,Telangana,IndusInd,Kotak,iOS,WiFi,12,1,SUCCESS,0,0.5150083308627192,High Anomaly
TXN0000019202,2024-07-14 20:20:54,P2P,Transport,84,26-35,46-55,Telangana,HDFC,HDFC,Web,3G,20,1,SUCCESS,0,0.5149974595662815,High Anomaly
TXN0000079023,2024-08-26 10:26:53,Recharge,Utilities,2883,18-25,26-35,Telangana,Axis,Yes Bank,iOS,WiFi,10,0,FAILED,0,0.514989562661903,High Anomaly
TXN0000138044,2024-12-18 19:10:38,Bill Payment,Grocery,1477,56+,26-35,Telangana,IndusInd,ICICI,Web,5G,19,0,SUCCESS,0,0.5149852156003842,High Anomaly
TXN0000220276,2024-06-07 18:23:33,Bill Payment,Fuel,1516,56+,26-35,Maharashtra,HDFC,SBI,Web,WiFi,18,0,SUCCESS,0,0.514973175609773,High Anomaly
TXN0000106239,2024-06-24 13:06:03,P2P,Healthcare,1519,36-45,46-55,Gujarat,IndusInd,PNB,iOS,WiFi,13,0,SUCCESS,0,0.5149653333050429,High Anomaly
TXN0000030375,2024-05-05 18:23:02,P2P,Fuel,624,56+,18-25,Maharashtra,ICICI,HDFC,Web,WiFi,18,1,SUCCESS,0,0.5149535088462888,High Anomaly
TXN0000112178,2024-01-07 11:14:31,Bill Payment,Grocery,227,36-45,56+,Rajasthan,Kotak,HDFC,Web,4G,11,1,SUCCESS,0,0.5149490738887122,High Anomaly
TXN0000060036,2024-12-21 20:37:36,Bill Payment,Other,1154,36-45,46-55,Karnataka,PNB,Yes Bank,iOS,3G,20,1,SUCCESS,0,0.514942320956152,High Anomaly
TXN0000089090,2024-06-17 21:52:13,P2M,Fuel,613,56+,46-55,Andhra Pradesh,ICICI,ICICI,iOS,3G,21,0,SUCCESS,0,0.5149400096212674,High Anomaly
TXN0000120730,2024-09-26 11:18:05,Bill Payment,Shopping,1689,56+,36-45,Telangana,ICICI,Kotak,iOS,WiFi,11,0,SUCCESS,0,0.5149277378588879,High Anomaly
TXN0000168240,2024-02-21 12:42:26,P2M,Utilities,259,18-25,36-45,Gujarat,HDFC,Kotak,Web,3G,12,0,SUCCESS,0,0.514920201964499,High Anomaly
TXN0000068734,2024-01-01 11:49:32,P2M,Other,108,26-35,56+,Maharashtra,HDFC,ICICI,Web,WiFi,11,0,SUCCESS,0,0.5149072287090987,High Anomaly
TXN0000165835,2024-12-10 08:38:59,Recharge,Utilities,4366,36-45,18-25,Tamil Nadu,PNB,Yes Bank,iOS,3G,8,0,SUCCESS,0,0.5149043958654741,High Anomaly
TXN0000078136,2024-12-21 09:54:40,Recharge,Grocery,416,46-55,36-45,Karnataka,Axis,IndusInd,iOS,5G,9,1,SUCCESS,0,0.5149011835922712,High Anomaly
TXN0000115361,2024-09-27 15:08:12,Bill Payment,Food,232,46-55,18-25,Telangana,Kotak,PNB,iOS,WiFi,15,0,FAILED,0,0.5148849461455834,High Anomaly
TXN0000169805,2024-03-31 15:52:05,P2P,Transport,60,36-45,46-55,Karnataka,PNB,ICICI,Web,5G,15,1,SUCCESS,0,0.5148836073674079,High Anomaly
TXN0000211546,2024-08-24 18:58:54,P2M,Entertainment,801,18-25,46-55,West Bengal,Yes Bank,IndusInd,iOS,WiFi,18,1,SUCCESS,0,0.5148826897101039,High Anomaly
TXN0000095893,2024-12-18 13:59:26,Recharge,Shopping,605,46-55,26-35,Gujarat,Yes Bank,SBI,Web,4G,13,0,SUCCESS,0,0.5148792157620609,High Anomaly
TXN0000140976,2024-08-29 21:13:08,P2M,Other,243,56+,46-55,Maharashtra,Axis,Yes Bank,iOS,WiFi,21,0,SUCCESS,0,0.5148722436081592,High Anomaly
TXN0000017558,2024-09-19 17:27:30,P2M,Transport,26,56+,26-35,Maharashtra,Kotak,HDFC,iOS,3G,17,0,FAILED,0,0.5148614001917718,High Anomaly
TXN0000053426,2024-08-26 03:41:16,Bill Payment,Fuel,550,26-35,18-25,Delhi,SBI,HDFC,Web,WiFi,3,0,FAILED,0,0.5148607096167562,High Anomaly
TXN0000084082,2024-07-04 13:21:11,P2M,Utilities,6673,56+,36-45,Rajasthan,HDFC,IndusInd,Web,4G,13,0,SUCCESS,1,0.5148544893613538,High Anomaly
TXN0000042885,2024-05-23 12:12:08,P2M,Fuel,2378,18-25,46-55,Tamil Nadu,ICICI,SBI,Web,WiFi,12,0,SUCCESS,0,0.5148424236886002,High Anomaly
TXN0000153766,2024-01-02 11:07:19,P2P,Healthcare,163,18-25,56+,Rajasthan,Kotak,IndusInd,iOS,WiFi,11,0,SUCCESS,0,0.5148418995566407,High Anomaly
TXN0000249916,2024-04-29 20:59:41,Recharge,Fuel,2178,26-35,46-55,Telangana,Kotak,ICICI,iOS,5G,20,0,FAILED,0,0.5148120964536381,High Anomaly
TXN0000247092,2024-08-31 23:03:37,Recharge,Food,42,56+,18-25,Delhi,Kotak,HDFC,Android,5G,23,1,SUCCESS,0,0.5148095563178804,High Anomaly
TXN0000204352,2024-10-02 08:19:14,Bill Payment,Shopping,2318,56+,36-45,Telangana,SBI,Axis,iOS,WiFi,8,0,SUCCESS,0,0.5147963362280173,High Anomaly
TXN0000098802,2024-04-28 18:47:28,P2M,Shopping,377,18-25,46-55,Rajasthan,Yes Bank,HDFC,Web,5G,18,1,SUCCESS,0,0.5147761375249966,High Anomaly
TXN0000246813,2024-12-01 14:15:52,P2P,Shopping,2989,26-35,26-35,Karnataka,IndusInd,Axis,Web,3G,14,1,SUCCESS,0,0.5147713226523458,High Anomaly
TXN0000246112,2024-09-16 14:54:05,Bill Payment,Shopping,615,56+,18-25,Andhra Pradesh,SBI,PNB,iOS,WiFi,14,0,SUCCESS,0,0.5147663770733746,High Anomaly
TXN0000056836,2024-02-24 20:33:50,Recharge,Entertainment,313,56+,56+,Uttar Pradesh,ICICI,IndusInd,Android,4G,20,1,SUCCESS,0,0.5147616828300144,High Anomaly
TXN0000110357,2024-06-28 15:32:44,Recharge,Grocery,121,18-25,18-25,Karnataka,Yes Bank,Axis,Web,WiFi,15,0,FAILED,0,0.5147613227216195,High Anomaly
TXN0000027528,2024-09-18 12:11:10,P2M,Fuel,539,36-45,18-25,Telangana,IndusInd,Kotak,Web,WiFi,12,0,SUCCESS,0,0.514758625637162,High Anomaly
TXN0000089163,2024-12-17 08:04:11,Recharge,Grocery,288,56+,46-55,Maharashtra,IndusInd,Kotak,iOS,4G,8,0,SUCCESS,0,0.5147555903827382,High Anomaly
TXN0000024694,2024-02-09 09:18:17,P2M,Healthcare,187,18-25,36-45,Delhi,Kotak,PNB,Web,3G,9,0,SUCCESS,0,0.5147496837974506,High Anomaly
TXN0000177575,2024-03-30 03:04:15,P2P,Healthcare,860,46-55,26-35,Andhra Pradesh,PNB,ICICI,iOS,WiFi,3,1,SUCCESS,0,0.5147457916306832,High Anomaly
TXN0000143900,2024-10-20 19:29:16,P2M,Fuel,1464,18-25,18-25,West Bengal,Kotak,PNB,iOS,3G,19,1,SUCCESS,0,0.5147378989059918,High Anomaly
TXN0000217734,2024-03-18 21:28:39,Bill Payment,Grocery,1008,56+,46-55,Delhi,SBI,SBI,iOS,WiFi,21,0,SUCCESS,0,0.5147321946843367,High Anomaly
TXN0000129636,2024-03-31 08:30:07,Bill Payment,Entertainment,338,18-25,18-25,Rajasthan,IndusInd,ICICI,iOS,WiFi,8,1,SUCCESS,0,0.5147100069641002,High Anomaly
TXN0000091909,2024-12-26 08:36:17,P2M,Entertainment,405,46-55,18-25,Andhra Pradesh,Yes Bank,IndusInd,Web,5G,8,0,SUCCESS,0,0.5147098519188568,High Anomaly
TXN0000031155,2024-11-09 17:28:27,P2P,Other,415,18-25,46-55,West Bengal,PNB,Axis,Web,WiFi,17,1,SUCCESS,0,0.5147064652554137,High Anomaly
TXN0000217406,2024-05-15 18:59:37,P2P,Entertainment,175,46-55,18-25,Gujarat,PNB,ICICI,Web,3G,18,0,SUCCESS,0,0.5147041972476848,High Anomaly
TXN0000030369,2024-03-23 11:59:28,Bill Payment,Utilities,2823,26-35,26-35,Karnataka,HDFC,Kotak,Web,3G,11,1,SUCCESS,0,0.5146997743311049,High Anomaly
TXN0000089937,2024-01-17 14:40:19,Recharge,Fuel,2035,36-45,18-25,Tamil Nadu,Kotak,Kotak,iOS,3G,14,0,SUCCESS,0,0.5146969263381597,High Anomaly
TXN0000029548,2024-07-28 11:33:56,Recharge,Food,952,26-35,26-35,Karnataka,HDFC,PNB,Web,WiFi,11,1,SUCCESS,0,0.5146851698423277,High Anomaly
TXN0000142849,2024-11-24 06:20:30,Bill Payment,Food,626,56+,46-55,Telangana,Axis,ICICI,iOS,4G,6,1,SUCCESS,0,0.514682215920365,High Anomaly
TXN0000074741,2024-10-19 09:40:51,Recharge,Grocery,1540,36-45,56+,Karnataka,Axis,HDFC,Android,3G,9,1,SUCCESS,0,0.5146794206354905,High Anomaly
TXN0000074251,2024-05-14 01:13:47,Bill Payment,Utilities,6815,56+,26-35,Telangana,HDFC,Axis,iOS,4G,1,0,SUCCESS,0,0.5146617172205192,High Anomaly
TXN0000162053,2024-08-10 10:45:11,Bill Payment,Transport,203,46-55,26-35,Uttar Pradesh,SBI,IndusInd,iOS,WiFi,10,1,SUCCESS,0,0.5146583974822172,High Anomaly
TXN0000177074,2024-11-15 11:44:06,P2M,Utilities,2245,18-25,36-45,Rajasthan,Axis,IndusInd,Web,WiFi,11,0,SUCCESS,0,0.5146542342287188,High Anomaly
TXN0000166129,2024-05-26 21:26:34,Bill Payment,Fuel,3940,26-35,46-55,Uttar Pradesh,Axis,Axis,iOS,WiFi,21,1,SUCCESS,0,0.5146496267838042,High Anomaly
TXN0000164274,2024-11-11 12:43:50,P2M,Other,756,18-25,56+,Delhi,ICICI,SBI,Web,3G,12,0,SUCCESS,0,0.5146426039188786,High Anomaly
TXN0000095429,2024-12-17 13:31:15,Bill Payment,Utilities,5915,26-35,56+,Tamil Nadu,ICICI,Yes Bank,iOS,WiFi,13,0,SUCCESS,0,0.5146402041440639,High Anomaly
TXN0000079461,2024-12-14 15:26:13,Recharge,Other,1280,36-45,18-25,Tamil Nadu,SBI,HDFC,iOS,3G,15,1,FAILED,0,0.5146395442336191,High Anomaly
TXN0000151307,2024-02-25 10:21:49,Recharge,Fuel,3716,18-25,18-25,Tamil Nadu,HDFC,ICICI,Web,4G,10,1,SUCCESS,0,0.5146387242635212,High Anomaly
TXN0000086710,2024-09-21 16:01:43,Bill Payment,Fuel,585,36-45,26-35,Andhra Pradesh,SBI,IndusInd,iOS,WiFi,16,1,SUCCESS,0,0.5146333096837226,High Anomaly
TXN0000001088,2024-09-09 18:12:00,P2P,Grocery,631,46-55,56+,Telangana,Kotak,Yes Bank,iOS,3G,18,0,SUCCESS,0,0.5146331434101853,High Anomaly
TXN0000072509,2024-06-12 18:07:24,P2M,Healthcare,774,18-25,56+,Andhra Pradesh,Kotak,ICICI,iOS,5G,18,0,SUCCESS,0,0.5146218149976457,High Anomaly
TXN0000050405,2024-01-05 00:33:23,Bill Payment,Grocery,3664,26-35,56+,Delhi,SBI,Kotak,iOS,WiFi,0,0,FAILED,0,0.5146193725877005,High Anomaly
TXN0000019251,2024-05-09 17:40:40,Bill Payment,Shopping,393,26-35,36-45,Telangana,SBI,HDFC,Web,3G,17,0,SUCCESS,0,0.5146148982756776,High Anomaly
TXN0000123132,2024-08-23 01:44:38,Bill Payment,Food,417,26-35,36-45,Telangana,SBI,IndusInd,Web,WiFi,1,0,SUCCESS,0,0.514589169162355,High Anomaly
TXN0000203842,2024-08-18 11:49:48,Bill Payment,Other,626,46-55,56+,Maharashtra,Axis,PNB,iOS,5G,11,1,SUCCESS,0,0.5145818154860805,High Anomaly
TXN0000065253,2024-10-04 12:19:48,P2M,Food,162,36-45,56+,Rajasthan,SBI,Yes Bank,Web,WiFi,12,0,SUCCESS,0,0.5145813167998408,High Anomaly
TXN0000219788,2024-12-13 19:59:17,P2P,Shopping,8062,56+,56+,Karnataka,PNB,ICICI,iOS,5G,19,0,SUCCESS,0,0.5145804425868462,High Anomaly
TXN0000206761,2024-02-20 03:44:10,Bill Payment,Food,396,18-25,18-25,Andhra Pradesh,Kotak,Axis,Web,WiFi,3,0,SUCCESS,0,0.5145750212748308,High Anomaly
TXN0000002620,2024-08-23 05:14:22,P2M,Shopping,1666,56+,56+,Andhra Pradesh,SBI,IndusInd,Android,3G,5,0,FAILED,0,0.5145572086372722,High Anomaly
TXN0000184374,2024-09-01 18:00:37,Recharge,Healthcare,1442,56+,26-35,Tamil Nadu,ICICI,SBI,Android,WiFi,18,1,SUCCESS,0,0.5145513792321971,High Anomaly
TXN0000173158,2024-06-08 16:43:32,P2P,Shopping,180,36-45,18-25,West Bengal,PNB,Axis,iOS,3G,16,1,SUCCESS,0,0.514551224289747,High Anomaly
TXN0000239468,2024-06-01 20:21:22,P2P,Entertainment,1020,18-25,46-55,Telangana,Yes Bank,IndusInd,iOS,WiFi,20,1,SUCCESS,0,0.514551001873789,High Anomaly
TXN0000108537,2024-11-05 18:18:54,Bill Payment,Education,6337,18-25,46-55,Gujarat,SBI,IndusInd,Web,5G,18,0,SUCCESS,0,0.5145473915078824,High Anomaly
TXN0000202105,2024-05-08 01:38:30,Recharge,Grocery,781,56+,36-45,Delhi,Axis,PNB,iOS,4G,1,0,SUCCESS,0,0.5145443944443704,High Anomaly
TXN0000054724,2024-04-27 20:26:22,P2P,Shopping,5936,18-25,46-55,Andhra Pradesh,HDFC,SBI,Web,WiFi,20,1,SUCCESS,0,0.5145441083668397,High Anomaly
TXN0000139214,2024-02-09 12:51:56,P2M,Shopping,1270,46-55,46-55,Delhi,PNB,Axis,iOS,3G,12,0,SUCCESS,0,0.5145427874902985,High Anomaly
TXN0000107830,2024-09-02 21:50:26,P2M,Utilities,425,56+,18-25,Tamil Nadu,Axis,Axis,iOS,WiFi,21,0,SUCCESS,0,0.5145388712654997,High Anomaly
TXN0000040433,2024-10-06 20:25:52,Recharge,Utilities,396,18-25,26-35,Maharashtra,Kotak,HDFC,iOS,3G,20,1,SUCCESS,0,0.5145369569131524,High Anomaly
TXN0000062377,2024-01-09 20:11:24,Bill Payment,Fuel,2014,56+,26-35,Rajasthan,PNB,SBI,Web,5G,20,0,SUCCESS,0,0.5145331182182084,High Anomaly
TXN0000004217,2024-08-08 09:28:14,Recharge,Fuel,1497,56+,36-45,Gujarat,Yes Bank,PNB,Android,WiFi,9,0,FAILED,0,0.5145312868118199,High Anomaly
TXN0000002821,2024-06-16 21:23:35,Bill Payment,Transport,68,26-35,56+,Rajasthan,Kotak,HDFC,iOS,5G,21,1,SUCCESS,0,0.5145244986710962,High Anomaly
TXN0000165798,2024-06-15 12:04:24,P2M,Food,419,46-55,18-25,Karnataka,IndusInd,Kotak,Web,WiFi,12,1,SUCCESS,0,0.514521231921857,High Anomaly
TXN0000173068,2024-10-30 11:39:39,P2M,Fuel,379,56+,56+,Maharashtra,ICICI,Kotak,Web,4G,11,0,SUCCESS,0,0.5145189607458299,High Anomaly
TXN0000124320,2024-05-31 17:57:10,Bill Payment,Fuel,3162,18-25,46-55,Maharashtra,IndusInd,SBI,Web,3G,17,0,SUCCESS,0,0.5145189090837029,High Anomaly
TXN0000106100,2024-03-20 16:16:05,P2M,Food,414,26-35,46-55,West Bengal,IndusInd,Yes Bank,Web,WiFi,16,0,SUCCESS,0,0.5145133386315425,High Anomaly
TXN0000193733,2024-04-28 00:37:56,Recharge,Grocery,1278,18-25,56+,Maharashtra,ICICI,PNB,iOS,5G,0,1,SUCCESS,0,0.5144987754319239,High Anomaly
TXN0000185823,2024-07-04 17:35:48,P2P,Fuel,3809,56+,26-35,Andhra Pradesh,Kotak,Yes Bank,Web,WiFi,17,0,SUCCESS,0,0.5144951952159343,High Anomaly
TXN0000062856,2024-12-15 18:18:06,Bill Payment,Shopping,148,18-25,18-25,Gujarat,IndusInd,Kotak,Web,WiFi,18,1,SUCCESS,0,0.5144916772459714,High Anomaly
TXN0000173011,2024-06-23 18:17:54,Bill Payment,Other,730,56+,18-25,Andhra Pradesh,PNB,SBI,iOS,WiFi,18,1,SUCCESS,0,0.5144752124144452,High Anomaly
TXN0000190741,2024-03-17 11:01:45,Bill Payment,Shopping,235,18-25,18-25,West Bengal,HDFC,HDFC,iOS,WiFi,11,1,SUCCESS,0,0.5144674661803826,High Anomaly
TXN0000059959,2024-09-04 21:13:52,P2M,Food,582,36-45,46-55,Rajasthan,ICICI,SBI,Web,WiFi,21,0,SUCCESS,0,0.5144656994190577,High Anomaly
TXN0000226876,2024-01-06 18:59:18,Bill Payment,Food,103,46-55,56+,Tamil Nadu,ICICI,HDFC,Android,WiFi,18,1,FAILED,0,0.5144535194523154,High Anomaly
TXN0000098491,2024-06-22 12:38:40,Bill Payment,Utilities,240,18-25,46-55,Rajasthan,IndusInd,Yes Bank,Web,4G,12,1,SUCCESS,0,0.5144489957305266,High Anomaly
TXN0000172964,2024-09-01 02:18:04,Bill Payment,Fuel,672,46-55,26-35,Maharashtra,SBI,ICICI,iOS,WiFi,2,1,SUCCESS,0,0.5144446952935582,High Anomaly
TXN0000062355,2024-04-09 12:20:39,Recharge,Utilities,1088,26-35,18-25,Telangana,SBI,Yes Bank,Web,3G,12,0,SUCCESS,0,0.514443395788683,High Anomaly
TXN0000177607,2024-04-20 17:31:01,Recharge,Food,81,26-35,18-25,Gujarat,SBI,Yes Bank,Web,WiFi,17,1,SUCCESS,0,0.5144420928265573,High Anomaly
TXN0000136244,2024-02-25 13:21:39,Recharge,Food,719,46-55,36-45,Uttar Pradesh,PNB,Kotak,iOS,3G,13,1,SUCCESS,0,0.5144377460784506,High Anomaly
TXN0000024340,2024-06-26 14:54:41,Bill Payment,Fuel,1929,18-25,36-45,Tamil Nadu,Kotak,IndusInd,iOS,WiFi,14,0,SUCCESS,0,0.5144183841534249,High Anomaly
TXN0000065341,2024-06-29 18:08:11,P2P,Entertainment,131,56+,26-35,West Bengal,PNB,IndusInd,iOS,5G,18,1,SUCCESS,0,0.514410369358843,High Anomaly
TXN0000047136,2024-09-01 17:57:20,P2M,Utilities,404,36-45,26-35,Uttar Pradesh,ICICI,Axis,Web,WiFi,17,1,SUCCESS,0,0.5144099375806834,High Anomaly
TXN0000179200,2024-07-09 17:53:02,Recharge,Education,779,18-25,36-45,Uttar Pradesh,PNB,HDFC,iOS,WiFi,17,0,SUCCESS,0,0.5143986740309789,High Anomaly
TXN0000149550,2024-05-05 13:07:36,Bill Payment,Utilities,619,56+,26-35,Telangana,IndusInd,ICICI,iOS,5G,13,1,SUCCESS,0,0.5143866772315877,High Anomaly
TXN0000184858,2024-12-02 22:41:40,P2P,Shopping,1540,36-45,36-45,Andhra Pradesh,Axis,Yes Bank,Web,3G,22,0,SUCCESS,0,0.5143862180730777,High Anomaly
TXN0000110192,2024-05-21 16:36:58,P2P,Grocery,2673,56+,46-55,Karnataka,ICICI,PNB,Web,5G,16,0,SUCCESS,0,0.5143841030785219,High Anomaly
TXN0000196324,2024-08-07 13:13:03,P2M,Grocery,391,18-25,56+,Rajasthan,Kotak,PNB,iOS,WiFi,13,0,SUCCESS,0,0.5143825242378872,High Anomaly
TXN0000172593,2024-04-28 20:34:28,Recharge,Transport,105,26-35,18-25,Maharashtra,Yes Bank,PNB,Web,5G,20,1,SUCCESS,0,0.5143790569113627,High Anomaly
TXN0000020585,2024-06-07 14:20:09,Bill Payment,Shopping,1260,46-55,26-35,Maharashtra,Yes Bank,Axis,Web,5G,14,0,SUCCESS,0,0.5143784906437043,High Anomaly
TXN0000091645,2024-01-21 21:32:30,P2P,Entertainment,476,36-45,18-25,Gujarat,HDFC,ICICI,Web,3G,21,1,SUCCESS,0,0.5143761503954496,High Anomaly
TXN0000005026,2024-11-01 13:57:28,P2M,Food,93,46-55,36-45,Rajasthan,Yes Bank,SBI,Web,WiFi,13,0,SUCCESS,0,0.5143644965878175,High Anomaly
TXN0000077475,2024-09-22 23:52:07,Bill Payment,Shopping,1826,26-35,18-25,Rajasthan,PNB,IndusInd,iOS,3G,23,1,SUCCESS,0,0.5143430363207494,High Anomaly
TXN0000073451,2024-11-23 18:14:05,P2M,Fuel,1218,26-35,18-25,Delhi,Axis,Axis,Web,WiFi,18,1,SUCCESS,0,0.5143388181367691,High Anomaly
TXN0000018662,2024-11-05 11:55:55,Recharge,Other,653,46-55,26-35,Andhra Pradesh,HDFC,Axis,iOS,WiFi,11,0,SUCCESS,0,0.514335329827844,High Anomaly
TXN0000224285,2024-02-17 10:13:23,Bill Payment,Transport,92,36-45,46-55,Maharashtra,Axis,Kotak,Web,5G,10,1,SUCCESS,0,0.5143353177979404,High Anomaly
TXN0000178060,2024-05-19 11:38:45,P2P,Entertainment,82,56+,56+,Karnataka,IndusInd,Yes Bank,iOS,4G,11,1,SUCCESS,0,0.5143274379999102,High Anomaly
TXN0000029170,2024-01-08 10:11:38,P2P,Grocery,540,56+,18-25,Maharashtra,Axis,IndusInd,iOS,3G,10,0,FAILED,0,0.5143270629290073,High Anomaly
TXN0000127868,2024-04-07 03:03:37,Bill Payment,Transport,248,18-25,46-55,Uttar Pradesh,PNB,ICICI,Web,5G,3,1,SUCCESS,0,0.5143192876858947,High Anomaly
TXN0000108360,2024-11-06 20:49:08,Bill Payment,Transport,1606,46-55,36-45,Tamil Nadu,Yes Bank,IndusInd,iOS,WiFi,20,0,SUCCESS,0,0.5143184405990376,High Anomaly
TXN0000164921,2024-06-16 19:28:52,Bill Payment,Education,5132,36-45,46-55,Delhi,Yes Bank,HDFC,iOS,5G,19,1,SUCCESS,0,0.5143154710298024,High Anomaly
TXN0000019161,2024-12-07 19:23:54,P2M,Other,474,46-55,18-25,West Bengal,ICICI,PNB,iOS,3G,19,1,SUCCESS,0,0.5142974920784319,High Anomaly
TXN0000224472,2024-06-08 23:18:46,P2P,Utilities,338,56+,26-35,Uttar Pradesh,SBI,Kotak,iOS,3G,23,1,SUCCESS,0,0.5142943219839449,High Anomaly
TXN0000090411,2024-10-04 12:43:35,Bill Payment,Utilities,5018,46-55,36-45,Andhra Pradesh,PNB,HDFC,iOS,WiFi,12,0,SUCCESS,0,0.5142916107700103,High Anomaly
TXN0000057281,2024-06-19 06:10:05,P2P,Shopping,3397,26-35,56+,Karnataka,SBI,PNB,Web,5G,6,0,SUCCESS,0,0.514290751925158,High Anomaly
TXN0000209906,2024-08-11 19:48:25,P2M,Transport,13,26-35,18-25,Tamil Nadu,Axis,ICICI,Web,5G,19,1,SUCCESS,0,0.5142896794815397,High Anomaly
TXN0000024588,2024-10-21 11:24:20,P2M,Fuel,3512,18-25,18-25,Maharashtra,Axis,IndusInd,iOS,3G,11,0,SUCCESS,0,0.5142805288536432,High Anomaly
TXN0000131287,2024-03-29 23:32:04,P2M,Grocery,1305,18-25,46-55,Tamil Nadu,Kotak,IndusInd,Web,WiFi,23,0,SUCCESS,0,0.5142762551154678,High Anomaly
TXN0000201982,2024-07-15 08:19:23,Bill Payment,Other,464,18-25,56+,Andhra Pradesh,PNB,PNB,Android,WiFi,8,0,SUCCESS,0,0.5142710460010318,High Anomaly
TXN0000084655,2024-06-14 16:25:55,P2M,Other,228,56+,46-55,Rajasthan,PNB,PNB,Web,5G,16,0,SUCCESS,0,0.5142557049689226,High Anomaly
TXN0000179382,2024-04-23 10:00:14,P2M,Utilities,11557,56+,36-45,Andhra Pradesh,SBI,Yes Bank,iOS,WiFi,10,0,SUCCESS,0,0.5142529805908428,High Anomaly
TXN0000126788,2024-04-06 12:46:13,P2M,Shopping,619,36-45,56+,Telangana,ICICI,PNB,iOS,5G,12,1,SUCCESS,0,0.5142504567846826,High Anomaly
TXN0000036095,2024-11-24 16:32:27,Bill Payment,Shopping,226,56+,46-55,Uttar Pradesh,ICICI,Yes Bank,iOS,4G,16,1,SUCCESS,0,0.5142442899192934,High Anomaly
TXN0000003513,2024-03-31 10:40:50,P2P,Food,175,26-35,46-55,Telangana,IndusInd,PNB,Web,WiFi,10,1,SUCCESS,0,0.514243929840211,High Anomaly
TXN0000239012,2024-03-17 07:37:03,Bill Payment,Other,761,36-45,36-45,Uttar Pradesh,SBI,PNB,iOS,WiFi,7,1,SUCCESS,0,0.514236345682996,High Anomaly
TXN0000172656,2024-01-04 00:25:12,P2P,Healthcare,433,56+,18-25,West Bengal,IndusInd,ICICI,iOS,5G,0,0,SUCCESS,0,0.5142316683105908,High Anomaly
TXN0000019720,2024-03-25 17:25:38,Bill Payment,Fuel,1801,36-45,56+,Delhi,ICICI,IndusInd,iOS,5G,17,0,SUCCESS,0,0.5142202951643479,High Anomaly
TXN0000001372,2024-11-25 20:04:54,P2P,Education,14588,46-55,18-25,Rajasthan,SBI,PNB,Web,WiFi,20,0,SUCCESS,0,0.5142146579899131,High Anomaly
TXN0000051460,2024-10-07 14:24:32,Bill Payment,Fuel,4503,46-55,46-55,Uttar Pradesh,ICICI,SBI,iOS,5G,14,0,SUCCESS,0,0.514212436363887,High Anomaly
TXN0000085410,2024-08-10 22:51:59,Bill Payment,Utilities,1669,46-55,26-35,Andhra Pradesh,ICICI,HDFC,Android,WiFi,22,1,SUCCESS,0,0.5142055902036899,High Anomaly
TXN0000079931,2024-05-13 19:35:07,Recharge,Grocery,2377,36-45,46-55,Maharashtra,HDFC,Kotak,iOS,WiFi,19,0,SUCCESS,0,0.5142006664147811,High Anomaly
TXN0000086060,2024-12-09 01:02:48,Bill Payment,Other,1835,56+,26-35,Uttar Pradesh,HDFC,PNB,Web,4G,1,0,SUCCESS,0,0.5141993859775204,High Anomaly
TXN0000081563,2024-01-01 18:56:22,Bill Payment,Healthcare,1534,46-55,56+,Rajasthan,HDFC,HDFC,iOS,4G,18,0,SUCCESS,0,0.5141909107286428,High Anomaly
TXN0000163832,2024-02-15 08:39:11,Bill Payment,Education,5690,46-55,36-45,Tamil Nadu,IndusInd,PNB,iOS,5G,8,0,SUCCESS,0,0.5141873273045243,High Anomaly
TXN0000005191,2024-12-26 11:58:15,P2P,Education,13158,36-45,46-55,Maharashtra,ICICI,PNB,iOS,WiFi,11,0,SUCCESS,0,0.5141759940638213,High Anomaly
TXN0000141856,2024-11-04 12:01:47,P2M,Utilities,2389,18-25,56+,Gujarat,HDFC,PNB,iOS,WiFi,12,0,SUCCESS,0,0.5141599238599452,High Anomaly
TXN0000111752,2024-12-28 11:45:13,P2M,Utilities,7185,36-45,18-25,Uttar Pradesh,PNB,IndusInd,Web,WiFi,11,1,SUCCESS,0,0.5141591030180761,High Anomaly
TXN0000141849,2024-03-01 09:06:12,P2P,Entertainment,336,56+,36-45,Maharashtra,ICICI,ICICI,Web,3G,9,0,SUCCESS,0,0.5141500544554172,High Anomaly
TXN0000022211,2024-05-10 01:08:34,P2M,Fuel,490,46-55,56+,Tamil Nadu,HDFC,HDFC,Web,4G,1,0,SUCCESS,0,0.5141455668940857,High Anomaly
TXN0000077741,2024-11-12 11:19:00,P2P,Grocery,1023,46-55,56+,Tamil Nadu,SBI,HDFC,Web,3G,11,0,SUCCESS,0,0.5141431085007144,High Anomaly
TXN0000015542,2024-03-30 16:38:50,P2P,Fuel,2514,18-25,56+,Delhi,Kotak,Kotak,Web,5G,16,1,SUCCESS,0,0.5141385646702642,High Anomaly
TXN0000083214,2024-12-11 16:27:50,Recharge,Entertainment,1177,56+,36-45,Rajasthan,SBI,ICICI,Web,WiFi,16,0,SUCCESS,0,0.5141290200008519,High Anomaly
TXN0000188978,2024-02-03 17:45:26,P2M,Utilities,254,46-55,46-55,Maharashtra,PNB,HDFC,iOS,WiFi,17,1,SUCCESS,0,0.5141167984649002,High Anomaly
TXN0000132153,2024-04-28 21:17:07,Recharge,Utilities,1992,26-35,56+,Rajasthan,HDFC,HDFC,iOS,5G,21,1,SUCCESS,0,0.5141141597591977,High Anomaly
TXN0000242848,2024-06-12 13:01:57,Bill Payment,Healthcare,208,36-45,56+,Andhra Pradesh,HDFC,IndusInd,iOS,5G,13,0,SUCCESS,0,0.5141136606958504,High Anomaly
TXN0000231176,2024-05-27 11:07:57,Recharge,Entertainment,492,18-25,26-35,Rajasthan,Yes Bank,Axis,Web,4G,11,0,SUCCESS,0,0.5141114634833867,High Anomaly
TXN0000117292,2024-01-23 08:38:18,Recharge,Education,2486,56+,18-25,Gujarat,HDFC,IndusInd,Android,5G,8,0,SUCCESS,0,0.5140966029392651,High Anomaly
TXN0000134797,2024-05-17 22:21:06,Bill Payment,Entertainment,267,26-35,56+,Delhi,PNB,Axis,iOS,WiFi,22,0,SUCCESS,0,0.514096197948733,High Anomaly
TXN0000120744,2024-10-19 00:37:43,P2P,Other,466,56+,26-35,Maharashtra,PNB,HDFC,Web,WiFi,0,1,SUCCESS,0,0.5140919244150506,High Anomaly
TXN0000079518,2024-08-09 08:20:46,Bill Payment,Utilities,12296,56+,18-25,West Bengal,SBI,Yes Bank,iOS,5G,8,0,SUCCESS,0,0.5140868220081937,High Anomaly
TXN0000005354,2024-10-21 20:15:05,Recharge,Grocery,2885,36-45,36-45,Gujarat,ICICI,PNB,Web,WiFi,20,0,SUCCESS,0,0.514079952877842,High Anomaly
TXN0000233073,2024-08-17 20:51:02,Bill Payment,Fuel,532,56+,36-45,Maharashtra,HDFC,Axis,Web,4G,20,1,SUCCESS,0,0.5140684771389445,High Anomaly
TXN0000153702,2024-08-22 20:48:33,Bill Payment,Food,544,46-55,36-45,Karnataka,Kotak,ICICI,iOS,WiFi,20,0,SUCCESS,0,0.5140611522232584,High Anomaly
TXN0000174198,2024-01-28 03:45:49,Bill Payment,Fuel,3160,26-35,46-55,Karnataka,HDFC,SBI,Web,4G,3,1,SUCCESS,0,0.5140567282987317,High Anomaly
TXN0000214461,2024-04-30 20:42:05,P2M,Shopping,1600,56+,46-55,Karnataka,Yes Bank,ICICI,iOS,WiFi,20,0,SUCCESS,0,0.5140546772956399,High Anomaly
TXN0000016776,2024-02-25 05:02:55,P2P,Shopping,313,56+,36-45,Karnataka,PNB,Axis,iOS,5G,5,1,SUCCESS,0,0.5140458893458889,High Anomaly
TXN0000238518,2024-06-07 06:47:44,P2P,Shopping,2987,26-35,26-35,Rajasthan,ICICI,IndusInd,Web,WiFi,6,0,SUCCESS,0,0.5140371533185673,High Anomaly
TXN0000086069,2024-02-24 12:47:49,Recharge,Fuel,563,26-35,26-35,Karnataka,Axis,Yes Bank,iOS,WiFi,12,1,SUCCESS,0,0.5140356149349528,High Anomaly
TXN0000105090,2024-10-15 13:14:00,Bill Payment,Food,427,56+,26-35,Andhra Pradesh,IndusInd,Axis,iOS,5G,13,0,SUCCESS,0,0.5140273451608369,High Anomaly
TXN0000232237,2024-12-02 18:09:00,Bill Payment,Utilities,3061,46-55,18-25,Telangana,PNB,PNB,iOS,WiFi,18,0,SUCCESS,0,0.5140206931824401,High Anomaly
TXN0000101965,2024-06-20 15:46:06,P2M,Utilities,2130,56+,18-25,Delhi,Axis,IndusInd,Web,5G,15,0,SUCCESS,0,0.5140206184919461,High Anomaly
TXN0000239377,2024-11-18 11:53:49,Recharge,Healthcare,865,36-45,56+,West Bengal,SBI,HDFC,Web,4G,11,0,SUCCESS,0,0.5140166404890537,High Anomaly
TXN0000027982,2024-07-29 08:26:57,P2M,Fuel,2026,26-35,46-55,Andhra Pradesh,IndusInd,IndusInd,iOS,WiFi,8,0,SUCCESS,0,0.5140161471131325,High Anomaly
TXN0000229739,2024-04-13 22:34:23,P2P,Shopping,658,46-55,18-25,Delhi,Axis,IndusInd,Web,5G,22,1,SUCCESS,0,0.5140011794486367,High Anomaly
TXN0000141205,2024-03-24 10:00:57,Bill Payment,Shopping,4704,46-55,18-25,Delhi,Axis,PNB,Web,4G,10,1,SUCCESS,0,0.5140006197439806,High Anomaly
TXN0000101970,2024-02-08 22:15:04,P2P,Entertainment,136,18-25,46-55,Gujarat,Axis,IndusInd,Web,WiFi,22,0,SUCCESS,0,0.5139958024991831,High Anomaly
TXN0000227802,2024-03-23 16:07:37,Bill Payment,Fuel,2764,18-25,18-25,Rajasthan,PNB,IndusInd,iOS,3G,16,1,SUCCESS,0,0.513990866923456,High Anomaly
TXN0000054079,2024-05-10 07:36:14,Recharge,Food,128,36-45,36-45,Rajasthan,IndusInd,PNB,iOS,WiFi,7,0,SUCCESS,0,0.5139898738748089,High Anomaly
TXN0000224406,2024-01-28 04:54:45,P2P,Grocery,189,26-35,46-55,West Bengal,Yes Bank,IndusInd,Web,5G,4,1,SUCCESS,0,0.5139883832430036,High Anomaly
TXN0000158918,2024-07-06 08:37:57,Recharge,Entertainment,482,36-45,36-45,Tamil Nadu,Kotak,PNB,iOS,4G,8,1,SUCCESS,0,0.5139819324846351,High Anomaly
TXN0000215449,2024-05-17 23:39:32,P2P,Transport,159,46-55,18-25,Tamil Nadu,IndusInd,ICICI,Web,WiFi,23,0,SUCCESS,0,0.5139811621544461,High Anomaly
TXN0000201169,2024-05-04 10:28:14,P2M,Shopping,7902,26-35,26-35,Andhra Pradesh,ICICI,SBI,Web,3G,10,1,SUCCESS,0,0.5139789861247563,High Anomaly
TXN0000220758,2024-03-18 04:21:03,P2P,Grocery,1326,18-25,18-25,Telangana,HDFC,IndusInd,Web,3G,4,0,SUCCESS,0,0.5139709428717781,High Anomaly
TXN0000131741,2024-06-23 19:24:28,Recharge,Shopping,9707,46-55,56+,Maharashtra,SBI,IndusInd,Android,5G,19,1,SUCCESS,0,0.5139652482826887,High Anomaly
TXN0000193288,2024-04-14 19:23:52,Recharge,Education,6058,26-35,26-35,Karnataka,HDFC,PNB,Web,5G,19,1,SUCCESS,0,0.5139643998908113,High Anomaly
TXN0000194493,2024-07-28 07:48:25,P2P,Other,959,18-25,26-35,Rajasthan,IndusInd,HDFC,Web,WiFi,7,1,SUCCESS,0,0.5139341124655804,High Anomaly
TXN0000026829,2024-07-26 07:19:07,Recharge,Other,358,56+,46-55,Andhra Pradesh,HDFC,IndusInd,Android,WiFi,7,0,SUCCESS,0,0.5139330910639532,High Anomaly
TXN0000132907,2024-09-26 08:24:51,P2M,Shopping,1690,26-35,46-55,Telangana,SBI,IndusInd,Web,5G,8,0,SUCCESS,0,0.5139322301197329,High Anomaly
TXN0000116774,2024-01-14 11:44:26,Bill Payment,Food,401,18-25,18-25,Telangana,Yes Bank,IndusInd,iOS,WiFi,11,1,SUCCESS,0,0.5139319731216169,High Anomaly
TXN0000234445,2024-08-08 08:34:44,Recharge,Grocery,734,36-45,26-35,Maharashtra,IndusInd,IndusInd,Web,WiFi,8,0,SUCCESS,0,0.5139298372721167,High Anomaly
TXN0000084519,2024-04-13 12:40:46,P2M,Shopping,1418,56+,36-45,Andhra Pradesh,ICICI,PNB,iOS,5G,12,1,SUCCESS,0,0.5139281640268032,High Anomaly
TXN0000173836,2024-08-30 17:32:47,Bill Payment,Shopping,11133,18-25,26-35,Tamil Nadu,SBI,HDFC,Web,3G,17,0,SUCCESS,0,0.5139153656986125,High Anomaly
TXN0000101852,2024-06-01 18:42:57,Bill Payment,Shopping,7499,46-55,18-25,Telangana,Yes Bank,Kotak,Android,WiFi,18,1,SUCCESS,0,0.5139054810080085,High Anomaly
TXN0000216573,2024-09-08 23:28:14,P2M,Utilities,5177,46-55,46-55,Maharashtra,Kotak,PNB,Web,4G,23,1,SUCCESS,0,0.5139041197998847,High Anomaly
TXN0000163288,2024-01-11 07:18:42,P2M,Grocery,2893,46-55,56+,Tamil Nadu,Axis,PNB,Web,4G,7,0,SUCCESS,0,0.5139022166773956,High Anomaly
TXN0000114102,2024-01-15 19:27:57,P2P,Grocery,2097,46-55,46-55,West Bengal,HDFC,ICICI,Web,3G,19,0,SUCCESS,0,0.513901291796652,High Anomaly
TXN0000203524,2024-10-01 20:26:58,Recharge,Utilities,4001,56+,18-25,West Bengal,Kotak,IndusInd,Android,WiFi,20,0,SUCCESS,0,0.5138998229966756,High Anomaly
TXN0000157504,2024-06-23 07:31:16,Recharge,Transport,67,26-35,18-25,Uttar Pradesh,HDFC,ICICI,iOS,5G,7,1,SUCCESS,0,0.5138883016124485,High Anomaly
TXN0000016090,2024-01-22 23:45:48,P2M,Healthcare,618,26-35,56+,Telangana,Axis,PNB,iOS,3G,23,0,SUCCESS,0,0.5138829697544567,High Anomaly
TXN0000102194,2024-07-23 19:52:56,Bill Payment,Food,182,36-45,46-55,Karnataka,IndusInd,SBI,Web,5G,19,0,SUCCESS,0,0.5138812345548052,High Anomaly
TXN0000247502,2024-01-18 08:38:37,P2P,Grocery,37,18-25,26-35,Telangana,PNB,HDFC,Web,3G,8,0,SUCCESS,0,0.5138736687015966,High Anomaly
TXN0000193068,2024-07-01 19:38:30,P2M,Education,1091,46-55,18-25,Maharashtra,SBI,IndusInd,Web,WiFi,19,0,SUCCESS,0,0.5138691508238302,High Anomaly
TXN0000232122,2024-06-27 10:22:05,Recharge,Food,194,26-35,46-55,Rajasthan,PNB,SBI,Web,5G,10,0,SUCCESS,0,0.5138620168765003,High Anomaly
TXN0000195253,2024-07-09 05:25:02,P2M,Fuel,492,56+,26-35,Telangana,Yes Bank,ICICI,iOS,5G,5,0,SUCCESS,0,0.5138617143668935,High Anomaly
TXN0000179207,2024-07-14 09:28:58,P2M,Education,1796,18-25,56+,Andhra Pradesh,HDFC,HDFC,Android,WiFi,9,1,FAILED,0,0.5138503365969149,High Anomaly
TXN0000179194,2024-07-10 08:15:03,Recharge,Transport,63,18-25,26-35,Andhra Pradesh,HDFC,HDFC,iOS,WiFi,8,0,SUCCESS,0,0.5138479689226332,High Anomaly
TXN0000153135,2024-11-13 16:03:46,Bill Payment,Food,87,56+,26-35,Karnataka,SBI,Axis,Web,WiFi,16,0,SUCCESS,0,0.5138461311374821,High Anomaly
TXN0000035859,2024-11-24 15:38:29,P2M,Utilities,2757,46-55,26-35,Karnataka,Yes Bank,Axis,iOS,WiFi,15,1,SUCCESS,0,0.5138437244125921,High Anomaly
TXN0000179614,2024-03-05 07:38:26,P2M,Transport,103,46-55,46-55,Maharashtra,Yes Bank,Kotak,Web,5G,7,0,SUCCESS,0,0.5138433869214557,High Anomaly
TXN0000142434,2024-07-06 14:05:23,P2P,Other,747,18-25,46-55,Tamil Nadu,HDFC,Yes Bank,Web,WiFi,14,1,SUCCESS,0,0.5138321789084421,High Anomaly
TXN0000041416,2024-05-12 12:05:21,Recharge,Grocery,497,46-55,18-25,Telangana,HDFC,SBI,iOS,3G,12,1,FAILED,0,0.5138298136584796,High Anomaly
TXN0000136026,2024-01-27 12:51:11,P2P,Utilities,1420,46-55,18-25,Maharashtra,Yes Bank,IndusInd,iOS,WiFi,12,1,SUCCESS,0,0.5138056020944795,High Anomaly
TXN0000157254,2024-06-04 12:38:04,Recharge,Other,264,56+,36-45,Andhra Pradesh,IndusInd,ICICI,iOS,4G,12,0,SUCCESS,0,0.51379559113758,High Anomaly
TXN0000113347,2024-02-18 07:16:24,P2M,Utilities,3627,46-55,46-55,West Bengal,HDFC,IndusInd,iOS,5G,7,1,SUCCESS,0,0.5137926317194924,High Anomaly
TXN0000082402,2024-09-07 20:31:21,P2M,Other,1486,26-35,46-55,Maharashtra,ICICI,ICICI,Web,WiFi,20,1,SUCCESS,0,0.5137917902697935,High Anomaly
TXN0000068528,2024-11-05 06:08:46,Bill Payment,Transport,1167,46-55,56+,Andhra Pradesh,SBI,SBI,iOS,WiFi,6,0,SUCCESS,0,0.5137821813437004,High Anomaly
TXN0000024600,2024-11-28 00:42:56,Bill Payment,Grocery,237,56+,36-45,Rajasthan,Axis,PNB,iOS,5G,0,0,SUCCESS,0,0.5137784765431165,High Anomaly
TXN0000179331,2024-04-27 17:21:18,Bill Payment,Other,1853,26-35,46-55,Tamil Nadu,IndusInd,ICICI,iOS,WiFi,17,1,SUCCESS,0,0.5137685710818768,High Anomaly
TXN0000171822,2024-09-28 00:59:35,P2M,Grocery,254,26-35,46-55,Andhra Pradesh,IndusInd,Yes Bank,Web,5G,0,1,SUCCESS,0,0.5137623746019289,High Anomaly
TXN0000081630,2024-07-11 20:43:56,Bill Payment,Shopping,4930,36-45,56+,Rajasthan,IndusInd,Axis,Android,3G,20,0,SUCCESS,0,0.5137610591280902,High Anomaly
TXN0000115783,2024-04-23 18:28:40,P2M,Utilities,1653,56+,26-35,Maharashtra,PNB,Axis,Web,WiFi,18,0,SUCCESS,0,0.5137579619411656,High Anomaly
TXN0000106770,2024-10-15 23:17:59,P2P,Education,17577,36-45,18-25,Gujarat,Kotak,PNB,iOS,5G,23,0,SUCCESS,0,0.5137572716703275,High Anomaly
TXN0000047140,2024-10-01 15:05:10,Bill Payment,Other,743,36-45,46-55,Delhi,ICICI,HDFC,iOS,WiFi,15,0,SUCCESS,0,0.5137522783016416,High Anomaly
TXN0000148580,2024-11-17 20:41:40,Bill Payment,Education,17711,46-55,26-35,Tamil Nadu,IndusInd,IndusInd,Android,WiFi,20,1,SUCCESS,0,0.5137407415489692,High Anomaly
TXN0000133007,2024-11-30 19:12:57,P2M,Grocery,451,56+,18-25,Tamil Nadu,SBI,Kotak,iOS,3G,19,1,SUCCESS,0,0.5137383033757268,High Anomaly
TXN0000205360,2024-09-22 21:20:12,P2P,Grocery,136,46-55,46-55,Karnataka,Axis,IndusInd,iOS,WiFi,21,1,SUCCESS,0,0.5137380369775504,High Anomaly
TXN0000154099,2024-02-21 14:46:34,Bill Payment,Utilities,5944,36-45,36-45,Gujarat,IndusInd,Kotak,Web,5G,14,0,SUCCESS,0,0.5137372238707807,High Anomaly
TXN0000180732,2024-09-23 11:16:24,P2P,Grocery,3209,46-55,46-55,West Bengal,SBI,Yes Bank,Web,WiFi,11,0,SUCCESS,0,0.5137339268539249,High Anomaly
TXN0000116040,2024-12-08 11:24:40,Recharge,Education,9384,36-45,18-25,Tamil Nadu,Axis,SBI,Web,4G,11,1,SUCCESS,0,0.5137301526316376,High Anomaly
TXN0000012767,2024-04-21 16:51:28,P2P,Food,1214,26-35,46-55,Rajasthan,ICICI,PNB,Web,WiFi,16,1,SUCCESS,0,0.5137234736775746,High Anomaly
TXN0000129799,2024-02-26 19:31:21,Recharge,Food,667,46-55,36-45,Karnataka,SBI,Axis,iOS,3G,19,0,SUCCESS,0,0.5137223666210289,High Anomaly
TXN0000047290,2024-04-07 22:43:46,Bill Payment,Transport,87,46-55,36-45,Telangana,Axis,Axis,Android,WiFi,22,1,SUCCESS,0,0.5137087337252333,High Anomaly
TXN0000111067,2024-08-02 22:45:16,Bill Payment,Grocery,467,18-25,56+,Tamil Nadu,SBI,PNB,iOS,3G,22,0,SUCCESS,0,0.513707802652156,High Anomaly
TXN0000045877,2024-07-26 09:31:04,Recharge,Entertainment,183,36-45,36-45,Uttar Pradesh,Axis,Kotak,iOS,5G,9,0,SUCCESS,0,0.5137050951587261,High Anomaly
TXN0000077096,2024-09-04 10:08:04,P2P,Other,1797,56+,18-25,Uttar Pradesh,ICICI,HDFC,Web,3G,10,0,SUCCESS,0,0.5136985972309269,High Anomaly
TXN0000200341,2024-03-24 14:10:01,Recharge,Fuel,380,18-25,36-45,Maharashtra,IndusInd,HDFC,Web,5G,14,1,SUCCESS,0,0.513698307393353,High Anomaly
TXN0000077195,2024-01-27 20:23:37,P2P,Entertainment,67,56+,18-25,Karnataka,ICICI,SBI,iOS,WiFi,20,1,SUCCESS,0,0.5136872768486334,High Anomaly
TXN0000096627,2024-01-28 12:27:52,Bill Payment,Transport,671,46-55,18-25,Uttar Pradesh,HDFC,SBI,iOS,WiFi,12,1,FAILED,0,0.5136782070304767,High Anomaly
TXN0000211248,2024-10-07 19:01:18,P2M,Fuel,5836,26-35,46-55,Karnataka,ICICI,HDFC,Web,WiFi,19,0,SUCCESS,0,0.5136780608919275,High Anomaly
TXN0000128420,2024-04-07 22:34:08,P2M,Transport,30,56+,26-35,West Bengal,HDFC,Axis,iOS,5G,22,1,SUCCESS,0,0.5136708755258137,High Anomaly
TXN0000002574,2024-01-17 09:55:07,Recharge,Education,7155,18-25,56+,Delhi,PNB,Axis,Android,WiFi,9,0,SUCCESS,0,0.5136663191217313,High Anomaly
TXN0000234343,2024-11-02 18:40:35,Recharge,Transport,54,26-35,46-55,Karnataka,ICICI,Kotak,iOS,5G,18,1,FAILED,0,0.5136658791638481,High Anomaly
TXN0000104281,2024-05-26 21:39:01,Bill Payment,Entertainment,656,26-35,36-45,Uttar Pradesh,Axis,SBI,Web,WiFi,21,1,SUCCESS,0,0.5136505415756861,High Anomaly
TXN0000098020,2024-01-13 07:54:01,P2M,Grocery,398,26-35,46-55,Rajasthan,HDFC,Yes Bank,iOS,WiFi,7,1,SUCCESS,0,0.513644450796059,High Anomaly
TXN0000055165,2024-11-16 17:21:04,Recharge,Education,9166,26-35,56+,Karnataka,SBI,SBI,Web,4G,17,1,SUCCESS,0,0.513636525953467,High Anomaly
TXN0000102932,2024-11-12 19:41:37,Bill Payment,Fuel,885,18-25,46-55,Tamil Nadu,Axis,SBI,iOS,WiFi,19,0,SUCCESS,0,0.5136306031698622,High Anomaly
TXN0000196514,2024-08-04 13:28:31,P2P,Transport,80,56+,56+,Delhi,IndusInd,SBI,iOS,WiFi,13,1,SUCCESS,0,0.513623000701202,High Anomaly
TXN0000179173,2024-05-05 20:54:08,Recharge,Food,768,36-45,18-25,Karnataka,IndusInd,PNB,Web,5G,20,1,SUCCESS,0,0.5136130312412005,High Anomaly
TXN0000176248,2024-01-21 15:36:21,Bill Payment,Fuel,393,26-35,18-25,Maharashtra,Axis,IndusInd,iOS,3G,15,1,SUCCESS,0,0.5135993642592451,High Anomaly
TXN0000055116,2024-09-05 08:46:36,Bill Payment,Fuel,709,56+,46-55,Rajasthan,PNB,ICICI,iOS,5G,8,0,SUCCESS,0,0.513598931721695,High Anomaly
TXN0000176049,2024-07-29 21:21:34,Recharge,Other,251,56+,18-25,Telangana,IndusInd,HDFC,iOS,5G,21,0,SUCCESS,0,0.5135940858836007,High Anomaly
TXN0000184755,2024-01-26 15:46:40,Recharge,Food,209,46-55,26-35,Tamil Nadu,HDFC,Kotak,iOS,WiFi,15,0,SUCCESS,0,0.5135777776856104,High Anomaly
TXN0000065479,2024-02-27 17:09:16,Recharge,Fuel,347,18-25,18-25,Rajasthan,Yes Bank,SBI,Web,WiFi,17,0,SUCCESS,0,0.5135744060371279,High Anomaly
TXN0000220185,2024-04-13 08:14:35,P2M,Fuel,3120,18-25,18-25,Rajasthan,SBI,SBI,Web,3G,8,1,SUCCESS,0,0.5135741698803166,High Anomaly
TXN0000179613,2024-10-20 19:52:04,Bill Payment,Healthcare,1194,26-35,36-45,Delhi,ICICI,PNB,Web,5G,19,1,SUCCESS,0,0.5135607572265284,High Anomaly
TXN0000049536,2024-01-24 18:41:23,Bill Payment,Shopping,251,46-55,26-35,Uttar Pradesh,HDFC,PNB,Web,5G,18,0,SUCCESS,0,0.513556410574856,High Anomaly
TXN0000177477,2024-09-30 09:47:12,Recharge,Education,16714,26-35,36-45,Gujarat,Axis,Axis,iOS,5G,9,0,SUCCESS,0,0.513548189259723,High Anomaly
TXN0000022867,2024-09-20 20:57:02,Bill Payment,Grocery,232,26-35,18-25,Karnataka,Yes Bank,Yes Bank,Web,WiFi,20,0,SUCCESS,0,0.5135472262542532,High Anomaly
TXN0000053849,2024-01-23 00:50:04,P2P,Fuel,669,36-45,56+,Tamil Nadu,Kotak,PNB,iOS,5G,0,0,SUCCESS,0,0.5135406787196267,High Anomaly
TXN0000108619,2024-12-12 00:29:25,Recharge,Transport,48,18-25,46-55,Tamil Nadu,Kotak,ICICI,Android,WiFi,0,0,SUCCESS,0,0.5135367844448058,High Anomaly
TXN0000176719,2024-08-18 12:00:12,Recharge,Fuel,2507,36-45,18-25,Delhi,IndusInd,SBI,Web,4G,12,1,SUCCESS,0,0.5135357275214139,High Anomaly
TXN0000241661,2024-12-01 10:28:56,P2M,Shopping,1655,18-25,26-35,Maharashtra,Axis,HDFC,Web,3G,10,1,SUCCESS,0,0.5135341868290733,High Anomaly
TXN0000199613,2024-01-19 08:40:35,P2P,Fuel,242,18-25,56+,Uttar Pradesh,SBI,PNB,iOS,3G,8,0,SUCCESS,0,0.5135341055953496,High Anomaly
TXN0000241093,2024-06-08 20:02:11,Bill Payment,Fuel,3559,36-45,56+,Uttar Pradesh,HDFC,Axis,Web,5G,20,1,SUCCESS,0,0.5135289194405015,High Anomaly
TXN0000092753,2024-07-25 12:08:42,Recharge,Utilities,2329,26-35,46-55,Tamil Nadu,PNB,Yes Bank,Web,4G,12,0,SUCCESS,0,0.5135256446488535,High Anomaly
TXN0000146377,2024-06-04 07:32:26,P2M,Fuel,4822,46-55,18-25,Uttar Pradesh,ICICI,SBI,Web,5G,7,0,SUCCESS,0,0.5135202692992904,High Anomaly
TXN0000151810,2024-05-05 10:30:22,Recharge,Food,79,46-55,46-55,Maharashtra,HDFC,SBI,Web,4G,10,1,SUCCESS,0,0.5135195603568661,High Anomaly
TXN0000191105,2024-10-26 16:58:29,P2M,Food,69,46-55,36-45,Uttar Pradesh,ICICI,Axis,iOS,3G,16,1,SUCCESS,0,0.5135183289432821,High Anomaly
TXN0000248789,2024-08-27 11:20:21,P2P,Other,1442,36-45,46-55,Telangana,Kotak,Kotak,Web,WiFi,11,0,SUCCESS,0,0.5135128723727987,High Anomaly
TXN0000163400,2024-12-21 19:26:13,P2M,Transport,338,46-55,56+,Uttar Pradesh,SBI,Axis,iOS,3G,19,1,SUCCESS,0,0.5135081127655446,High Anomaly
TXN0000107387,2024-11-02 20:31:25,Recharge,Entertainment,298,26-35,36-45,Andhra Pradesh,Axis,Axis,Web,4G,20,1,FAILED,0,0.5134994803036019,High Anomaly
TXN0000096293,2024-12-01 13:56:15,Recharge,Entertainment,98,18-25,18-25,Delhi,Kotak,Axis,iOS,5G,13,1,SUCCESS,0,0.5134970057234414,High Anomaly
TXN0000105924,2024-08-22 19:58:28,Bill Payment,Grocery,3595,36-45,36-45,Tamil Nadu,IndusInd,Yes Bank,Web,WiFi,19,0,SUCCESS,0,0.5134960313135959,High Anomaly
TXN0000126004,2024-08-08 15:33:57,P2M,Shopping,144,46-55,46-55,Andhra Pradesh,ICICI,PNB,iOS,WiFi,15,0,SUCCESS,0,0.5134928722935087,High Anomaly
TXN0000151259,2024-04-03 06:12:26,Bill Payment,Utilities,3171,26-35,36-45,Rajasthan,IndusInd,IndusInd,iOS,3G,6,0,SUCCESS,0,0.5134787979166296,High Anomaly
TXN0000117437,2024-07-13 07:51:41,Bill Payment,Grocery,2017,18-25,26-35,Telangana,ICICI,IndusInd,iOS,3G,7,1,SUCCESS,0,0.5134705959980521,High Anomaly
TXN0000157953,2024-11-24 17:12:00,P2P,Fuel,4137,56+,26-35,Uttar Pradesh,ICICI,ICICI,Web,4G,17,1,SUCCESS,0,0.5134668940492949,High Anomaly
TXN0000175270,2024-08-20 17:11:43,P2M,Healthcare,2097,26-35,18-25,West Bengal,ICICI,Kotak,Web,WiFi,17,0,SUCCESS,0,0.5134391862699342,High Anomaly
TXN0000198136,2024-10-14 18:17:22,Recharge,Shopping,1433,46-55,26-35,Tamil Nadu,PNB,Axis,iOS,WiFi,18,0,SUCCESS,0,0.5134356210845049,High Anomaly
TXN0000179870,2024-11-05 10:47:05,Bill Payment,Fuel,3435,46-55,18-25,Telangana,SBI,SBI,iOS,WiFi,10,0,SUCCESS,0,0.5134317643830192,High Anomaly
TXN0000149827,2024-06-19 14:31:39,Recharge,Fuel,1342,36-45,56+,Maharashtra,HDFC,Kotak,Web,4G,14,0,SUCCESS,0,0.5134259400734,High Anomaly
TXN0000140600,2024-05-21 12:54:58,Recharge,Food,448,18-25,18-25,Telangana,Yes Bank,IndusInd,iOS,WiFi,12,0,SUCCESS,0,0.5134226821100685,High Anomaly
TXN0000187754,2024-10-20 14:38:34,P2M,Education,6116,26-35,36-45,Telangana,Kotak,ICICI,Web,5G,14,1,SUCCESS,0,0.5134219417698077,High Anomaly
TXN0000143499,2024-09-16 12:48:26,P2P,Utilities,2403,36-45,56+,Maharashtra,IndusInd,IndusInd,Web,WiFi,12,0,SUCCESS,0,0.5134216186100384,High Anomaly
TXN0000195127,2024-11-15 20:29:24,Bill Payment,Other,2705,46-55,46-55,Rajasthan,Kotak,SBI,Android,WiFi,20,0,SUCCESS,0,0.5134216138604905,High Anomaly
TXN0000119282,2024-07-20 20:49:15,Recharge,Food,369,26-35,26-35,Maharashtra,Kotak,ICICI,Web,3G,20,1,SUCCESS,0,0.5134087966046871,High Anomaly
TXN0000154388,2024-05-22 22:44:05,P2M,Utilities,3638,36-45,18-25,Tamil Nadu,PNB,ICICI,Web,WiFi,22,0,SUCCESS,0,0.5133995711000856,High Anomaly
TXN0000037062,2024-12-27 13:59:21,P2M,Education,1497,56+,36-45,Tamil Nadu,HDFC,SBI,iOS,3G,13,0,SUCCESS,0,0.5133932377223559,High Anomaly
TXN0000012524,2024-12-10 10:29:50,Bill Payment,Shopping,3556,56+,26-35,Maharashtra,HDFC,ICICI,iOS,WiFi,10,0,SUCCESS,0,0.513392041662741,High Anomaly
TXN0000177725,2024-11-30 20:20:47,P2M,Other,563,36-45,18-25,Rajasthan,IndusInd,Yes Bank,Web,WiFi,20,1,SUCCESS,0,0.5133916443318314,High Anomaly
TXN0000179595,2024-09-15 08:57:49,Bill Payment,Transport,40,26-35,36-45,Andhra Pradesh,PNB,SBI,iOS,WiFi,8,1,SUCCESS,0,0.5133885895316869,High Anomaly
TXN0000081605,2024-07-06 10:30:12,P2M,Transport,106,46-55,18-25,Andhra Pradesh,IndusInd,Axis,iOS,3G,10,1,SUCCESS,0,0.5133816595574282,High Anomaly
TXN0000043259,2024-02-08 14:48:23,P2M,Transport,576,18-25,46-55,West Bengal,Axis,IndusInd,iOS,3G,14,0,SUCCESS,0,0.5133754674395137,High Anomaly
TXN0000177772,2024-12-06 15:13:28,Recharge,Food,60,46-55,26-35,Tamil Nadu,Axis,SBI,Web,4G,15,0,SUCCESS,0,0.5133747733239378,High Anomaly
TXN0000084255,2024-02-04 07:36:35,Bill Payment,Transport,140,18-25,26-35,Maharashtra,ICICI,IndusInd,iOS,WiFi,7,1,SUCCESS,0,0.5133667141233064,High Anomaly
TXN0000217402,2024-03-30 07:54:38,P2P,Food,1292,46-55,36-45,Karnataka,Yes Bank,SBI,Web,5G,7,1,SUCCESS,0,0.5133556770750665,High Anomaly
TXN0000247542,2024-03-10 05:58:21,Recharge,Education,12909,26-35,26-35,Andhra Pradesh,IndusInd,Axis,Android,WiFi,5,1,SUCCESS,0,0.513353520453985,High Anomaly
TXN0000103024,2024-06-13 09:22:30,P2M,Food,1376,26-35,56+,Tamil Nadu,HDFC,IndusInd,Web,5G,9,0,SUCCESS,0,0.5133505396729932,High Anomaly
TXN0000210214,2024-01-30 13:06:49,P2M,Transport,18,56+,18-25,Telangana,PNB,PNB,Web,4G,13,0,SUCCESS,0,0.513344979202014,High Anomaly
TXN0000154934,2024-02-27 13:37:56,Bill Payment,Food,92,56+,26-35,Karnataka,PNB,IndusInd,iOS,WiFi,13,0,SUCCESS,0,0.5133445290373024,High Anomaly
TXN0000225042,2024-04-10 07:17:53,P2M,Entertainment,1745,18-25,46-55,Rajasthan,Kotak,Yes Bank,iOS,WiFi,7,0,SUCCESS,0,0.5133270801660097,High Anomaly
TXN0000161981,2024-03-18 08:07:33,Recharge,Other,529,18-25,56+,Rajasthan,ICICI,ICICI,Android,3G,8,0,SUCCESS,0,0.5133252927964792,High Anomaly
TXN0000037091,2024-09-14 00:25:13,P2M,Transport,1059,18-25,46-55,Delhi,HDFC,PNB,Web,5G,0,1,SUCCESS,0,0.5133113166648385,High Anomaly
TXN0000190631,2024-01-06 09:22:23,P2M,Food,2075,18-25,56+,Gujarat,SBI,PNB,iOS,3G,9,1,SUCCESS,0,0.5132961001306066,High Anomaly
TXN0000147810,2024-06-22 21:17:22,P2M,Healthcare,625,18-25,26-35,Delhi,Kotak,PNB,iOS,3G,21,1,SUCCESS,0,0.5132927934075086,High Anomaly
TXN0000036728,2024-09-12 17:19:28,P2M,Shopping,4656,18-25,26-35,Karnataka,SBI,Axis,Web,3G,17,0,SUCCESS,0,0.5132880943374895,High Anomaly
TXN0000156206,2024-05-24 21:08:53,P2P,Other,360,46-55,36-45,West Bengal,IndusInd,HDFC,Web,3G,21,0,SUCCESS,0,0.5132806560033352,High Anomaly
TXN0000219515,2024-03-10 21:47:15,Recharge,Shopping,533,26-35,56+,Tamil Nadu,Kotak,HDFC,iOS,5G,21,1,SUCCESS,0,0.5132792174407834,High Anomaly
TXN0000057396,2024-01-14 08:00:12,Bill Payment,Entertainment,177,36-45,26-35,Maharashtra,PNB,PNB,Web,5G,8,1,SUCCESS,0,0.5132682780068271,High Anomaly
TXN0000232643,2024-04-25 14:52:34,P2P,Education,13062,36-45,46-55,Karnataka,Yes Bank,HDFC,Web,5G,14,0,SUCCESS,0,0.513256144713432,High Anomaly
TXN0000158631,2024-04-23 20:02:13,P2M,Shopping,1301,26-35,46-55,Telangana,SBI,SBI,Web,3G,20,0,SUCCESS,0,0.5132545778256042,High Anomaly
TXN0000187854,2024-05-19 21:58:53,P2P,Healthcare,665,46-55,26-35,Andhra Pradesh,IndusInd,Axis,iOS,3G,21,1,SUCCESS,0,0.5132540453205982,High Anomaly
TXN0000135684,2024-04-15 13:12:56,Recharge,Shopping,1984,56+,56+,Telangana,HDFC,HDFC,Android,4G,13,0,SUCCESS,0,0.5132376884738267,High Anomaly
TXN0000118703,2024-10-06 18:01:57,P2M,Fuel,2245,56+,36-45,Andhra Pradesh,PNB,Yes Bank,iOS,WiFi,18,1,SUCCESS,0,0.5132352482817537,High Anomaly
TXN0000178912,2024-12-04 11:38:07,Bill Payment,Utilities,3901,36-45,26-35,Telangana,IndusInd,HDFC,iOS,3G,11,0,SUCCESS,0,0.5132233056876256,High Anomaly
TXN0000222661,2024-02-24 10:10:41,Recharge,Transport,82,18-25,18-25,Andhra Pradesh,Axis,ICICI,iOS,5G,10,1,SUCCESS,0,0.5132212545315284,High Anomaly
TXN0000226777,2024-04-21 11:01:26,Recharge,Entertainment,314,56+,36-45,Maharashtra,PNB,ICICI,Android,3G,11,1,SUCCESS,0,0.5132204469129926,High Anomaly
TXN0000147070,2024-08-04 20:50:06,P2M,Transport,149,56+,26-35,Uttar Pradesh,HDFC,Kotak,iOS,WiFi,20,1,SUCCESS,0,0.5132184747799337,High Anomaly
TXN0000014274,2024-08-31 19:07:04,Bill Payment,Fuel,4250,36-45,56+,Andhra Pradesh,SBI,IndusInd,iOS,5G,19,1,SUCCESS,0,0.5132103260662552,High Anomaly
TXN0000081515,2024-08-03 17:10:19,Bill Payment,Healthcare,678,26-35,18-25,Delhi,SBI,Yes Bank,Web,WiFi,17,1,SUCCESS,0,0.5132087924084952,High Anomaly
TXN0000023476,2024-11-07 23:58:25,Bill Payment,Utilities,531,46-55,36-45,Maharashtra,IndusInd,HDFC,Web,5G,23,0,SUCCESS,0,0.5132081838531894,High Anomaly
TXN0000125708,2024-12-17 20:17:25,P2P,Food,74,36-45,56+,Rajasthan,HDFC,ICICI,Web,WiFi,20,0,SUCCESS,0,0.5132011916839124,High Anomaly
TXN0000239822,2024-12-08 17:24:20,P2M,Utilities,435,26-35,56+,Telangana,Yes Bank,Kotak,iOS,WiFi,17,1,SUCCESS,0,0.5131976845156913,High Anomaly
TXN0000143906,2024-10-09 20:19:28,P2P,Entertainment,1840,26-35,46-55,West Bengal,PNB,Axis,Web,WiFi,20,0,SUCCESS,0,0.5131889313707265,High Anomaly
TXN0000089313,2024-10-13 17:08:35,P2P,Education,998,56+,36-45,Tamil Nadu,ICICI,Axis,iOS,WiFi,17,1,SUCCESS,0,0.5131835695179333,High Anomaly
TXN0000206773,2024-12-27 21:00:15,P2M,Shopping,7219,26-35,46-55,Karnataka,Axis,IndusInd,iOS,3G,21,0,SUCCESS,0,0.5131821185435664,High Anomaly
TXN0000133839,2024-07-21 12:44:23,Recharge,Entertainment,115,36-45,18-25,Tamil Nadu,Yes Bank,HDFC,iOS,3G,12,1,SUCCESS,0,0.5131813834707051,High Anomaly
TXN0000216222,2024-03-09 21:59:29,Recharge,Entertainment,245,46-55,36-45,Karnataka,HDFC,IndusInd,Android,3G,21,1,SUCCESS,0,0.5131793899692141,High Anomaly
TXN0000105344,2024-11-09 03:41:18,Recharge,Shopping,745,26-35,18-25,Delhi,PNB,HDFC,Android,3G,3,1,SUCCESS,0,0.5131727858395492,High Anomaly
TXN0000061789,2024-05-05 16:51:20,Bill Payment,Education,2379,36-45,46-55,Rajasthan,Axis,PNB,Android,WiFi,16,1,SUCCESS,0,0.5131690469961055,High Anomaly
TXN0000073507,2024-11-16 09:13:13,P2M,Grocery,125,36-45,56+,Andhra Pradesh,SBI,Axis,Web,5G,9,1,SUCCESS,0,0.5131616948951788,High Anomaly
TXN0000100718,2024-01-17 20:05:21,Bill Payment,Transport,53,26-35,56+,Gujarat,PNB,Axis,iOS,WiFi,20,0,SUCCESS,0,0.5131579265610201,High Anomaly
TXN0000006551,2024-07-25 14:18:16,Bill Payment,Entertainment,978,26-35,36-45,Telangana,IndusInd,Axis,Web,WiFi,14,0,SUCCESS,0,0.5131450127569281,High Anomaly
TXN0000141114,2024-11-21 20:57:28,P2M,Fuel,363,26-35,46-55,Delhi,PNB,ICICI,Web,WiFi,20,0,SUCCESS,0,0.513124903530106,High Anomaly
TXN0000167361,2024-08-26 19:54:26,P2M,Fuel,2978,36-45,56+,Delhi,PNB,IndusInd,iOS,5G,19,0,SUCCESS,0,0.5131244479925989,High Anomaly
TXN0000161496,2024-01-13 08:56:22,P2P,Other,669,46-55,46-55,Rajasthan,HDFC,Kotak,Web,4G,8,1,SUCCESS,0,0.5131229688706407,High Anomaly
TXN0000077748,2024-12-21 08:36:22,Recharge,Healthcare,298,26-35,18-25,West Bengal,HDFC,ICICI,iOS,5G,8,1,SUCCESS,0,0.5131226245337357,High Anomaly
TXN0000197401,2024-04-28 22:26:50,P2M,Shopping,772,26-35,18-25,West Bengal,Axis,Yes Bank,Web,WiFi,22,1,SUCCESS,0,0.5131221851101728,High Anomaly
TXN0000168113,2024-09-12 09:56:53,P2M,Utilities,2601,36-45,46-55,Tamil Nadu,ICICI,PNB,iOS,WiFi,9,0,FAILED,0,0.5131168884406404,High Anomaly
TXN0000160761,2024-08-13 19:29:02,Bill Payment,Education,3995,36-45,36-45,Uttar Pradesh,ICICI,HDFC,iOS,WiFi,19,0,SUCCESS,0,0.513115115615018,High Anomaly
TXN0000118515,2024-09-22 18:01:35,P2M,Fuel,574,56+,56+,Delhi,Yes Bank,PNB,iOS,5G,18,1,SUCCESS,0,0.5131068489996803,High Anomaly
TXN0000217204,2024-11-16 19:39:07,Bill Payment,Entertainment,243,46-55,56+,West Bengal,SBI,IndusInd,iOS,4G,19,1,SUCCESS,0,0.5131024940741323,High Anomaly
TXN0000240611,2024-11-04 20:39:28,P2P,Shopping,1162,46-55,46-55,Telangana,Yes Bank,ICICI,iOS,WiFi,20,0,SUCCESS,0,0.5131022963373056,High Anomaly
TXN0000140207,2024-06-30 07:53:15,Bill Payment,Utilities,561,26-35,26-35,Karnataka,IndusInd,PNB,iOS,WiFi,7,1,SUCCESS,0,0.5130970816796195,High Anomaly
TXN0000019653,2024-01-07 14:05:32,P2P,Shopping,7699,26-35,36-45,Karnataka,HDFC,Axis,iOS,WiFi,14,1,SUCCESS,0,0.5130934935597636,High Anomaly
TXN0000075305,2024-02-17 22:55:45,P2M,Grocery,517,46-55,46-55,West Bengal,IndusInd,Axis,Web,4G,22,1,SUCCESS,0,0.5130864076884014,High Anomaly
TXN0000127903,2024-05-11 18:59:49,P2M,Fuel,4200,26-35,46-55,Maharashtra,Kotak,ICICI,Web,WiFi,18,1,SUCCESS,0,0.5130854961568654,High Anomaly
TXN0000089085,2024-02-26 11:09:13,Recharge,Shopping,1639,56+,36-45,Tamil Nadu,HDFC,Axis,Android,WiFi,11,0,SUCCESS,0,0.5130834317214031,High Anomaly
TXN0000065052,2024-06-21 16:44:52,P2P,Food,133,46-55,36-45,West Bengal,Yes Bank,PNB,Web,WiFi,16,0,SUCCESS,0,0.5130825193390037,High Anomaly
TXN0000236343,2024-07-30 12:45:48,P2P,Education,1038,26-35,18-25,Telangana,PNB,Yes Bank,Web,WiFi,12,0,SUCCESS,0,0.513073391946748,High Anomaly
TXN0000128491,2024-01-15 20:48:18,Bill Payment,Fuel,4302,18-25,26-35,Rajasthan,ICICI,PNB,iOS,WiFi,20,0,SUCCESS,0,0.5130714109267077,High Anomaly
TXN0000177103,2024-08-11 11:51:46,Recharge,Grocery,904,26-35,46-55,West Bengal,PNB,Axis,iOS,5G,11,1,SUCCESS,0,0.5130702095747343,High Anomaly
TXN0000179777,2024-11-23 11:59:51,Bill Payment,Other,655,56+,36-45,Delhi,ICICI,PNB,Android,WiFi,11,1,SUCCESS,0,0.5130688844550768,High Anomaly
TXN0000228285,2024-02-15 15:38:24,Bill Payment,Utilities,6468,46-55,56+,Andhra Pradesh,SBI,PNB,iOS,5G,15,0,SUCCESS,0,0.5130539221363617,High Anomaly
TXN0000146079,2024-05-10 18:42:13,P2P,Utilities,1652,18-25,56+,Uttar Pradesh,PNB,Yes Bank,Web,WiFi,18,0,SUCCESS,0,0.5130533976303214,High Anomaly
TXN0000090031,2024-06-09 14:24:30,P2M,Shopping,267,56+,46-55,Karnataka,SBI,IndusInd,iOS,5G,14,1,SUCCESS,0,0.5130529598240389,High Anomaly
TXN0000110842,2024-06-04 08:33:19,P2M,Grocery,731,56+,46-55,Andhra Pradesh,SBI,HDFC,Web,WiFi,8,0,SUCCESS,0,0.5130502504908843,High Anomaly
TXN0000220516,2024-07-04 11:31:41,Bill Payment,Healthcare,303,56+,46-55,Uttar Pradesh,ICICI,Axis,Android,3G,11,0,SUCCESS,0,0.5130482176893124,High Anomaly
TXN0000120984,2024-09-23 17:49:16,P2M,Entertainment,98,56+,36-45,Tamil Nadu,HDFC,IndusInd,Web,WiFi,17,0,SUCCESS,0,0.5130460515982098,High Anomaly
TXN0000065074,2024-06-16 12:45:53,Bill Payment,Entertainment,152,36-45,36-45,Maharashtra,ICICI,HDFC,Web,WiFi,12,1,SUCCESS,0,0.5130442514143849,High Anomaly
TXN0000048920,2024-06-28 14:47:51,P2P,Other,472,56+,46-55,Uttar Pradesh,HDFC,HDFC,iOS,3G,14,0,SUCCESS,0,0.5130416588651454,High Anomaly
TXN0000157286,2024-02-18 14:19:14,Bill Payment,Shopping,7738,26-35,46-55,Delhi,Yes Bank,IndusInd,Web,4G,14,1,SUCCESS,0,0.51302903279395,High Anomaly
TXN0000196019,2024-09-25 12:50:12,Bill Payment,Utilities,328,26-35,46-55,Gujarat,HDFC,Yes Bank,Web,5G,12,0,SUCCESS,0,0.5130269902992863,High Anomaly
TXN0000156050,2024-04-07 22:13:48,Recharge,Utilities,319,26-35,26-35,Tamil Nadu,ICICI,Axis,Web,5G,22,1,SUCCESS,0,0.5130173626878827,High Anomaly
TXN0000087709,2024-12-18 18:21:11,P2M,Utilities,3581,36-45,56+,Karnataka,Axis,SBI,Web,3G,18,0,SUCCESS,0,0.5130140071427146,High Anomaly
TXN0000091461,2024-09-17 06:03:48,Bill Payment,Entertainment,242,18-25,26-35,Delhi,Axis,PNB,iOS,WiFi,6,0,SUCCESS,0,0.5130132544513513,High Anomaly
TXN0000137507,2024-11-04 09:15:17,Bill Payment,Entertainment,665,26-35,56+,Tamil Nadu,IndusInd,HDFC,iOS,WiFi,9,0,SUCCESS,0,0.5130049176047431,High Anomaly
TXN0000208889,2024-09-10 17:18:04,Recharge,Healthcare,817,36-45,18-25,Delhi,Yes Bank,HDFC,iOS,3G,17,0,SUCCESS,0,0.5130013387935101,High Anomaly
TXN0000102286,2024-09-22 17:21:09,P2P,Transport,159,18-25,46-55,Maharashtra,IndusInd,ICICI,Web,WiFi,17,1,SUCCESS,0,0.5129954917517097,High Anomaly
TXN0000196050,2024-08-14 01:59:16,Bill Payment,Grocery,232,56+,46-55,Delhi,Kotak,Kotak,iOS,4G,1,0,SUCCESS,0,0.5129837669262847,High Anomaly
TXN0000171737,2024-09-20 12:54:43,Bill Payment,Transport,68,36-45,46-55,Uttar Pradesh,SBI,SBI,Web,WiFi,12,0,SUCCESS,0,0.5129813115094766,High Anomaly
TXN0000148647,2024-05-05 12:08:50,P2M,Transport,507,56+,56+,Rajasthan,Yes Bank,Yes Bank,iOS,4G,12,1,SUCCESS,0,0.5129771616811166,High Anomaly
TXN0000088899,2024-07-13 22:41:58,Recharge,Shopping,617,26-35,56+,Gujarat,HDFC,PNB,iOS,4G,22,1,SUCCESS,0,0.5129747644004857,High Anomaly
TXN0000034127,2024-04-23 19:53:03,Bill Payment,Fuel,485,18-25,46-55,Andhra Pradesh,HDFC,SBI,iOS,3G,19,0,SUCCESS,0,0.5129733840617817,High Anomaly
TXN0000066012,2024-10-06 13:33:23,Bill Payment,Utilities,1330,26-35,46-55,Maharashtra,SBI,HDFC,iOS,WiFi,13,1,SUCCESS,0,0.512972525033814,High Anomaly
TXN0000182994,2024-04-30 17:38:07,P2P,Shopping,2797,36-45,56+,Telangana,ICICI,PNB,Web,5G,17,0,SUCCESS,0,0.5129698610004062,High Anomaly
TXN0000222179,2024-02-10 11:32:00,P2P,Fuel,237,56+,26-35,Telangana,ICICI,SBI,iOS,WiFi,11,1,SUCCESS,0,0.5129652599515161,High Anomaly
TXN0000194310,2024-09-11 16:56:23,Bill Payment,Education,6074,46-55,26-35,West Bengal,SBI,Yes Bank,iOS,WiFi,16,0,SUCCESS,0,0.51295860784128,High Anomaly
TXN0000064556,2024-07-28 20:20:51,P2M,Transport,617,18-25,18-25,Gujarat,HDFC,PNB,Web,WiFi,20,1,SUCCESS,0,0.5129573786017275,High Anomaly
TXN0000111498,2024-07-23 10:18:29,Recharge,Grocery,3239,46-55,36-45,West Bengal,Yes Bank,HDFC,Web,5G,10,0,SUCCESS,0,0.5129436385832244,High Anomaly
TXN0000093580,2024-06-15 09:44:23,Recharge,Utilities,222,46-55,26-35,Karnataka,ICICI,Yes Bank,iOS,5G,9,1,FAILED,0,0.5129401347822944,High Anomaly
TXN0000179318,2024-11-30 17:08:27,Bill Payment,Shopping,2809,36-45,18-25,Rajasthan,ICICI,Yes Bank,iOS,WiFi,17,1,SUCCESS,0,0.5129376455703295,High Anomaly
TXN0000030474,2024-07-06 11:10:21,Recharge,Other,138,36-45,36-45,Maharashtra,HDFC,ICICI,Web,WiFi,11,1,SUCCESS,0,0.5129354390896432,High Anomaly
TXN0000200366,2024-07-30 23:47:20,Bill Payment,Healthcare,488,46-55,46-55,Maharashtra,PNB,IndusInd,Web,4G,23,0,SUCCESS,0,0.512934565427194,High Anomaly
TXN0000089771,2024-06-09 12:35:29,Bill Payment,Other,1082,56+,26-35,Andhra Pradesh,HDFC,ICICI,iOS,5G,12,1,SUCCESS,0,0.5129328585314988,High Anomaly
TXN0000189353,2024-06-28 19:08:01,Bill Payment,Grocery,311,46-55,26-35,Delhi,Kotak,SBI,Web,WiFi,19,0,SUCCESS,0,0.512926473096626,High Anomaly
TXN0000229994,2024-11-18 05:42:34,Recharge,Grocery,317,26-35,36-45,Karnataka,HDFC,Kotak,Web,5G,5,0,SUCCESS,0,0.5129254877200887,High Anomaly
TXN0000150598,2024-12-29 06:57:57,Bill Payment,Utilities,200,26-35,36-45,West Bengal,ICICI,Kotak,iOS,WiFi,6,1,SUCCESS,0,0.5129237783620324,High Anomaly
TXN0000156066,2024-12-22 10:00:17,P2M,Grocery,323,56+,18-25,Uttar Pradesh,Kotak,SBI,iOS,3G,10,1,SUCCESS,0,0.5129118469780035,High Anomaly
TXN0000158553,2024-04-07 18:20:35,Bill Payment,Food,91,46-55,56+,Andhra Pradesh,PNB,Yes Bank,Android,WiFi,18,1,SUCCESS,0,0.5129113094187068,High Anomaly
TXN0000187834,2024-09-16 16:24:30,Bill Payment,Food,94,36-45,18-25,Gujarat,ICICI,ICICI,Web,WiFi,16,0,SUCCESS,0,0.5129110015182479,High Anomaly
TXN0000151688,2024-04-20 13:13:27,Bill Payment,Grocery,1796,26-35,46-55,Telangana,ICICI,IndusInd,iOS,3G,13,1,FAILED,0,0.5128984075467529,High Anomaly
TXN0000005918,2024-12-04 09:16:06,Bill Payment,Fuel,1239,26-35,46-55,Gujarat,ICICI,HDFC,Web,4G,9,0,SUCCESS,0,0.5128976326734164,High Anomaly
TXN0000097756,2024-04-08 15:35:58,Bill Payment,Other,3518,26-35,56+,Rajasthan,SBI,IndusInd,iOS,WiFi,15,0,SUCCESS,0,0.5128927651872275,High Anomaly
TXN0000138908,2024-04-13 14:49:35,Recharge,Education,1598,36-45,26-35,Gujarat,PNB,PNB,Web,4G,14,1,SUCCESS,0,0.5128910098550894,High Anomaly
TXN0000067270,2024-03-27 13:03:24,P2M,Education,3220,46-55,56+,West Bengal,PNB,PNB,Android,WiFi,13,0,SUCCESS,0,0.5128882390811854,High Anomaly
TXN0000112416,2024-08-23 10:46:18,Bill Payment,Transport,309,56+,56+,Delhi,Yes Bank,HDFC,iOS,4G,10,0,SUCCESS,0,0.5128805377414609,High Anomaly
TXN0000178176,2024-07-19 03:44:10,P2M,Healthcare,536,56+,46-55,West Bengal,HDFC,IndusInd,iOS,5G,3,0,SUCCESS,0,0.5128749991582587,High Anomaly
TXN0000142309,2024-04-02 16:14:47,Bill Payment,Education,4022,18-25,18-25,Karnataka,Yes Bank,PNB,iOS,3G,16,0,SUCCESS,0,0.5128720144055189,High Anomaly
TXN0000069423,2024-02-25 07:39:39,Bill Payment,Grocery,2244,46-55,56+,Telangana,Yes Bank,Kotak,Android,3G,7,1,SUCCESS,0,0.5128676940710004,High Anomaly
TXN0000101015,2024-11-18 20:21:34,Recharge,Shopping,402,46-55,18-25,Andhra Pradesh,ICICI,IndusInd,Web,4G,20,0,SUCCESS,0,0.5128641435563931,High Anomaly
TXN0000169670,2024-05-18 23:18:39,Recharge,Shopping,4393,26-35,36-45,Rajasthan,HDFC,ICICI,iOS,5G,23,1,SUCCESS,0,0.5128596961576337,High Anomaly
TXN0000084115,2024-06-09 11:27:21,P2M,Shopping,714,18-25,56+,Rajasthan,IndusInd,SBI,iOS,5G,11,1,SUCCESS,0,0.5128528108664392,High Anomaly
TXN0000138376,2024-05-25 12:31:19,P2P,Fuel,3131,18-25,56+,West Bengal,IndusInd,HDFC,iOS,WiFi,12,1,SUCCESS,0,0.5128527856404566,High Anomaly
TXN0000182477,2024-08-30 22:00:12,Bill Payment,Food,78,26-35,26-35,Karnataka,PNB,IndusInd,Web,3G,22,0,FAILED,0,0.5128526214251944,High Anomaly
TXN0000228608,2024-03-17 12:10:22,Bill Payment,Food,1706,18-25,36-45,Tamil Nadu,Axis,IndusInd,iOS,3G,12,1,FAILED,0,0.5128485710351257,High Anomaly
TXN0000108587,2024-04-18 19:55:16,Recharge,Healthcare,396,36-45,46-55,Andhra Pradesh,Axis,Kotak,iOS,5G,19,0,SUCCESS,0,0.5128380796786784,High Anomaly
TXN0000128965,2024-09-27 03:58:15,P2P,Fuel,1036,56+,56+,Gujarat,PNB,Axis,iOS,5G,3,0,FAILED,0,0.5128350908564495,High Anomaly
TXN0000202485,2024-11-12 22:20:27,Recharge,Grocery,4610,18-25,46-55,Karnataka,HDFC,HDFC,iOS,WiFi,22,0,SUCCESS,0,0.5128308088062605,High Anomaly
TXN0000034032,2024-11-23 16:32:57,Recharge,Healthcare,452,26-35,46-55,Delhi,HDFC,Axis,iOS,5G,16,1,SUCCESS,0,0.5128307758369148,High Anomaly
TXN0000034844,2024-07-19 18:33:08,P2M,Other,83,56+,56+,Rajasthan,Yes Bank,HDFC,Android,WiFi,18,0,SUCCESS,0,0.5128300567625605,High Anomaly
TXN0000101869,2024-04-21 12:11:54,P2M,Education,3896,18-25,18-25,Karnataka,Kotak,HDFC,iOS,WiFi,12,1,SUCCESS,0,0.5128167985444603,High Anomaly
TXN0000073057,2024-09-02 10:09:25,Bill Payment,Fuel,954,56+,26-35,Telangana,IndusInd,Yes Bank,iOS,5G,10,0,SUCCESS,0,0.5128096678051808,High Anomaly
TXN0000194783,2024-03-06 06:26:43,Bill Payment,Entertainment,316,26-35,56+,Uttar Pradesh,Kotak,SBI,iOS,WiFi,6,0,SUCCESS,0,0.5128096394065669,High Anomaly
TXN0000240441,2024-05-15 12:51:44,Recharge,Healthcare,480,26-35,18-25,Rajasthan,HDFC,PNB,Web,3G,12,0,SUCCESS,0,0.512797119143781,High Anomaly
TXN0000204195,2024-10-07 17:13:19,Bill Payment,Entertainment,1120,26-35,18-25,Karnataka,PNB,IndusInd,Web,3G,17,0,SUCCESS,0,0.5127894907285743,High Anomaly
TXN0000172057,2024-09-11 12:42:27,Recharge,Utilities,2779,36-45,18-25,Telangana,HDFC,IndusInd,Web,5G,12,0,SUCCESS,0,0.5127820253810522,High Anomaly
TXN0000079724,2024-12-22 04:13:33,P2M,Utilities,1888,46-55,36-45,Uttar Pradesh,ICICI,IndusInd,iOS,WiFi,4,1,FAILED,0,0.5127800542393864,High Anomaly
TXN0000098409,2024-05-11 23:52:54,P2P,Healthcare,502,46-55,18-25,Maharashtra,PNB,Yes Bank,iOS,WiFi,23,1,SUCCESS,0,0.5127739964508471,High Anomaly
TXN0000018791,2024-04-07 08:28:36,P2M,Education,4745,18-25,36-45,Rajasthan,Kotak,HDFC,Web,4G,8,1,SUCCESS,0,0.512773752002791,High Anomaly
TXN0000162512,2024-05-24 03:20:26,P2M,Shopping,2792,46-55,56+,Delhi,PNB,Axis,iOS,5G,3,0,SUCCESS,0,0.5127734290853034,High Anomaly
TXN0000087049,2024-02-03 01:43:26,Bill Payment,Entertainment,872,46-55,26-35,West Bengal,Axis,Yes Bank,iOS,4G,1,1,SUCCESS,0,0.5127676845468309,High Anomaly
TXN0000237975,2024-08-31 10:50:25,Bill Payment,Education,2127,56+,26-35,West Bengal,PNB,SBI,Android,3G,10,1,SUCCESS,0,0.5127666200270872,High Anomaly
TXN0000026210,2024-04-24 11:30:18,Bill Payment,Food,112,26-35,26-35,Karnataka,PNB,PNB,Web,WiFi,11,0,SUCCESS,0,0.5127611777061827,High Anomaly
TXN0000204965,2024-09-25 11:43:07,Bill Payment,Utilities,239,36-45,18-25,Rajasthan,PNB,Yes Bank,iOS,3G,11,0,SUCCESS,0,0.5127596378803055,High Anomaly
TXN0000074966,2024-08-25 09:52:29,P2P,Food,193,46-55,26-35,Andhra Pradesh,ICICI,Axis,Web,5G,9,1,SUCCESS,0,0.5127537927800717,High Anomaly
TXN0000183766,2024-07-28 20:20:13,P2M,Food,657,18-25,36-45,Rajasthan,HDFC,ICICI,Web,3G,20,1,SUCCESS,0,0.5127488085032762,High Anomaly
TXN0000074428,2024-02-25 20:18:38,P2M,Healthcare,1024,46-55,46-55,Maharashtra,PNB,PNB,iOS,3G,20,1,SUCCESS,0,0.5127441041134418,High Anomaly
TXN0000099468,2024-05-10 15:43:38,P2P,Other,1230,18-25,46-55,West Bengal,Axis,PNB,Web,WiFi,15,0,SUCCESS,0,0.5127368850644961,High Anomaly
TXN0000228517,2024-06-29 21:51:49,P2P,Healthcare,335,46-55,36-45,Uttar Pradesh,Kotak,ICICI,Web,5G,21,1,SUCCESS,0,0.5127358875531659,High Anomaly
TXN0000045708,2024-10-02 16:24:27,Recharge,Education,3587,26-35,26-35,Gujarat,IndusInd,ICICI,iOS,WiFi,16,0,SUCCESS,0,0.5127332784118371,High Anomaly
TXN0000199489,2024-11-05 18:07:11,Recharge,Entertainment,203,36-45,18-25,Karnataka,Yes Bank,HDFC,Web,5G,18,0,SUCCESS,0,0.5127279815357343,High Anomaly
TXN0000081219,2024-06-23 13:35:12,Bill Payment,Healthcare,2049,56+,18-25,Uttar Pradesh,HDFC,SBI,iOS,WiFi,13,1,SUCCESS,0,0.5127270359916365,High Anomaly
TXN0000158252,2024-10-08 13:56:12,Bill Payment,Shopping,160,56+,26-35,Rajasthan,ICICI,HDFC,Web,4G,13,0,SUCCESS,0,0.5127086985736385,High Anomaly
TXN0000065833,2024-03-28 21:42:49,Recharge,Utilities,3942,56+,36-45,Maharashtra,Kotak,ICICI,Android,WiFi,21,0,SUCCESS,0,0.5127009447619003,High Anomaly
TXN0000112842,2024-11-23 12:51:57,Bill Payment,Other,515,26-35,18-25,Karnataka,ICICI,PNB,iOS,WiFi,12,1,SUCCESS,0,0.5126932847455077,High Anomaly
TXN0000053123,2024-10-31 16:47:48,Bill Payment,Transport,42,46-55,56+,Uttar Pradesh,ICICI,PNB,iOS,5G,16,0,SUCCESS,0,0.5126903175144113,High Anomaly
TXN0000176860,2024-08-06 20:33:42,P2M,Utilities,8829,36-45,18-25,Rajasthan,Axis,Yes Bank,Web,WiFi,20,0,SUCCESS,0,0.5126881011799811,High Anomaly
TXN0000019326,2024-02-24 18:21:24,P2P,Grocery,1558,18-25,46-55,West Bengal,PNB,HDFC,Web,WiFi,18,1,SUCCESS,0,0.5126823328539359,High Anomaly
TXN0000007821,2024-10-30 06:20:23,Recharge,Food,17,26-35,46-55,Karnataka,ICICI,HDFC,iOS,5G,6,0,SUCCESS,0,0.5126785611134473,High Anomaly
TXN0000211033,2024-08-14 09:45:05,Recharge,Food,491,56+,26-35,Delhi,PNB,PNB,iOS,5G,9,0,SUCCESS,0,0.5126716779254132,High Anomaly
TXN0000031593,2024-11-30 11:30:26,Bill Payment,Grocery,2023,18-25,36-45,Uttar Pradesh,Axis,IndusInd,iOS,3G,11,1,SUCCESS,0,0.5126608030682784,High Anomaly
TXN0000020719,2024-10-13 08:39:21,P2M,Utilities,1320,36-45,36-45,Maharashtra,PNB,PNB,Web,WiFi,8,1,SUCCESS,0,0.5126574050648869,High Anomaly
TXN0000134125,2024-12-21 18:54:43,Bill Payment,Transport,44,18-25,26-35,Maharashtra,IndusInd,Yes Bank,iOS,WiFi,18,1,SUCCESS,0,0.5126546557217994,High Anomaly
TXN0000186158,2024-04-11 15:58:00,P2M,Education,9479,26-35,36-45,Telangana,PNB,PNB,Web,WiFi,15,0,SUCCESS,0,0.5126356226183584,High Anomaly
TXN0000198074,2024-12-14 09:08:17,P2M,Shopping,703,36-45,46-55,Karnataka,Yes Bank,IndusInd,iOS,3G,9,1,SUCCESS,0,0.5126335649808128,High Anomaly
TXN0000179317,2024-11-27 18:47:01,P2P,Grocery,1159,46-55,56+,Gujarat,SBI,Yes Bank,Web,3G,18,0,SUCCESS,0,0.5126329847347656,High Anomaly
TXN0000050912,2024-10-24 06:20:39,Bill Payment,Shopping,3515,56+,18-25,Telangana,Yes Bank,SBI,iOS,5G,6,0,SUCCESS,0,0.5126316179226783,High Anomaly
TXN0000050544,2024-06-27 05:01:46,P2P,Fuel,471,46-55,56+,Uttar Pradesh,ICICI,Kotak,Web,4G,5,0,FAILED,0,0.5126295908606939,High Anomaly
TXN0000237416,2024-12-02 06:42:21,Bill Payment,Shopping,3287,18-25,36-45,Telangana,HDFC,Axis,Web,4G,6,0,SUCCESS,0,0.512629318899887,High Anomaly
TXN0000221161,2024-09-22 16:31:05,Recharge,Shopping,1450,56+,18-25,Delhi,SBI,Axis,Web,4G,16,1,SUCCESS,0,0.5126287882910708,High Anomaly
TXN0000034737,2024-09-01 13:22:59,Recharge,Transport,31,46-55,46-55,Maharashtra,Kotak,ICICI,iOS,4G,13,1,SUCCESS,0,0.5126263334694462,High Anomaly
TXN0000003964,2024-07-04 17:59:44,P2M,Utilities,3925,46-55,36-45,Telangana,Axis,Kotak,iOS,3G,17,0,SUCCESS,0,0.512602336093583,High Anomaly
TXN0000010421,2024-06-30 15:13:00,P2P,Food,848,56+,18-25,Karnataka,Kotak,ICICI,iOS,3G,15,1,SUCCESS,0,0.5126019412166752,High Anomaly
TXN0000061494,2024-11-24 11:49:26,Bill Payment,Fuel,1135,18-25,18-25,Maharashtra,ICICI,Axis,iOS,WiFi,11,1,SUCCESS,0,0.512589596839174,High Anomaly
TXN0000092920,2024-02-06 21:21:13,P2M,Transport,320,36-45,46-55,Andhra Pradesh,Axis,ICICI,Web,WiFi,21,0,SUCCESS,0,0.5125885650155441,High Anomaly
TXN0000121917,2024-10-27 15:09:00,Bill Payment,Utilities,1557,36-45,26-35,Maharashtra,IndusInd,PNB,Web,5G,15,1,SUCCESS,0,0.5125683693397346,High Anomaly
TXN0000031479,2024-10-26 22:40:31,Bill Payment,Shopping,4420,18-25,36-45,Delhi,PNB,Kotak,iOS,3G,22,1,SUCCESS,0,0.5125608347575384,High Anomaly
TXN0000213528,2024-03-03 01:56:38,P2M,Transport,441,18-25,56+,Rajasthan,Yes Bank,Kotak,iOS,5G,1,1,SUCCESS,0,0.5125596861979624,High Anomaly
TXN0000133316,2024-11-11 19:59:21,Bill Payment,Healthcare,357,36-45,56+,Karnataka,Axis,SBI,iOS,WiFi,19,0,SUCCESS,0,0.5125569155919187,High Anomaly
TXN0000139777,2024-07-10 15:28:45,Recharge,Shopping,2312,36-45,56+,West Bengal,ICICI,HDFC,Android,3G,15,0,SUCCESS,0,0.5125487741173647,High Anomaly
TXN0000047613,2024-10-19 14:29:32,P2M,Grocery,3316,26-35,36-45,Karnataka,ICICI,Axis,Web,WiFi,14,1,SUCCESS,0,0.512534841700434,High Anomaly
TXN0000120145,2024-02-16 16:11:34,P2M,Grocery,599,56+,18-25,Delhi,IndusInd,PNB,iOS,3G,16,0,SUCCESS,0,0.5125322820171163,High Anomaly
TXN0000149595,2024-01-23 17:49:07,Recharge,Entertainment,763,26-35,26-35,Telangana,Yes Bank,ICICI,Web,WiFi,17,0,SUCCESS,0,0.512522357884236,High Anomaly
TXN0000020568,2024-07-28 22:15:54,Bill Payment,Entertainment,560,36-45,26-35,Tamil Nadu,IndusInd,IndusInd,iOS,WiFi,22,1,SUCCESS,0,0.512522052817664,High Anomaly
TXN0000146876,2024-10-26 13:33:05,P2M,Utilities,3861,18-25,46-55,Tamil Nadu,PNB,Yes Bank,Web,5G,13,1,SUCCESS,0,0.5125192573822083,High Anomaly
TXN0000092445,2024-12-15 20:35:20,P2M,Transport,131,46-55,56+,Uttar Pradesh,SBI,PNB,Web,4G,20,1,SUCCESS,0,0.5125175644654597,High Anomaly
TXN0000064007,2024-07-06 09:51:27,Recharge,Entertainment,702,18-25,26-35,Rajasthan,ICICI,PNB,iOS,4G,9,1,SUCCESS,0,0.5125175030735737,High Anomaly
TXN0000050345,2024-06-30 19:49:42,P2M,Utilities,3965,18-25,36-45,Andhra Pradesh,Kotak,SBI,Web,WiFi,19,1,SUCCESS,0,0.5125075224665965,High Anomaly
TXN0000068496,2024-01-10 09:06:19,Bill Payment,Fuel,1749,36-45,18-25,Gujarat,PNB,Axis,Web,5G,9,0,SUCCESS,0,0.5125017248458598,High Anomaly
TXN0000074867,2024-11-22 07:38:31,P2M,Grocery,2219,56+,36-45,Maharashtra,ICICI,PNB,Web,5G,7,0,SUCCESS,0,0.5124975333848296,High Anomaly
TXN0000118874,2024-11-21 19:43:19,P2M,Education,731,36-45,46-55,Telangana,ICICI,PNB,iOS,WiFi,19,0,SUCCESS,0,0.5124951557786798,High Anomaly
TXN0000064744,2024-10-06 15:53:08,P2P,Fuel,3742,36-45,46-55,Maharashtra,Kotak,SBI,Web,WiFi,15,1,SUCCESS,0,0.5124934225405164,High Anomaly
TXN0000060309,2024-12-19 09:31:13,Bill Payment,Shopping,545,26-35,46-55,Andhra Pradesh,IndusInd,SBI,iOS,WiFi,9,0,SUCCESS,0,0.5124907319400146,High Anomaly
TXN0000016550,2024-08-25 07:16:27,P2M,Healthcare,467,56+,36-45,Uttar Pradesh,IndusInd,SBI,iOS,5G,7,1,SUCCESS,0,0.5124897323073465,High Anomaly
TXN0000085515,2024-02-26 17:12:00,Recharge,Food,179,18-25,36-45,Tamil Nadu,IndusInd,ICICI,Web,3G,17,0,SUCCESS,0,0.5124641960117609,High Anomaly
TXN0000185966,2024-12-06 06:32:35,Bill Payment,Healthcare,566,18-25,56+,Tamil Nadu,IndusInd,PNB,iOS,5G,6,0,SUCCESS,0,0.5124633046318384,High Anomaly
TXN0000036644,2024-11-29 11:35:43,Bill Payment,Entertainment,1743,18-25,36-45,Uttar Pradesh,Kotak,IndusInd,iOS,WiFi,11,0,SUCCESS,0,0.5124617561671204,High Anomaly
TXN0000088781,2024-05-18 00:11:23,P2M,Shopping,616,18-25,36-45,Rajasthan,Axis,IndusInd,Web,5G,0,1,SUCCESS,0,0.5124608698359642,High Anomaly
TXN0000243067,2024-06-01 08:31:55,Bill Payment,Transport,616,36-45,46-55,Tamil Nadu,HDFC,IndusInd,Web,4G,8,1,SUCCESS,0,0.5124544961003686,High Anomaly
TXN0000128703,2024-10-03 12:00:06,P2M,Transport,55,56+,26-35,Karnataka,Axis,PNB,iOS,3G,12,0,SUCCESS,0,0.512442110505181,High Anomaly
TXN0000149138,2024-02-04 11:37:04,P2M,Shopping,1296,56+,36-45,Delhi,Axis,Axis,Android,3G,11,1,SUCCESS,0,0.5124328176853226,High Anomaly
TXN0000142393,2024-09-23 21:47:48,Bill Payment,Entertainment,150,36-45,46-55,Maharashtra,HDFC,Kotak,Web,5G,21,0,SUCCESS,0,0.5124199050096462,High Anomaly
TXN0000016272,2024-12-23 23:55:08,Bill Payment,Transport,91,36-45,56+,Uttar Pradesh,IndusInd,HDFC,iOS,3G,23,0,SUCCESS,0,0.51240862288971,High Anomaly
TXN0000107157,2024-06-16 10:39:45,P2P,Shopping,633,46-55,26-35,Telangana,IndusInd,PNB,iOS,WiFi,10,1,SUCCESS,0,0.5124074012802501,High Anomaly
TXN0000208766,2024-07-29 11:29:56,Bill Payment,Healthcare,508,36-45,56+,Tamil Nadu,Kotak,Axis,Web,4G,11,0,SUCCESS,0,0.5124032067273786,High Anomaly
TXN0000005074,2024-04-03 17:56:00,P2M,Grocery,2172,46-55,36-45,Andhra Pradesh,ICICI,Yes Bank,Web,WiFi,17,0,SUCCESS,0,0.512393335793736,High Anomaly
TXN0000196885,2024-02-10 19:11:36,Bill Payment,Food,366,46-55,18-25,Delhi,Axis,Yes Bank,iOS,WiFi,19,1,SUCCESS,0,0.5123922072892367,High Anomaly
TXN0000224368,2024-01-27 16:47:59,Recharge,Utilities,3220,36-45,26-35,Maharashtra,ICICI,PNB,iOS,WiFi,16,1,SUCCESS,0,0.5123907964248409,High Anomaly
TXN0000087020,2024-12-17 18:16:12,Bill Payment,Entertainment,273,46-55,36-45,Tamil Nadu,Yes Bank,SBI,Web,5G,18,0,SUCCESS,0,0.5123878039887014,High Anomaly
TXN0000146578,2024-06-29 17:54:00,P2M,Shopping,4510,46-55,36-45,Karnataka,SBI,Axis,iOS,3G,17,1,SUCCESS,0,0.5123858745917372,High Anomaly
TXN0000011777,2024-06-29 22:03:13,P2M,Grocery,2170,46-55,36-45,Telangana,Kotak,Axis,iOS,WiFi,22,1,SUCCESS,0,0.5123826190200366,High Anomaly
TXN0000075149,2024-08-14 17:08:55,P2P,Entertainment,390,18-25,18-25,Rajasthan,PNB,IndusInd,Web,3G,17,0,SUCCESS,0,0.5123822362287065,High Anomaly
TXN0000095665,2024-03-31 18:45:22,Recharge,Shopping,100,36-45,36-45,Tamil Nadu,Yes Bank,PNB,iOS,5G,18,1,SUCCESS,0,0.5123744437589065,High Anomaly
TXN0000059290,2024-05-11 09:41:30,P2M,Entertainment,451,36-45,56+,Andhra Pradesh,Yes Bank,HDFC,iOS,5G,9,1,SUCCESS,0,0.5123703907658699,High Anomaly
TXN0000210320,2024-08-30 07:36:47,Bill Payment,Utilities,1045,46-55,18-25,Gujarat,PNB,HDFC,Web,4G,7,0,SUCCESS,0,0.5123660985689491,High Anomaly
TXN0000107195,2024-02-20 22:56:13,P2M,Food,156,56+,18-25,West Bengal,ICICI,HDFC,iOS,3G,22,0,SUCCESS,0,0.5123653692126167,High Anomaly
TXN0000143686,2024-08-17 19:36:44,Recharge,Education,2704,18-25,26-35,Maharashtra,IndusInd,IndusInd,Web,4G,19,1,SUCCESS,0,0.5123633009650245,High Anomaly
TXN0000143132,2024-09-15 19:18:51,Recharge,Transport,106,18-25,18-25,Tamil Nadu,Kotak,SBI,iOS,3G,19,1,SUCCESS,0,0.5123631442512674,High Anomaly
TXN0000092301,2024-01-19 16:43:13,P2M,Grocery,1390,56+,56+,Rajasthan,SBI,ICICI,Web,WiFi,16,0,SUCCESS,0,0.5123612033582823,High Anomaly
TXN0000180886,2024-11-20 13:34:01,P2P,Fuel,1546,46-55,46-55,Rajasthan,IndusInd,PNB,iOS,3G,13,0,SUCCESS,0,0.5123595294997518,High Anomaly
TXN0000233852,2024-02-24 23:26:18,Recharge,Grocery,1677,36-45,46-55,Andhra Pradesh,ICICI,Yes Bank,Android,WiFi,23,1,SUCCESS,0,0.5123536708774602,High Anomaly
TXN0000085529,2024-06-01 19:22:26,P2M,Utilities,6722,56+,26-35,Andhra Pradesh,Axis,PNB,Android,3G,19,1,SUCCESS,0,0.5123499716703257,High Anomaly
TXN0000094600,2024-03-30 19:49:19,P2M,Transport,192,26-35,56+,Tamil Nadu,IndusInd,ICICI,iOS,WiFi,19,1,SUCCESS,0,0.5123425724947325,High Anomaly
TXN0000019294,2024-03-02 19:09:10,Bill Payment,Fuel,725,18-25,56+,Delhi,Kotak,PNB,Android,WiFi,19,1,SUCCESS,0,0.5123372021595535,High Anomaly
TXN0000168782,2024-07-13 22:45:45,P2M,Entertainment,320,26-35,56+,Tamil Nadu,SBI,PNB,iOS,WiFi,22,1,SUCCESS,0,0.5123325886825938,High Anomaly
TXN0000037047,2024-04-21 13:26:11,Recharge,Other,681,36-45,26-35,Karnataka,ICICI,PNB,iOS,WiFi,13,1,SUCCESS,0,0.5123324488731521,High Anomaly
TXN0000191983,2024-10-05 19:51:13,Recharge,Shopping,3476,46-55,46-55,Rajasthan,SBI,Axis,iOS,4G,19,1,SUCCESS,0,0.5123281382861634,High Anomaly
TXN0000094926,2024-08-17 10:28:02,Recharge,Shopping,277,18-25,56+,Andhra Pradesh,Kotak,ICICI,Android,5G,10,1,SUCCESS,0,0.5123251106832389,High Anomaly
TXN0000246928,2024-12-19 08:29:25,Bill Payment,Utilities,246,26-35,18-25,Andhra Pradesh,ICICI,Kotak,iOS,WiFi,8,0,SUCCESS,0,0.512314426730015,High Anomaly
TXN0000147235,2024-05-13 23:43:50,Recharge,Utilities,216,26-35,46-55,Telangana,Yes Bank,HDFC,Android,WiFi,23,0,SUCCESS,0,0.5123068525293838,High Anomaly
TXN0000005099,2024-11-30 10:58:33,P2P,Transport,130,36-45,26-35,Uttar Pradesh,Axis,HDFC,Web,WiFi,10,1,SUCCESS,0,0.5123067066799426,High Anomaly
TXN0000081309,2024-02-04 23:26:06,Bill Payment,Fuel,6290,46-55,18-25,Telangana,PNB,Kotak,iOS,4G,23,1,SUCCESS,0,0.5122808314778137,High Anomaly
TXN0000028115,2024-11-17 19:52:57,P2P,Utilities,19739,56+,46-55,Karnataka,ICICI,HDFC,iOS,5G,19,1,SUCCESS,0,0.5122715620690432,High Anomaly
TXN0000030248,2024-03-29 19:39:21,Recharge,Grocery,163,46-55,36-45,Maharashtra,SBI,Axis,Web,3G,19,0,FAILED,0,0.5122678207326001,High Anomaly
TXN0000142151,2024-05-06 05:47:54,P2P,Food,429,36-45,46-55,Uttar Pradesh,Kotak,ICICI,Web,5G,5,0,FAILED,0,0.5122621256843886,High Anomaly
TXN0000037954,2024-07-08 08:32:13,P2P,Fuel,2304,56+,56+,Andhra Pradesh,Axis,SBI,iOS,5G,8,0,SUCCESS,0,0.5122587437516296,High Anomaly
TXN0000016292,2024-07-13 14:29:12,Recharge,Transport,447,26-35,26-35,Telangana,SBI,HDFC,Web,WiFi,14,1,SUCCESS,0,0.5122513945894245,High Anomaly
TXN0000067417,2024-05-06 13:27:25,P2M,Healthcare,292,26-35,56+,Tamil Nadu,IndusInd,Kotak,Web,5G,13,0,SUCCESS,0,0.5122495932621852,High Anomaly
TXN0000020896,2024-10-30 17:26:20,P2M,Utilities,2377,46-55,46-55,Rajasthan,HDFC,HDFC,Web,5G,17,0,FAILED,0,0.5122486334317327,High Anomaly
TXN0000206267,2024-12-08 09:24:35,P2M,Utilities,2515,46-55,18-25,Rajasthan,SBI,PNB,Web,5G,9,1,SUCCESS,0,0.5122395492739734,High Anomaly
TXN0000205147,2024-04-19 13:24:52,Bill Payment,Food,564,46-55,46-55,Maharashtra,Axis,Axis,iOS,WiFi,13,0,SUCCESS,0,0.5122287497779056,High Anomaly
TXN0000101678,2024-08-28 15:12:24,Bill Payment,Other,1654,18-25,26-35,Karnataka,Kotak,Axis,Web,WiFi,15,0,SUCCESS,0,0.5122285587878607,High Anomaly
TXN0000078712,2024-06-28 06:16:03,Bill Payment,Shopping,3301,36-45,46-55,Maharashtra,Kotak,Kotak,Web,4G,6,0,SUCCESS,0,0.5122264111563283,High Anomaly
TXN0000196740,2024-02-10 10:16:38,P2P,Utilities,465,56+,36-45,Delhi,Yes Bank,Axis,iOS,WiFi,10,1,SUCCESS,0,0.5122196683110994,High Anomaly
TXN0000236059,2024-07-27 17:37:33,Bill Payment,Fuel,1802,36-45,56+,Rajasthan,ICICI,Yes Bank,Android,WiFi,17,1,SUCCESS,0,0.5122061503569975,High Anomaly
TXN0000125366,2024-04-20 15:43:39,Bill Payment,Entertainment,497,18-25,18-25,Karnataka,Kotak,Yes Bank,iOS,WiFi,15,1,SUCCESS,0,0.5122044509641979,High Anomaly
TXN0000150541,2024-10-11 19:15:01,P2P,Fuel,1318,56+,26-35,Delhi,IndusInd,ICICI,Web,WiFi,19,0,FAILED,0,0.5121963180881441,High Anomaly
TXN0000052778,2024-09-02 17:08:12,Recharge,Food,1228,46-55,18-25,Delhi,Kotak,HDFC,iOS,3G,17,0,SUCCESS,0,0.5121885199690303,High Anomaly
TXN0000010407,2024-10-02 07:36:39,Bill Payment,Food,71,36-45,26-35,Tamil Nadu,Kotak,Yes Bank,Web,3G,7,0,SUCCESS,0,0.5121862773444488,High Anomaly
TXN0000017760,2024-02-12 08:57:32,P2P,Shopping,2657,18-25,26-35,West Bengal,PNB,Axis,iOS,3G,8,0,SUCCESS,0,0.5121808886256162,High Anomaly
TXN0000167130,2024-06-14 16:58:40,Bill Payment,Shopping,5614,18-25,18-25,Maharashtra,ICICI,Kotak,Web,3G,16,0,SUCCESS,0,0.5121666833609165,High Anomaly
TXN0000005547,2024-02-28 11:10:39,Recharge,Education,4574,18-25,36-45,Karnataka,Yes Bank,ICICI,iOS,WiFi,11,0,FAILED,0,0.5121666340647115,High Anomaly
TXN0000147751,2024-03-07 12:15:50,P2P,Utilities,3218,26-35,46-55,Gujarat,IndusInd,IndusInd,Web,WiFi,12,0,SUCCESS,0,0.5121623091651257,High Anomaly
TXN0000058647,2024-10-30 10:04:55,Bill Payment,Entertainment,147,46-55,36-45,Maharashtra,Yes Bank,SBI,Web,5G,10,0,SUCCESS,0,0.5121594925579813,High Anomaly
TXN0000166952,2024-05-28 07:42:18,Recharge,Shopping,4985,18-25,18-25,Uttar Pradesh,Yes Bank,HDFC,Web,4G,7,0,SUCCESS,0,0.512154953615478,High Anomaly
TXN0000083867,2024-11-16 16:55:07,P2M,Food,287,56+,36-45,Gujarat,HDFC,IndusInd,iOS,WiFi,16,1,SUCCESS,0,0.512151560314988,High Anomaly
TXN0000007466,2024-08-11 14:45:39,P2M,Shopping,6666,18-25,46-55,Rajasthan,ICICI,SBI,iOS,3G,14,1,SUCCESS,0,0.5121479771804706,High Anomaly
TXN0000207155,2024-03-17 14:19:32,P2M,Healthcare,303,26-35,18-25,Telangana,SBI,IndusInd,Web,3G,14,1,SUCCESS,0,0.5121439446431878,High Anomaly
TXN0000058034,2024-02-03 22:46:29,Recharge,Utilities,9175,26-35,26-35,Andhra Pradesh,Yes Bank,Kotak,Android,WiFi,22,1,SUCCESS,0,0.5121390939773479,High Anomaly
TXN0000113902,2024-06-29 07:32:54,Recharge,Grocery,370,18-25,18-25,Andhra Pradesh,Kotak,Yes Bank,Web,4G,7,1,SUCCESS,0,0.5121375834574223,High Anomaly
TXN0000161186,2024-08-02 16:07:47,Recharge,Fuel,788,56+,46-55,Delhi,Axis,ICICI,iOS,5G,16,0,SUCCESS,0,0.5121290606284181,High Anomaly
TXN0000036305,2024-12-21 23:09:24,Recharge,Food,57,18-25,26-35,West Bengal,HDFC,PNB,iOS,5G,23,1,SUCCESS,0,0.5121233676418686,High Anomaly
TXN0000037956,2024-02-04 19:24:20,P2P,Shopping,7484,36-45,46-55,Uttar Pradesh,Yes Bank,Yes Bank,iOS,WiFi,19,1,SUCCESS,0,0.512121516112345,High Anomaly
TXN0000202143,2024-02-10 08:01:41,Bill Payment,Entertainment,141,18-25,46-55,West Bengal,IndusInd,Axis,Web,4G,8,1,SUCCESS,0,0.5121186628337939,High Anomaly
TXN0000109963,2024-12-15 14:34:46,P2M,Utilities,732,56+,26-35,Karnataka,Axis,ICICI,iOS,3G,14,1,FAILED,0,0.5121127213537023,High Anomaly
TXN0000239565,2024-03-16 19:46:08,P2P,Grocery,1850,36-45,56+,West Bengal,SBI,HDFC,Web,WiFi,19,1,SUCCESS,1,0.5121046928984103,High Anomaly
TXN0000204453,2024-08-17 14:40:45,Bill Payment,Other,655,46-55,26-35,Karnataka,SBI,SBI,Web,WiFi,14,1,SUCCESS,0,0.5121037662835046,High Anomaly
TXN0000245049,2024-05-19 10:36:24,Bill Payment,Education,2305,26-35,26-35,Tamil Nadu,PNB,Axis,iOS,3G,10,1,SUCCESS,0,0.5121035580234098,High Anomaly
TXN0000048686,2024-05-05 20:34:00,P2P,Transport,509,46-55,46-55,Telangana,PNB,Axis,iOS,WiFi,20,1,SUCCESS,0,0.5121018542778345,High Anomaly
TXN0000023565,2024-10-13 19:45:35,Bill Payment,Healthcare,818,56+,18-25,Andhra Pradesh,ICICI,SBI,Web,4G,19,1,SUCCESS,0,0.5121004748343978,High Anomaly
TXN0000078144,2024-01-23 17:40:44,Recharge,Shopping,4172,56+,36-45,Karnataka,PNB,PNB,iOS,5G,17,0,SUCCESS,0,0.5120986583997715,High Anomaly
TXN0000039091,2024-06-19 09:23:00,Bill Payment,Transport,106,36-45,36-45,Karnataka,ICICI,PNB,iOS,3G,9,0,SUCCESS,0,0.512097882302864,High Anomaly
TXN0000161874,2024-03-25 18:27:09,Bill Payment,Fuel,2779,46-55,46-55,Karnataka,IndusInd,Kotak,iOS,5G,18,0,SUCCESS,0,0.512090947039342,High Anomaly
TXN0000077752,2024-03-06 22:05:20,P2M,Shopping,1217,26-35,26-35,Karnataka,Axis,Axis,Web,WiFi,22,0,SUCCESS,0,0.5120888841551219,High Anomaly
TXN0000075693,2024-04-28 10:00:51,Bill Payment,Utilities,1301,56+,26-35,Telangana,SBI,IndusInd,Android,WiFi,10,1,SUCCESS,0,0.5120866309632229,High Anomaly
TXN0000188261,2024-08-04 06:06:44,P2P,Shopping,6403,36-45,26-35,Andhra Pradesh,ICICI,IndusInd,iOS,WiFi,6,1,SUCCESS,0,0.5120824269354894,High Anomaly
TXN0000155740,2024-03-09 16:18:43,P2P,Healthcare,947,56+,46-55,Tamil Nadu,Yes Bank,Yes Bank,iOS,5G,16,1,SUCCESS,0,0.5120606599211802,High Anomaly
TXN0000173029,2024-04-28 20:56:42,Bill Payment,Entertainment,281,36-45,36-45,Telangana,HDFC,Axis,iOS,WiFi,20,1,FAILED,0,0.5120527039159807,High Anomaly
TXN0000133032,2024-10-18 07:40:32,Bill Payment,Other,160,56+,26-35,Uttar Pradesh,Yes Bank,HDFC,iOS,WiFi,7,0,SUCCESS,0,0.5120486853226445,High Anomaly
TXN0000011839,2024-06-01 17:01:08,Recharge,Food,958,36-45,18-25,Karnataka,PNB,SBI,Web,WiFi,17,1,SUCCESS,0,0.5120470245831769,High Anomaly
TXN0000216066,2024-09-05 10:17:41,Bill Payment,Other,210,46-55,56+,Rajasthan,PNB,ICICI,iOS,4G,10,0,SUCCESS,0,0.5120440084899196,High Anomaly
TXN0000030926,2024-01-24 12:37:36,P2M,Food,278,18-25,56+,Tamil Nadu,HDFC,SBI,Web,WiFi,12,0,SUCCESS,0,0.5120350095587792,High Anomaly
TXN0000011346,2024-10-13 05:19:29,P2M,Utilities,3368,18-25,46-55,Karnataka,PNB,SBI,Web,5G,5,1,SUCCESS,0,0.5120296272553911,High Anomaly
TXN0000198378,2024-12-03 11:50:32,P2M,Other,630,56+,56+,Maharashtra,Axis,PNB,Android,WiFi,11,0,SUCCESS,0,0.5120136322587354,High Anomaly
TXN0000222872,2024-08-17 22:07:56,Recharge,Grocery,2999,46-55,18-25,Rajasthan,SBI,Yes Bank,Android,WiFi,22,1,SUCCESS,0,0.5120079314386415,High Anomaly
TXN0000190098,2024-01-27 22:52:52,P2M,Shopping,1694,26-35,18-25,Delhi,SBI,Yes Bank,Web,3G,22,1,FAILED,0,0.5120059265343883,High Anomaly
TXN0000100235,2024-09-17 09:42:16,P2M,Healthcare,1587,46-55,46-55,Andhra Pradesh,ICICI,Yes Bank,iOS,5G,9,0,SUCCESS,0,0.5119972663310921,High Anomaly
TXN0000124154,2024-10-21 07:38:20,Bill Payment,Transport,86,36-45,56+,Tamil Nadu,ICICI,IndusInd,iOS,4G,7,0,SUCCESS,0,0.5119912554687169,High Anomaly
TXN0000000280,2024-04-07 11:51:21,P2M,Education,4571,46-55,46-55,Karnataka,HDFC,HDFC,iOS,5G,11,1,FAILED,0,0.511990737385041,High Anomaly
TXN0000204271,2024-07-24 08:27:02,Bill Payment,Entertainment,146,56+,18-25,Gujarat,Kotak,HDFC,iOS,5G,8,0,SUCCESS,0,0.511990493293366,High Anomaly
TXN0000221136,2024-07-20 10:09:36,P2P,Transport,44,26-35,18-25,Telangana,Yes Bank,HDFC,Web,WiFi,10,1,SUCCESS,0,0.51198967593723,High Anomaly
TXN0000189693,2024-04-04 19:04:14,P2M,Education,2730,46-55,18-25,Andhra Pradesh,ICICI,ICICI,Web,3G,19,0,SUCCESS,0,0.5119737185856504,High Anomaly
TXN0000115679,2024-07-20 09:17:00,Recharge,Utilities,15509,36-45,26-35,Telangana,HDFC,Kotak,Android,WiFi,9,1,SUCCESS,0,0.5119711846905616,High Anomaly
TXN0000111068,2024-01-30 13:44:52,Bill Payment,Fuel,3594,46-55,26-35,Delhi,IndusInd,SBI,iOS,WiFi,13,0,SUCCESS,0,0.5119653906300069,High Anomaly
TXN0000155136,2024-07-23 11:34:51,Bill Payment,Fuel,1757,36-45,46-55,Tamil Nadu,SBI,Yes Bank,Web,5G,11,0,SUCCESS,0,0.5119622444321079,High Anomaly
TXN0000248766,2024-12-09 12:56:20,Recharge,Transport,579,26-35,36-45,Rajasthan,Axis,IndusInd,Web,4G,12,0,SUCCESS,0,0.5119597864458428,High Anomaly
TXN0000148077,2024-03-11 01:32:33,P2P,Fuel,1747,18-25,56+,Uttar Pradesh,Kotak,SBI,iOS,WiFi,1,0,SUCCESS,0,0.5119476066079341,High Anomaly
TXN0000126405,2024-08-07 02:04:03,P2P,Education,340,18-25,46-55,Telangana,HDFC,Kotak,iOS,WiFi,2,0,SUCCESS,0,0.5119430935685884,High Anomaly
TXN0000071102,2024-12-11 13:42:25,Bill Payment,Food,182,46-55,56+,Uttar Pradesh,Yes Bank,IndusInd,Web,4G,13,0,SUCCESS,0,0.5119412510736542,High Anomaly
TXN0000116769,2024-12-07 21:21:09,P2P,Food,168,56+,26-35,Telangana,PNB,HDFC,iOS,WiFi,21,1,SUCCESS,0,0.5119380256471865,High Anomaly
TXN0000080134,2024-11-02 00:24:20,Bill Payment,Entertainment,797,26-35,36-45,Tamil Nadu,Axis,HDFC,iOS,WiFi,0,1,SUCCESS,0,0.5119351154477539,High Anomaly
TXN0000208971,2024-08-09 13:49:04,P2M,Grocery,1813,26-35,46-55,Tamil Nadu,HDFC,IndusInd,Web,WiFi,13,0,SUCCESS,0,0.5119312129594545,High Anomaly
TXN0000240675,2024-03-09 08:19:58,Bill Payment,Education,1275,46-55,26-35,Gujarat,PNB,SBI,Android,WiFi,8,1,SUCCESS,0,0.5119272138591805,High Anomaly
TXN0000159233,2024-03-16 00:19:38,Recharge,Grocery,1143,26-35,26-35,West Bengal,Axis,IndusInd,iOS,WiFi,0,1,SUCCESS,0,0.5119269382792243,High Anomaly
TXN0000153321,2024-03-05 07:11:11,Recharge,Food,155,26-35,36-45,Telangana,Kotak,PNB,Web,5G,7,0,SUCCESS,0,0.5119166862745449,High Anomaly
TXN0000241980,2024-04-17 12:04:57,Bill Payment,Food,127,26-35,26-35,Delhi,ICICI,IndusInd,Web,WiFi,12,0,SUCCESS,0,0.5119129890552496,High Anomaly
TXN0000098978,2024-04-15 14:42:31,Bill Payment,Fuel,279,56+,36-45,Delhi,SBI,HDFC,Web,3G,14,0,SUCCESS,0,0.5119058391088182,High Anomaly
TXN0000035886,2024-06-26 10:29:00,P2M,Healthcare,437,36-45,36-45,Karnataka,ICICI,SBI,Web,WiFi,10,0,SUCCESS,0,0.5118765590198602,High Anomaly
TXN0000192886,2024-08-07 09:35:51,Recharge,Transport,64,56+,46-55,Maharashtra,IndusInd,SBI,iOS,4G,9,0,SUCCESS,0,0.5118700453374795,High Anomaly
TXN0000053083,2024-03-25 17:05:18,P2M,Grocery,2363,36-45,56+,Uttar Pradesh,Yes Bank,Kotak,Web,5G,17,0,SUCCESS,0,0.5118680801725808,High Anomaly
TXN0000189236,2024-01-03 09:39:46,P2M,Fuel,412,26-35,26-35,Telangana,Axis,HDFC,Web,3G,9,0,SUCCESS,0,0.5118648165656436,High Anomaly
TXN0000108318,2024-03-04 20:12:28,P2M,Transport,148,56+,26-35,Andhra Pradesh,IndusInd,ICICI,Web,5G,20,0,SUCCESS,0,0.5118643456350923,High Anomaly
TXN0000240070,2024-12-11 07:29:42,Bill Payment,Fuel,3903,36-45,36-45,Uttar Pradesh,HDFC,HDFC,iOS,WiFi,7,0,SUCCESS,0,0.5118613856300579,High Anomaly
TXN0000156584,2024-10-19 12:10:02,Bill Payment,Education,4298,36-45,26-35,Uttar Pradesh,SBI,ICICI,iOS,WiFi,12,1,SUCCESS,0,0.5118577624850168,High Anomaly
TXN0000011174,2024-09-20 10:37:06,P2M,Shopping,7221,26-35,36-45,Karnataka,HDFC,HDFC,Web,3G,10,0,SUCCESS,0,0.5118521459242299,High Anomaly
TXN0000137247,2024-04-30 06:12:17,P2M,Shopping,10277,36-45,36-45,Karnataka,Kotak,Kotak,iOS,3G,6,0,SUCCESS,0,0.5118509468284339,High Anomaly
TXN0000183129,2024-10-01 21:24:51,P2M,Other,334,56+,18-25,Andhra Pradesh,ICICI,IndusInd,Web,5G,21,0,SUCCESS,0,0.5118486871166289,High Anomaly
TXN0000042620,2024-02-18 10:14:28,P2M,Other,213,36-45,56+,Andhra Pradesh,ICICI,ICICI,Android,WiFi,10,1,SUCCESS,0,0.5118466398449572,High Anomaly
TXN0000016724,2024-04-05 20:45:13,P2M,Other,342,26-35,46-55,Tamil Nadu,Kotak,IndusInd,Web,3G,20,0,SUCCESS,0,0.511841660084353,High Anomaly
TXN0000165824,2024-11-09 10:29:07,Bill Payment,Utilities,3766,36-45,56+,West Bengal,ICICI,Yes Bank,Android,WiFi,10,1,SUCCESS,0,0.5118381618255473,High Anomaly
TXN0000021517,2024-11-24 11:02:38,P2P,Utilities,192,56+,36-45,Telangana,PNB,ICICI,Web,4G,11,1,SUCCESS,0,0.5118321043954224,High Anomaly
TXN0000096651,2024-07-06 10:20:41,P2M,Food,243,36-45,36-45,Telangana,Yes Bank,PNB,Web,WiFi,10,1,SUCCESS,0,0.5118296609965146,High Anomaly
TXN0000186717,2024-01-01 18:06:42,P2P,Utilities,4863,46-55,26-35,Telangana,Kotak,Kotak,iOS,WiFi,18,0,SUCCESS,0,0.5118266795705488,High Anomaly
TXN0000111527,2024-08-20 17:55:05,Recharge,Healthcare,348,26-35,36-45,Karnataka,ICICI,Yes Bank,iOS,WiFi,17,0,SUCCESS,0,0.5118222687840727,High Anomaly
TXN0000040713,2024-04-28 20:15:09,Recharge,Utilities,9981,46-55,36-45,Gujarat,Axis,Yes Bank,Android,5G,20,1,SUCCESS,0,0.5118215447727869,High Anomaly
TXN0000237622,2024-07-23 20:42:20,Bill Payment,Food,57,18-25,46-55,Uttar Pradesh,Yes Bank,Yes Bank,iOS,WiFi,20,0,SUCCESS,0,0.5118147883553517,High Anomaly
TXN0000175124,2024-10-19 19:07:08,P2M,Entertainment,143,46-55,56+,Karnataka,Yes Bank,SBI,Web,4G,19,1,FAILED,0,0.51181464852268,High Anomaly
TXN0000156557,2024-10-07 07:26:20,Bill Payment,Utilities,3927,18-25,56+,Maharashtra,IndusInd,SBI,iOS,3G,7,0,FAILED,0,0.5118129163670667,High Anomaly
TXN0000086943,2024-10-04 10:10:21,P2M,Transport,181,36-45,36-45,West Bengal,HDFC,Axis,Web,3G,10,0,SUCCESS,0,0.5118087773184204,High Anomaly
TXN0000230172,2024-11-04 05:44:02,P2M,Fuel,352,56+,36-45,Tamil Nadu,Yes Bank,Kotak,Web,4G,5,0,SUCCESS,0,0.5118071921590349,High Anomaly
TXN0000111696,2024-11-07 17:38:20,P2M,Other,1856,46-55,46-55,Gujarat,Kotak,ICICI,iOS,WiFi,17,0,SUCCESS,0,0.5118051102451657,High Anomaly
TXN0000209000,2024-07-02 04:58:05,Bill Payment,Transport,162,36-45,18-25,Delhi,HDFC,ICICI,iOS,WiFi,4,0,SUCCESS,0,0.5118028772490659,High Anomaly
TXN0000139217,2024-02-03 11:10:43,P2M,Entertainment,268,18-25,56+,Delhi,HDFC,Yes Bank,iOS,WiFi,11,1,SUCCESS,0,0.5117866022960066,High Anomaly
TXN0000155818,2024-02-04 11:16:31,Bill Payment,Education,1671,46-55,26-35,Tamil Nadu,Axis,Kotak,Web,4G,11,1,SUCCESS,0,0.511774357406096,High Anomaly
TXN0000121943,2024-06-07 07:46:28,Bill Payment,Fuel,1104,56+,26-35,Maharashtra,HDFC,IndusInd,Web,4G,7,0,SUCCESS,0,0.5117736555452149,High Anomaly
TXN0000014486,2024-10-06 18:25:35,Bill Payment,Healthcare,653,56+,46-55,Maharashtra,IndusInd,Axis,Android,WiFi,18,1,SUCCESS,0,0.5117735519022275,High Anomaly
TXN0000126967,2024-02-23 20:14:59,P2M,Healthcare,535,46-55,56+,Maharashtra,PNB,PNB,Web,5G,20,0,SUCCESS,0,0.5117547109502423,High Anomaly
TXN0000244097,2024-06-05 17:55:23,P2M,Grocery,3485,18-25,46-55,West Bengal,Yes Bank,ICICI,Web,WiFi,17,0,SUCCESS,0,0.5117537020085959,High Anomaly
TXN0000073394,2024-12-23 23:41:52,Recharge,Shopping,4730,56+,46-55,Karnataka,Axis,SBI,Android,5G,23,0,SUCCESS,0,0.5117383941586139,High Anomaly
TXN0000112888,2024-11-23 17:42:10,P2M,Healthcare,450,56+,18-25,Rajasthan,Yes Bank,IndusInd,iOS,4G,17,1,SUCCESS,0,0.5117354519760139,High Anomaly
TXN0000090423,2024-02-23 15:57:04,P2M,Shopping,314,36-45,56+,Rajasthan,IndusInd,Yes Bank,iOS,3G,15,0,SUCCESS,0,0.5117285547703405,High Anomaly
TXN0000130376,2024-10-05 17:01:12,Bill Payment,Grocery,2545,56+,36-45,Uttar Pradesh,SBI,Yes Bank,iOS,WiFi,17,1,SUCCESS,0,0.5117277449472688,High Anomaly
TXN0000234691,2024-01-15 12:20:58,Recharge,Shopping,2612,36-45,56+,Telangana,Kotak,Axis,Android,WiFi,12,0,SUCCESS,0,0.5117271229607773,High Anomaly
TXN0000191472,2024-01-13 12:42:45,Recharge,Entertainment,88,36-45,26-35,Tamil Nadu,ICICI,IndusInd,iOS,4G,12,1,SUCCESS,0,0.5117201089805398,High Anomaly
TXN0000148358,2024-05-22 00:52:54,P2P,Healthcare,546,46-55,18-25,Telangana,ICICI,ICICI,iOS,3G,0,0,SUCCESS,0,0.5117198326086037,High Anomaly
TXN0000124936,2024-06-26 22:22:50,P2M,Grocery,1391,36-45,36-45,West Bengal,HDFC,IndusInd,Web,WiFi,22,0,SUCCESS,0,0.511711475350871,High Anomaly
TXN0000129868,2024-11-10 00:34:27,P2M,Fuel,1016,36-45,26-35,Delhi,Axis,Yes Bank,iOS,WiFi,0,1,SUCCESS,0,0.511703923411959,High Anomaly
TXN0000243309,2024-06-18 12:08:42,Bill Payment,Utilities,509,36-45,36-45,Telangana,ICICI,ICICI,Web,3G,12,0,SUCCESS,0,0.5117018635233691,High Anomaly
TXN0000205605,2024-01-28 11:21:32,P2P,Entertainment,193,56+,46-55,Karnataka,SBI,PNB,Web,5G,11,1,SUCCESS,0,0.5116937487937709,High Anomaly
TXN0000242038,2024-01-13 05:25:46,Recharge,Utilities,1048,18-25,56+,Uttar Pradesh,HDFC,HDFC,Android,5G,5,1,SUCCESS,0,0.5116908549039504,High Anomaly
TXN0000188148,2024-09-26 07:12:09,P2M,Transport,292,46-55,18-25,Uttar Pradesh,ICICI,PNB,Web,WiFi,7,0,SUCCESS,0,0.5116891536751955,High Anomaly
TXN0000148853,2024-09-20 09:14:04,P2M,Other,225,56+,36-45,Gujarat,Axis,HDFC,Web,WiFi,9,0,SUCCESS,0,0.5116860088806722,High Anomaly
TXN0000119524,2024-05-31 20:01:46,Recharge,Shopping,652,26-35,56+,Rajasthan,Axis,ICICI,Web,4G,20,0,SUCCESS,0,0.5116820615923016,High Anomaly
TXN0000109287,2024-04-30 12:22:11,Bill Payment,Fuel,2887,18-25,56+,Tamil Nadu,HDFC,IndusInd,iOS,5G,12,0,SUCCESS,0,0.5116817165724752,High Anomaly
TXN0000135526,2024-02-25 20:05:22,P2M,Shopping,2564,56+,36-45,Rajasthan,SBI,Yes Bank,iOS,WiFi,20,1,SUCCESS,0,0.5116717181551395,High Anomaly
TXN0000233012,2024-11-23 17:46:42,P2M,Grocery,705,26-35,56+,Tamil Nadu,SBI,IndusInd,Web,WiFi,17,1,SUCCESS,0,0.511667200469848,High Anomaly
TXN0000217999,2024-09-29 21:28:07,Bill Payment,Transport,51,56+,26-35,Karnataka,HDFC,PNB,iOS,4G,21,1,SUCCESS,0,0.5116659195789708,High Anomaly
TXN0000004842,2024-02-25 10:45:40,Bill Payment,Education,1983,26-35,36-45,Uttar Pradesh,IndusInd,IndusInd,Web,4G,10,1,SUCCESS,0,0.5116629543071627,High Anomaly
TXN0000208243,2024-01-13 23:49:48,P2M,Transport,90,18-25,36-45,Telangana,PNB,PNB,iOS,WiFi,23,1,SUCCESS,0,0.5116567543048005,High Anomaly
TXN0000207875,2024-11-08 10:40:28,Recharge,Shopping,12764,18-25,46-55,Telangana,HDFC,Axis,iOS,5G,10,0,SUCCESS,0,0.5116545374402945,High Anomaly
TXN0000032844,2024-08-21 22:20:44,P2M,Utilities,2593,18-25,36-45,Karnataka,Kotak,IndusInd,iOS,WiFi,22,0,SUCCESS,0,0.5116459633787377,High Anomaly
TXN0000086296,2024-10-19 21:35:39,Recharge,Healthcare,355,26-35,18-25,Maharashtra,HDFC,Kotak,Web,5G,21,1,SUCCESS,0,0.5116354570328432,High Anomaly
TXN0000134112,2024-07-26 09:01:21,Bill Payment,Shopping,3042,46-55,56+,Maharashtra,Axis,Yes Bank,Android,WiFi,9,0,SUCCESS,0,0.5116302677981015,High Anomaly
TXN0000127786,2024-01-20 20:47:18,Bill Payment,Utilities,427,26-35,46-55,Uttar Pradesh,ICICI,HDFC,iOS,3G,20,1,SUCCESS,0,0.5116129839390929,High Anomaly
TXN0000006876,2024-06-22 08:51:39,P2M,Fuel,2079,36-45,36-45,Delhi,ICICI,Axis,iOS,3G,8,1,SUCCESS,0,0.5116127053063615,High Anomaly
TXN0000069990,2024-12-26 06:34:00,P2P,Fuel,347,36-45,46-55,Karnataka,Yes Bank,PNB,iOS,WiFi,6,0,SUCCESS,0,0.511601054214322,High Anomaly
TXN0000223349,2024-07-22 22:17:24,P2M,Other,254,36-45,56+,Telangana,ICICI,Kotak,Web,4G,22,0,FAILED,0,0.5115915736283442,High Anomaly
TXN0000077134,2024-07-28 21:58:49,Bill Payment,Grocery,3072,36-45,18-25,West Bengal,ICICI,Yes Bank,iOS,3G,21,1,SUCCESS,0,0.5115909711442354,High Anomaly
TXN0000231321,2024-12-08 17:35:23,Recharge,Other,531,46-55,36-45,Rajasthan,PNB,PNB,Android,3G,17,1,SUCCESS,0,0.5115877217225923,High Anomaly
TXN0000104489,2024-06-20 08:58:01,P2M,Healthcare,349,26-35,18-25,Gujarat,ICICI,PNB,iOS,3G,8,0,SUCCESS,0,0.5115871633443339,High Anomaly
TXN0000219877,2024-05-18 12:15:07,Recharge,Grocery,1418,18-25,26-35,Andhra Pradesh,Kotak,IndusInd,Web,4G,12,1,SUCCESS,0,0.5115822598679128,High Anomaly
TXN0000134298,2024-03-21 22:34:36,P2P,Other,1572,26-35,56+,Gujarat,SBI,PNB,Web,WiFi,22,0,SUCCESS,0,0.5115816602547764,High Anomaly
TXN0000164327,2024-02-02 07:33:50,Bill Payment,Shopping,1913,18-25,56+,Telangana,ICICI,Yes Bank,iOS,4G,7,0,SUCCESS,0,0.5115799657522041,High Anomaly
TXN0000150074,2024-06-25 21:13:27,P2M,Healthcare,298,18-25,56+,Rajasthan,SBI,Yes Bank,iOS,WiFi,21,0,SUCCESS,0,0.5115779195543936,High Anomaly
TXN0000078240,2024-07-25 21:48:17,P2M,Utilities,177,26-35,46-55,Telangana,HDFC,Kotak,Web,WiFi,21,0,SUCCESS,0,0.5115774736547677,High Anomaly
TXN0000121362,2024-06-18 09:25:49,P2M,Fuel,1192,18-25,46-55,Telangana,Kotak,Yes Bank,iOS,5G,9,0,SUCCESS,0,0.5115767516805434,High Anomaly
TXN0000038084,2024-12-29 03:59:20,Bill Payment,Grocery,2469,46-55,26-35,Tamil Nadu,SBI,HDFC,Web,5G,3,1,FAILED,0,0.5115714232084813,High Anomaly
TXN0000180513,2024-05-14 18:53:07,Recharge,Other,242,46-55,46-55,Uttar Pradesh,Yes Bank,HDFC,iOS,3G,18,0,SUCCESS,0,0.5115659820422774,High Anomaly
TXN0000012922,2024-07-06 16:00:27,P2M,Education,13782,18-25,46-55,Karnataka,SBI,Axis,iOS,WiFi,16,1,SUCCESS,0,0.5115638081643309,High Anomaly
TXN0000034269,2024-10-25 20:30:05,P2M,Entertainment,428,56+,26-35,Telangana,ICICI,Axis,Web,5G,20,0,SUCCESS,0,0.5115589891669461,High Anomaly
TXN0000026655,2024-04-04 00:07:57,P2P,Healthcare,1311,56+,26-35,Andhra Pradesh,HDFC,ICICI,iOS,3G,0,0,SUCCESS,0,0.5115562271995948,High Anomaly
TXN0000038967,2024-06-14 17:04:51,P2M,Transport,107,46-55,18-25,Karnataka,Yes Bank,ICICI,Web,WiFi,17,0,SUCCESS,0,0.5115497515510063,High Anomaly
TXN0000211641,2024-11-12 22:05:34,Bill Payment,Healthcare,436,36-45,36-45,Delhi,PNB,PNB,Web,5G,22,0,SUCCESS,0,0.5115485645333405,High Anomaly
TXN0000124806,2024-03-18 23:41:58,P2P,Healthcare,620,46-55,46-55,Telangana,ICICI,SBI,iOS,WiFi,23,0,SUCCESS,0,0.5115482539002519,High Anomaly
TXN0000043141,2024-04-29 14:07:11,Bill Payment,Grocery,561,26-35,56+,Gujarat,PNB,Axis,Web,5G,14,0,SUCCESS,0,0.5115470188756946,High Anomaly
TXN0000191125,2024-08-29 09:23:57,P2M,Healthcare,668,56+,26-35,Telangana,HDFC,HDFC,iOS,WiFi,9,0,SUCCESS,0,0.5115404061506525,High Anomaly
TXN0000209963,2024-04-30 08:39:45,Bill Payment,Fuel,3027,46-55,18-25,Delhi,ICICI,Yes Bank,iOS,5G,8,0,SUCCESS,0,0.5115348709394253,High Anomaly
TXN0000035158,2024-06-08 13:55:04,P2M,Other,159,46-55,26-35,Uttar Pradesh,HDFC,PNB,Web,3G,13,1,SUCCESS,0,0.5115319182450541,High Anomaly
TXN0000148829,2024-09-25 16:29:17,P2M,Fuel,1497,36-45,36-45,Tamil Nadu,Axis,HDFC,Web,WiFi,16,0,SUCCESS,0,0.5115295529964231,High Anomaly
TXN0000106981,2024-03-03 05:10:59,Bill Payment,Fuel,475,36-45,18-25,Maharashtra,SBI,PNB,iOS,WiFi,5,1,SUCCESS,0,0.5115269703208557,High Anomaly
TXN0000125676,2024-04-20 21:17:47,P2P,Grocery,663,56+,56+,Gujarat,Axis,ICICI,Android,3G,21,1,SUCCESS,0,0.5115266214663814,High Anomaly
TXN0000060037,2024-05-29 19:22:28,P2M,Utilities,258,26-35,56+,Rajasthan,PNB,IndusInd,Web,WiFi,19,0,SUCCESS,0,0.5115223390941133,High Anomaly
TXN0000049916,2024-10-11 12:15:50,Recharge,Fuel,539,26-35,18-25,Telangana,Kotak,IndusInd,iOS,5G,12,0,SUCCESS,0,0.5115200823095083,High Anomaly
TXN0000060916,2024-09-28 08:15:59,P2M,Fuel,470,46-55,36-45,Gujarat,PNB,PNB,iOS,WiFi,8,1,SUCCESS,0,0.5115110753632948,High Anomaly
TXN0000079936,2024-07-29 19:58:51,P2M,Utilities,11370,46-55,46-55,Tamil Nadu,SBI,Axis,iOS,WiFi,19,0,FAILED,0,0.5114983547907751,High Anomaly
TXN0000184640,2024-05-12 20:41:18,P2M,Education,2330,56+,26-35,West Bengal,SBI,ICICI,iOS,WiFi,20,1,SUCCESS,0,0.5114963236588846,High Anomaly
TXN0000027595,2024-02-12 16:11:38,P2P,Utilities,1054,36-45,36-45,Tamil Nadu,Axis,Yes Bank,Web,WiFi,16,0,SUCCESS,0,0.5114939864645144,High Anomaly
TXN0000156507,2024-07-24 08:03:36,Bill Payment,Transport,339,56+,46-55,Karnataka,ICICI,ICICI,Android,3G,8,0,SUCCESS,0,0.5114881348621735,High Anomaly
TXN0000114877,2024-06-22 11:19:24,Bill Payment,Grocery,348,26-35,26-35,Telangana,PNB,Kotak,Web,3G,11,1,SUCCESS,0,0.5114801750693053,High Anomaly
TXN0000062941,2024-04-14 18:50:54,P2M,Entertainment,293,46-55,36-45,Tamil Nadu,Yes Bank,IndusInd,iOS,WiFi,18,1,FAILED,0,0.5114769186695592,High Anomaly
TXN0000021708,2024-11-21 08:56:47,P2M,Healthcare,142,36-45,56+,Delhi,SBI,HDFC,iOS,3G,8,0,SUCCESS,0,0.5114683493204409,High Anomaly
TXN0000119365,2024-04-07 13:05:52,Bill Payment,Entertainment,327,18-25,46-55,Uttar Pradesh,HDFC,Yes Bank,iOS,5G,13,1,SUCCESS,0,0.5114679310597727,High Anomaly
TXN0000009842,2024-06-12 23:54:27,P2P,Education,3565,56+,36-45,Uttar Pradesh,Kotak,Kotak,Android,3G,23,0,SUCCESS,0,0.5114650810537266,High Anomaly
TXN0000057928,2024-04-26 12:41:29,Recharge,Transport,926,46-55,26-35,Maharashtra,HDFC,Yes Bank,Web,5G,12,0,SUCCESS,0,0.5114632375856387,High Anomaly
TXN0000064395,2024-06-24 01:49:50,P2P,Utilities,2720,46-55,46-55,Telangana,SBI,PNB,Web,4G,1,0,FAILED,0,0.511456379103755,High Anomaly
TXN0000154829,2024-04-13 19:21:40,Recharge,Food,104,18-25,18-25,Maharashtra,Yes Bank,Yes Bank,Web,4G,19,1,SUCCESS,0,0.5114538614173851,High Anomaly
TXN0000117672,2024-03-15 12:16:49,Bill Payment,Fuel,316,56+,36-45,Rajasthan,IndusInd,Kotak,Web,4G,12,0,SUCCESS,0,0.5114496674888009,High Anomaly
TXN0000122740,2024-06-19 19:54:20,Bill Payment,Food,93,56+,36-45,West Bengal,IndusInd,SBI,iOS,WiFi,19,0,SUCCESS,0,0.511433927478912,High Anomaly
TXN0000229167,2024-05-18 05:36:30,Recharge,Fuel,420,56+,26-35,Maharashtra,ICICI,ICICI,Android,WiFi,5,1,SUCCESS,0,0.5114336450931268,High Anomaly
TXN0000168705,2024-10-18 07:47:24,P2M,Grocery,214,18-25,18-25,Maharashtra,Kotak,IndusInd,Web,WiFi,7,0,SUCCESS,0,0.5114334735631325,High Anomaly
TXN0000186168,2024-04-17 18:47:43,Bill Payment,Shopping,5500,18-25,46-55,Maharashtra,Yes Bank,Kotak,iOS,WiFi,18,0,SUCCESS,0,0.5114323376915766,High Anomaly
TXN0000119212,2024-03-16 11:04:38,P2P,Fuel,2198,26-35,18-25,Andhra Pradesh,Kotak,PNB,Web,5G,11,1,SUCCESS,0,0.5114314764241525,High Anomaly
TXN0000164650,2024-12-21 12:39:07,Bill Payment,Other,187,18-25,36-45,Maharashtra,PNB,HDFC,Web,WiFi,12,1,SUCCESS,0,0.5114239184934847,High Anomaly
TXN0000024965,2024-01-27 15:51:28,P2P,Transport,103,56+,26-35,Maharashtra,Kotak,SBI,Web,WiFi,15,1,SUCCESS,0,0.5114172987271074,High Anomaly
TXN0000116683,2024-05-05 20:48:25,P2M,Fuel,1112,26-35,56+,Andhra Pradesh,Axis,ICICI,iOS,WiFi,20,1,SUCCESS,0,0.5114151090969824,High Anomaly
TXN0000149861,2024-08-19 09:38:40,P2M,Grocery,2240,36-45,56+,Delhi,Kotak,ICICI,iOS,WiFi,9,0,SUCCESS,0,0.5114121734609848,High Anomaly
TXN0000229776,2024-08-25 07:02:10,Bill Payment,Grocery,621,18-25,36-45,Delhi,ICICI,PNB,iOS,WiFi,7,1,SUCCESS,0,0.5114086466023109,High Anomaly
TXN0000160004,2024-09-04 09:46:23,P2M,Shopping,2048,26-35,18-25,Andhra Pradesh,SBI,Axis,Web,3G,9,0,SUCCESS,0,0.5114014969081114,High Anomaly
TXN0000137034,2024-08-31 18:58:54,Bill Payment,Entertainment,948,26-35,18-25,Tamil Nadu,Yes Bank,PNB,iOS,WiFi,18,1,SUCCESS,0,0.5113998106539841,High Anomaly
TXN0000190140,2024-11-05 18:23:02,P2M,Other,645,56+,36-45,Maharashtra,Axis,PNB,iOS,WiFi,18,0,SUCCESS,0,0.5113910513935169,High Anomaly
TXN0000182290,2024-11-02 10:58:50,P2M,Food,162,26-35,46-55,Rajasthan,HDFC,Kotak,iOS,WiFi,10,1,FAILED,0,0.5113905694574966,High Anomaly
TXN0000186661,2024-06-15 09:07:38,Recharge,Utilities,9448,26-35,18-25,Andhra Pradesh,Yes Bank,PNB,Android,3G,9,1,SUCCESS,0,0.5113873651727746,High Anomaly
TXN0000145942,2024-04-28 22:26:08,Bill Payment,Grocery,5010,36-45,56+,Andhra Pradesh,ICICI,IndusInd,Android,5G,22,1,SUCCESS,0,0.5113791208262731,High Anomaly
TXN0000132468,2024-07-21 18:49:36,P2P,Transport,72,56+,26-35,Karnataka,HDFC,SBI,iOS,3G,18,1,SUCCESS,0,0.5113733275120901,High Anomaly
TXN0000214893,2024-10-02 17:08:03,P2P,Utilities,2751,18-25,56+,Karnataka,ICICI,PNB,iOS,WiFi,17,0,SUCCESS,0,0.5113709838610621,High Anomaly
TXN0000000254,2024-03-14 10:20:18,Recharge,Transport,619,26-35,18-25,West Bengal,IndusInd,IndusInd,iOS,WiFi,10,0,SUCCESS,0,0.5113692788031874,High Anomaly
TXN0000162003,2024-08-14 21:12:17,Recharge,Transport,339,18-25,18-25,Maharashtra,Kotak,Yes Bank,Web,5G,21,0,SUCCESS,0,0.5113680199711579,High Anomaly
TXN0000147490,2024-03-09 22:44:01,P2M,Education,1600,18-25,18-25,Karnataka,PNB,Yes Bank,Web,5G,22,1,SUCCESS,0,0.5113640878248528,High Anomaly
TXN0000187210,2024-03-17 22:43:44,Bill Payment,Grocery,1862,26-35,26-35,Andhra Pradesh,Yes Bank,HDFC,Web,WiFi,22,1,SUCCESS,0,0.5113597134375806,High Anomaly
TXN0000151695,2024-10-11 07:44:37,Bill Payment,Healthcare,364,36-45,46-55,Gujarat,ICICI,IndusInd,iOS,5G,7,0,SUCCESS,0,0.5113587691107593,High Anomaly
TXN0000015595,2024-05-18 10:48:14,Recharge,Grocery,303,46-55,36-45,Rajasthan,Axis,PNB,Android,WiFi,10,1,SUCCESS,0,0.5113570471025942,High Anomaly
TXN0000162055,2024-06-03 17:59:53,Recharge,Education,6065,36-45,18-25,Andhra Pradesh,Yes Bank,Yes Bank,Web,4G,17,0,SUCCESS,0,0.5113536509033658,High Anomaly
TXN0000236201,2024-03-18 08:12:29,P2P,Utilities,2039,56+,46-55,Karnataka,SBI,IndusInd,iOS,WiFi,8,0,SUCCESS,0,0.5113500169807029,High Anomaly
TXN0000246217,2024-07-13 19:09:33,Recharge,Fuel,622,46-55,36-45,Gujarat,IndusInd,Axis,Android,WiFi,19,1,SUCCESS,0,0.5113482432877747,High Anomaly
TXN0000085358,2024-06-08 10:35:30,Bill Payment,Other,503,36-45,46-55,Maharashtra,IndusInd,ICICI,Web,5G,10,1,SUCCESS,0,0.5113284496681779,High Anomaly
TXN0000076807,2024-06-11 08:44:58,Bill Payment,Shopping,1136,46-55,46-55,Rajasthan,IndusInd,HDFC,iOS,5G,8,0,SUCCESS,0,0.5113260833764433,High Anomaly
TXN0000021753,2024-04-17 07:08:40,P2M,Healthcare,130,18-25,26-35,Uttar Pradesh,Yes Bank,Yes Bank,Web,5G,7,0,SUCCESS,0,0.5113204433772243,High Anomaly
TXN0000196646,2024-10-05 12:56:07,P2P,Other,3913,26-35,46-55,Tamil Nadu,PNB,Yes Bank,Web,5G,12,1,FAILED,0,0.5113201703598571,High Anomaly
TXN0000047590,2024-12-06 15:13:24,Bill Payment,Food,394,36-45,46-55,Telangana,Kotak,Yes Bank,iOS,WiFi,15,0,SUCCESS,0,0.5113194732468299,High Anomaly
TXN0000084744,2024-05-24 13:51:02,Bill Payment,Shopping,6611,46-55,18-25,West Bengal,Axis,ICICI,iOS,WiFi,13,0,SUCCESS,0,0.5113102913484298,High Anomaly
TXN0000135433,2024-06-24 08:28:26,P2P,Other,535,46-55,46-55,Uttar Pradesh,Axis,Kotak,iOS,WiFi,8,0,SUCCESS,0,0.5113070462323939,High Anomaly
TXN0000142481,2024-08-24 23:02:08,P2M,Food,1969,26-35,26-35,Telangana,ICICI,IndusInd,Web,WiFi,23,1,SUCCESS,0,0.5113059093692403,High Anomaly
TXN0000237121,2024-02-20 14:09:22,Recharge,Shopping,766,46-55,46-55,Rajasthan,Kotak,IndusInd,iOS,4G,14,0,SUCCESS,0,0.5113053854906485,High Anomaly
TXN0000104360,2024-04-13 20:32:09,Recharge,Food,103,18-25,18-25,Karnataka,PNB,HDFC,Web,4G,20,1,SUCCESS,0,0.5113052937314309,High Anomaly
TXN0000043052,2024-03-23 08:07:39,Recharge,Shopping,720,26-35,56+,West Bengal,ICICI,SBI,iOS,5G,8,1,SUCCESS,0,0.5113010018254845,High Anomaly
TXN0000050576,2024-10-05 17:35:38,Bill Payment,Food,134,56+,26-35,Rajasthan,PNB,Yes Bank,iOS,5G,17,1,SUCCESS,0,0.5113006482471978,High Anomaly
TXN0000124569,2024-12-30 08:40:38,P2P,Fuel,832,36-45,18-25,Andhra Pradesh,SBI,Axis,Web,3G,8,0,SUCCESS,0,0.5112961098329815,High Anomaly
TXN0000114996,2024-08-31 09:04:13,Bill Payment,Transport,160,18-25,56+,Karnataka,Yes Bank,HDFC,iOS,5G,9,1,SUCCESS,0,0.5112904461445722,High Anomaly
TXN0000001159,2024-06-15 00:05:57,P2M,Fuel,745,46-55,56+,Uttar Pradesh,ICICI,Axis,Android,3G,0,1,SUCCESS,0,0.5112784039594385,High Anomaly
TXN0000006252,2024-04-13 14:33:09,Bill Payment,Transport,491,26-35,26-35,Tamil Nadu,Axis,PNB,iOS,WiFi,14,1,SUCCESS,0,0.5112779338658642,High Anomaly
TXN0000128456,2024-07-17 08:30:26,P2P,Shopping,7371,46-55,36-45,Karnataka,PNB,Axis,iOS,WiFi,8,0,SUCCESS,0,0.5112663432991238,High Anomaly
TXN0000180807,2024-04-28 18:13:56,P2P,Fuel,1218,46-55,18-25,Rajasthan,ICICI,Yes Bank,Web,5G,18,1,SUCCESS,0,0.5112633947115875,High Anomaly
TXN0000202080,2024-06-29 01:06:56,Bill Payment,Shopping,99,46-55,18-25,Tamil Nadu,Yes Bank,HDFC,iOS,5G,1,1,SUCCESS,0,0.5112598876284097,High Anomaly
TXN0000115668,2024-02-23 12:51:09,Bill Payment,Healthcare,203,26-35,46-55,Maharashtra,ICICI,HDFC,iOS,WiFi,12,0,SUCCESS,0,0.5112509959281643,High Anomaly
TXN0000189303,2024-03-28 07:16:05,Bill Payment,Other,135,46-55,46-55,Andhra Pradesh,Yes Bank,IndusInd,Android,WiFi,7,0,SUCCESS,0,0.511231288807461,High Anomaly
TXN0000243494,2024-01-04 15:55:04,P2P,Healthcare,255,46-55,56+,Rajasthan,ICICI,Axis,iOS,WiFi,15,0,SUCCESS,0,0.5112272372977228,High Anomaly
TXN0000038581,2024-07-23 15:31:32,P2M,Transport,292,36-45,36-45,Karnataka,Yes Bank,HDFC,Web,WiFi,15,0,SUCCESS,0,0.5112176801936987,High Anomaly
TXN0000074798,2024-03-27 12:29:48,Recharge,Entertainment,395,56+,26-35,Maharashtra,Kotak,PNB,iOS,4G,12,0,SUCCESS,0,0.5111995256609024,High Anomaly
TXN0000068019,2024-02-05 09:13:38,Bill Payment,Grocery,996,26-35,56+,Gujarat,Yes Bank,Yes Bank,iOS,3G,9,0,SUCCESS,0,0.5111974170189961,High Anomaly
TXN0000185969,2024-12-02 04:00:04,Bill Payment,Shopping,5389,36-45,46-55,Telangana,Yes Bank,Axis,Android,WiFi,4,0,SUCCESS,0,0.5111965473808167,High Anomaly
TXN0000073854,2024-06-05 09:43:59,Recharge,Other,935,36-45,26-35,Andhra Pradesh,Axis,Yes Bank,Web,5G,9,0,SUCCESS,0,0.5111950290496288,High Anomaly
TXN0000058406,2024-03-14 18:12:30,P2M,Entertainment,77,46-55,26-35,Maharashtra,PNB,IndusInd,Web,WiFi,18,0,SUCCESS,0,0.5111904302053045,High Anomaly
TXN0000212699,2024-12-08 08:12:41,Recharge,Utilities,5742,36-45,18-25,Tamil Nadu,Kotak,SBI,Web,4G,8,1,SUCCESS,0,0.5111899200671074,High Anomaly
TXN0000200099,2024-06-21 08:53:17,Recharge,Grocery,153,46-55,18-25,Karnataka,PNB,Axis,Web,4G,8,0,SUCCESS,0,0.5111800798659653,High Anomaly
TXN0000215261,2024-03-23 20:01:45,Bill Payment,Other,175,36-45,36-45,Rajasthan,Kotak,Axis,iOS,3G,20,1,SUCCESS,0,0.5111753640314107,High Anomaly
TXN0000003128,2024-01-27 21:44:37,P2P,Transport,332,56+,18-25,Andhra Pradesh,Axis,Yes Bank,iOS,WiFi,21,1,SUCCESS,0,0.5111732038904737,High Anomaly
TXN0000032558,2024-09-02 15:09:43,P2M,Grocery,2058,46-55,36-45,Andhra Pradesh,ICICI,Yes Bank,Web,WiFi,15,0,SUCCESS,0,0.5111711569291517,High Anomaly
TXN0000229169,2024-02-08 22:07:57,Bill Payment,Other,938,46-55,46-55,Tamil Nadu,Axis,HDFC,Android,WiFi,22,0,SUCCESS,0,0.5111669507211163,High Anomaly
TXN0000079327,2024-01-02 11:15:36,P2M,Education,1787,46-55,18-25,West Bengal,PNB,ICICI,iOS,WiFi,11,0,SUCCESS,0,0.5111645044980185,High Anomaly
TXN0000110341,2024-12-07 13:03:15,Recharge,Healthcare,274,46-55,26-35,Rajasthan,ICICI,SBI,Android,3G,13,1,SUCCESS,0,0.5111636477368323,High Anomaly
TXN0000007027,2024-07-27 02:30:57,P2M,Utilities,2728,56+,26-35,Uttar Pradesh,HDFC,Kotak,Web,4G,2,1,SUCCESS,0,0.5111612691735525,High Anomaly
TXN0000161526,2024-01-20 08:30:29,P2M,Healthcare,1107,56+,26-35,Rajasthan,ICICI,Kotak,iOS,5G,8,1,FAILED,0,0.5111586503676284,High Anomaly
TXN0000044097,2024-12-01 00:24:54,Bill Payment,Utilities,466,46-55,18-25,Rajasthan,PNB,SBI,Web,4G,0,1,SUCCESS,0,0.5111554517116281,High Anomaly
TXN0000031664,2024-02-23 06:28:30,P2M,Fuel,972,56+,36-45,West Bengal,ICICI,SBI,iOS,WiFi,6,0,SUCCESS,0,0.5111316710286705,High Anomaly
TXN0000078317,2024-10-09 17:03:08,P2M,Entertainment,153,56+,18-25,Uttar Pradesh,PNB,Kotak,iOS,3G,17,0,SUCCESS,0,0.5111309695821776,High Anomaly
TXN0000036251,2024-08-25 12:01:10,Bill Payment,Utilities,355,18-25,18-25,Gujarat,IndusInd,IndusInd,iOS,5G,12,1,SUCCESS,0,0.5111260107780989,High Anomaly
TXN0000135218,2024-05-14 08:13:47,Recharge,Shopping,631,26-35,36-45,Gujarat,Axis,Yes Bank,iOS,WiFi,8,0,SUCCESS,0,0.5111215244434523,High Anomaly
TXN0000189554,2024-01-06 15:59:26,P2M,Shopping,215,26-35,26-35,Gujarat,SBI,HDFC,Web,3G,15,1,SUCCESS,0,0.5111214207012057,High Anomaly
TXN0000048075,2024-12-09 17:00:16,P2P,Transport,27,56+,18-25,Gujarat,ICICI,Yes Bank,Web,WiFi,17,0,SUCCESS,0,0.5111188801054627,High Anomaly
TXN0000134630,2024-05-23 09:44:35,P2M,Other,90,46-55,36-45,Gujarat,Yes Bank,Kotak,iOS,WiFi,9,0,SUCCESS,0,0.5111188204533197,High Anomaly
TXN0000210997,2024-12-21 11:38:50,Bill Payment,Grocery,2315,18-25,26-35,Rajasthan,IndusInd,PNB,iOS,3G,11,1,SUCCESS,0,0.5111181722342754,High Anomaly
TXN0000170341,2024-06-17 02:08:55,P2P,Transport,36,18-25,56+,Andhra Pradesh,IndusInd,PNB,iOS,4G,2,0,SUCCESS,0,0.5111096049710673,High Anomaly
TXN0000231362,2024-12-07 20:46:00,P2P,Shopping,214,46-55,46-55,Telangana,ICICI,SBI,Web,5G,20,1,SUCCESS,0,0.5110981621283402,High Anomaly
TXN0000184857,2024-08-19 14:11:42,P2M,Fuel,3413,36-45,56+,Andhra Pradesh,Yes Bank,SBI,iOS,WiFi,14,0,SUCCESS,0,0.5110899369752757,High Anomaly
TXN0000147776,2024-05-04 21:58:13,P2P,Shopping,498,18-25,46-55,Rajasthan,Axis,PNB,iOS,WiFi,21,1,SUCCESS,0,0.5110849872948143,High Anomaly
TXN0000035530,2024-05-25 11:32:40,Recharge,Education,5435,46-55,36-45,Andhra Pradesh,ICICI,ICICI,iOS,4G,11,1,SUCCESS,0,0.5110834410953796,High Anomaly
TXN0000140080,2024-03-29 20:28:52,Recharge,Education,17527,36-45,36-45,Uttar Pradesh,IndusInd,PNB,Android,WiFi,20,0,SUCCESS,0,0.5110827820061844,High Anomaly
TXN0000080659,2024-04-28 12:05:54,P2P,Grocery,477,56+,18-25,West Bengal,ICICI,PNB,iOS,WiFi,12,1,SUCCESS,0,0.5110813854025662,High Anomaly
TXN0000135946,2024-04-20 07:52:22,P2P,Shopping,3704,36-45,56+,West Bengal,PNB,PNB,iOS,5G,7,1,SUCCESS,0,0.5110800301151117,High Anomaly
TXN0000223500,2024-08-30 11:41:36,P2M,Entertainment,144,56+,36-45,Karnataka,IndusInd,Yes Bank,Web,5G,11,0,SUCCESS,0,0.5110794822341614,High Anomaly
TXN0000028747,2024-11-23 10:22:15,Bill Payment,Transport,65,26-35,26-35,Karnataka,ICICI,ICICI,iOS,WiFi,10,1,SUCCESS,0,0.511078354949095,High Anomaly
TXN0000248618,2024-02-24 08:21:23,Bill Payment,Entertainment,397,46-55,18-25,Gujarat,Axis,HDFC,Web,4G,8,1,SUCCESS,0,0.5110763163761617,High Anomaly
TXN0000198518,2024-07-05 18:09:08,Recharge,Utilities,1957,18-25,26-35,Uttar Pradesh,Kotak,Yes Bank,Web,5G,18,0,SUCCESS,0,0.5110749976751652,High Anomaly
TXN0000205930,2024-01-02 11:04:15,Recharge,Fuel,4020,46-55,18-25,Karnataka,IndusInd,SBI,Web,4G,11,0,SUCCESS,0,0.5110732248073868,High Anomaly
TXN0000090624,2024-01-07 11:47:34,Bill Payment,Transport,69,26-35,26-35,Gujarat,SBI,Yes Bank,Web,3G,11,1,SUCCESS,0,0.5110682834540345,High Anomaly
TXN0000093195,2024-11-23 06:41:21,Bill Payment,Food,110,36-45,46-55,Uttar Pradesh,SBI,Yes Bank,Web,4G,6,1,SUCCESS,0,0.5110655261717187,High Anomaly
TXN0000162124,2024-11-18 19:55:11,P2M,Grocery,243,56+,46-55,Tamil Nadu,HDFC,ICICI,iOS,WiFi,19,0,SUCCESS,0,0.5110628985634024,High Anomaly
TXN0000141454,2024-05-20 20:02:18,P2M,Shopping,342,46-55,46-55,Telangana,SBI,ICICI,Web,5G,20,0,SUCCESS,0,0.5110582890307537,High Anomaly
TXN0000243464,2024-09-14 05:04:34,P2P,Entertainment,465,26-35,18-25,Tamil Nadu,Kotak,SBI,Web,3G,5,1,SUCCESS,0,0.5110546335910863,High Anomaly
TXN0000054805,2024-04-09 17:45:31,P2M,Fuel,3087,56+,36-45,Karnataka,SBI,HDFC,Web,3G,17,0,SUCCESS,0,0.5110527544161046,High Anomaly
TXN0000212499,2024-12-07 11:21:03,Recharge,Grocery,267,18-25,26-35,Karnataka,Kotak,IndusInd,iOS,WiFi,11,1,SUCCESS,0,0.5110523363463679,High Anomaly
TXN0000234202,2024-03-29 17:25:55,Recharge,Food,287,36-45,36-45,Gujarat,HDFC,Axis,Web,5G,17,0,SUCCESS,0,0.5110397505023482,High Anomaly
TXN0000150411,2024-12-28 20:54:42,P2P,Entertainment,157,18-25,56+,Delhi,Yes Bank,HDFC,iOS,3G,20,1,SUCCESS,0,0.5110188509161376,High Anomaly
TXN0000235570,2024-08-13 07:33:40,Recharge,Shopping,355,56+,26-35,Gujarat,PNB,SBI,iOS,4G,7,0,SUCCESS,0,0.5110071701760925,High Anomaly
TXN0000136877,2024-07-04 21:25:11,P2M,Food,347,18-25,56+,Maharashtra,Axis,Axis,Web,WiFi,21,0,SUCCESS,0,0.5110002372563016,High Anomaly
TXN0000022932,2024-01-25 08:07:29,Bill Payment,Education,2058,56+,18-25,Karnataka,Axis,Kotak,iOS,4G,8,0,SUCCESS,0,0.5109936236696933,High Anomaly
TXN0000146920,2024-09-06 21:55:33,Recharge,Transport,46,56+,26-35,Uttar Pradesh,ICICI,HDFC,iOS,4G,21,0,SUCCESS,0,0.5109927719052146,High Anomaly
TXN0000208356,2024-11-24 12:04:59,P2M,Grocery,272,56+,46-55,Tamil Nadu,ICICI,SBI,Web,4G,12,1,SUCCESS,0,0.5109862233449418,High Anomaly
TXN0000157211,2024-03-10 12:25:51,Recharge,Transport,568,56+,46-55,Tamil Nadu,Axis,IndusInd,Android,5G,12,1,SUCCESS,0,0.510986009798674,High Anomaly
TXN0000103182,2024-07-28 00:14:05,P2P,Utilities,468,46-55,46-55,Rajasthan,ICICI,Yes Bank,Android,3G,0,1,SUCCESS,0,0.5109849826677393,High Anomaly
TXN0000109891,2024-01-08 09:39:13,P2P,Fuel,3406,56+,56+,Uttar Pradesh,Kotak,PNB,iOS,4G,9,0,SUCCESS,0,0.510982971401169,High Anomaly
TXN0000046329,2024-08-02 12:08:47,P2M,Entertainment,298,18-25,56+,Tamil Nadu,SBI,Axis,Web,5G,12,0,SUCCESS,0,0.5109812696710916,High Anomaly
TXN0000126882,2024-04-25 08:21:49,Recharge,Grocery,2029,46-55,46-55,Rajasthan,Kotak,Yes Bank,Android,WiFi,8,0,SUCCESS,0,0.510974303274908,High Anomaly
TXN0000097657,2024-01-22 11:56:19,P2M,Education,12808,46-55,26-35,West Bengal,Yes Bank,HDFC,Web,5G,11,0,SUCCESS,0,0.5109686255129027,High Anomaly
TXN0000151754,2024-02-19 17:13:24,P2P,Shopping,4535,36-45,36-45,Rajasthan,PNB,ICICI,Web,WiFi,17,0,FAILED,0,0.5109595829666392,High Anomaly
TXN0000134640,2024-03-26 10:28:51,P2M,Utilities,1881,46-55,36-45,Rajasthan,HDFC,PNB,Web,5G,10,0,SUCCESS,0,0.510958206531776,High Anomaly
TXN0000044905,2024-11-30 05:16:12,P2M,Entertainment,1362,26-35,46-55,Andhra Pradesh,IndusInd,SBI,iOS,WiFi,5,1,SUCCESS,0,0.510957050304021,High Anomaly
TXN0000220260,2024-04-06 13:04:55,P2P,Transport,83,26-35,18-25,Gujarat,PNB,Kotak,Web,WiFi,13,1,SUCCESS,0,0.5109520280575506,High Anomaly
TXN0000227397,2024-07-13 08:35:05,P2M,Transport,2947,36-45,18-25,Telangana,PNB,Axis,iOS,3G,8,1,SUCCESS,0,0.5109516890861979,High Anomaly
TXN0000088055,2024-11-24 12:44:25,P2P,Entertainment,968,18-25,56+,Maharashtra,ICICI,IndusInd,Web,5G,12,1,SUCCESS,0,0.5109481985051146,High Anomaly
TXN0000006530,2024-03-10 11:38:53,P2P,Grocery,351,18-25,36-45,Tamil Nadu,HDFC,Axis,Web,3G,11,1,SUCCESS,0,0.5109453212549733,High Anomaly
TXN0000202016,2024-10-20 10:51:42,Bill Payment,Education,2357,56+,26-35,Maharashtra,IndusInd,ICICI,iOS,5G,10,1,SUCCESS,0,0.5109410754861203,High Anomaly
TXN0000201588,2024-02-10 07:51:08,P2P,Utilities,6418,56+,36-45,West Bengal,HDFC,Kotak,iOS,5G,7,1,SUCCESS,0,0.5109390266404141,High Anomaly
TXN0000021067,2024-01-18 13:44:26,Bill Payment,Grocery,255,26-35,46-55,Rajasthan,PNB,PNB,iOS,WiFi,13,0,SUCCESS,0,0.510934015763731,High Anomaly
TXN0000149503,2024-09-14 16:31:26,Bill Payment,Other,953,36-45,18-25,Andhra Pradesh,Yes Bank,ICICI,iOS,WiFi,16,1,SUCCESS,0,0.5109284887548825,High Anomaly
TXN0000129017,2024-06-18 19:42:47,Recharge,Education,3932,36-45,26-35,Andhra Pradesh,SBI,IndusInd,Web,5G,19,0,SUCCESS,0,0.5109266322912241,High Anomaly
TXN0000149026,2024-10-05 18:16:55,Recharge,Grocery,406,56+,36-45,Gujarat,Kotak,ICICI,iOS,4G,18,1,SUCCESS,0,0.5109252698120048,High Anomaly
TXN0000164405,2024-09-29 12:13:48,P2M,Fuel,1692,46-55,46-55,Rajasthan,IndusInd,HDFC,Web,4G,12,1,SUCCESS,0,0.5109113359301544,High Anomaly
TXN0000112876,2024-07-28 12:36:54,P2P,Shopping,4281,56+,46-55,Gujarat,SBI,PNB,Web,4G,12,1,SUCCESS,0,0.5109066667461066,High Anomaly
TXN0000189756,2024-11-28 06:42:56,Recharge,Shopping,1098,36-45,18-25,Tamil Nadu,ICICI,ICICI,Web,4G,6,0,SUCCESS,0,0.5109032732364502,High Anomaly
TXN0000211245,2024-12-05 08:59:10,Recharge,Transport,49,18-25,36-45,Telangana,IndusInd,SBI,iOS,5G,8,0,SUCCESS,0,0.5109017933421941,High Anomaly
TXN0000245351,2024-08-23 21:59:59,Bill Payment,Utilities,2855,46-55,46-55,West Bengal,ICICI,Yes Bank,iOS,4G,21,0,SUCCESS,0,0.5109000028607366,High Anomaly
TXN0000045412,2024-08-17 14:50:01,P2M,Transport,65,56+,46-55,Rajasthan,IndusInd,SBI,iOS,5G,14,1,SUCCESS,0,0.5108992918945385,High Anomaly
TXN0000225932,2024-06-25 06:14:44,P2P,Grocery,76,26-35,46-55,Andhra Pradesh,ICICI,Yes Bank,Web,WiFi,6,0,SUCCESS,0,0.5108857973911456,High Anomaly
TXN0000087147,2024-09-14 16:51:43,Recharge,Other,90,36-45,36-45,Tamil Nadu,IndusInd,Axis,Android,WiFi,16,1,SUCCESS,0,0.5108836701194731,High Anomaly
TXN0000081143,2024-10-27 17:14:11,Recharge,Healthcare,402,46-55,18-25,Telangana,HDFC,HDFC,iOS,5G,17,1,SUCCESS,0,0.5108835173269949,High Anomaly
TXN0000007928,2024-04-09 20:49:46,Bill Payment,Entertainment,290,18-25,36-45,Karnataka,Kotak,ICICI,iOS,WiFi,20,0,SUCCESS,0,0.5108759140519923,High Anomaly
TXN0000121185,2024-05-24 05:40:01,P2P,Utilities,1364,26-35,18-25,West Bengal,IndusInd,ICICI,Web,WiFi,5,0,SUCCESS,0,0.510865975338906,High Anomaly
TXN0000064376,2024-09-23 18:07:24,P2P,Fuel,1824,26-35,36-45,West Bengal,Kotak,Yes Bank,Web,WiFi,18,0,SUCCESS,0,0.5108641193250225,High Anomaly
TXN0000217404,2024-07-19 19:06:43,P2M,Grocery,2798,56+,36-45,Gujarat,ICICI,PNB,Web,5G,19,0,SUCCESS,0,0.5108563538905226,High Anomaly
TXN0000081728,2024-09-01 08:36:11,Recharge,Entertainment,308,26-35,18-25,Andhra Pradesh,HDFC,Kotak,Web,4G,8,1,SUCCESS,0,0.5108547924361049,High Anomaly
TXN0000188704,2024-07-26 11:57:23,Recharge,Entertainment,122,46-55,46-55,Maharashtra,IndusInd,HDFC,Android,3G,11,0,SUCCESS,0,0.5108527089986,High Anomaly
TXN0000198595,2024-12-04 22:42:05,Recharge,Transport,59,18-25,26-35,Uttar Pradesh,Kotak,Kotak,iOS,5G,22,0,SUCCESS,0,0.5108512031415364,High Anomaly
TXN0000136924,2024-03-30 06:42:28,Bill Payment,Other,1939,46-55,18-25,Delhi,PNB,Kotak,iOS,5G,6,1,SUCCESS,0,0.5108508059553921,High Anomaly
TXN0000119702,2024-06-22 08:33:46,Bill Payment,Grocery,902,18-25,36-45,Andhra Pradesh,HDFC,IndusInd,iOS,WiFi,8,1,SUCCESS,0,0.5108441209528923,High Anomaly
TXN0000126974,2024-05-22 12:53:57,Bill Payment,Transport,353,18-25,36-45,Tamil Nadu,HDFC,PNB,iOS,WiFi,12,0,SUCCESS,0,0.5108423185160771,High Anomaly
TXN0000189930,2024-04-08 13:33:29,P2P,Shopping,85,46-55,26-35,Rajasthan,Axis,PNB,Web,5G,13,0,SUCCESS,0,0.5108422652773063,High Anomaly
TXN0000234034,2024-05-21 12:23:46,P2M,Fuel,683,46-55,46-55,Uttar Pradesh,PNB,Kotak,Web,4G,12,0,SUCCESS,0,0.510841004830169,High Anomaly
TXN0000197746,2024-05-07 07:24:04,P2P,Education,3536,36-45,46-55,Tamil Nadu,IndusInd,IndusInd,Web,4G,7,0,SUCCESS,0,0.5108384613615572,High Anomaly
TXN0000219273,2024-10-04 05:00:34,Bill Payment,Education,1434,18-25,18-25,Uttar Pradesh,Kotak,Yes Bank,Web,4G,5,0,SUCCESS,0,0.5108362100122036,High Anomaly
TXN0000169298,2024-05-28 08:52:34,P2P,Entertainment,158,18-25,46-55,Delhi,Yes Bank,PNB,iOS,WiFi,8,0,FAILED,0,0.5108356630189155,High Anomaly
TXN0000063267,2024-04-10 08:06:37,Recharge,Transport,361,26-35,36-45,Andhra Pradesh,Yes Bank,HDFC,iOS,WiFi,8,0,SUCCESS,0,0.5108319286754622,High Anomaly
TXN0000153071,2024-12-24 01:43:10,P2M,Food,85,56+,18-25,Karnataka,Kotak,PNB,iOS,5G,1,0,SUCCESS,0,0.510829933944816,High Anomaly
TXN0000221286,2024-04-17 12:04:08,P2M,Grocery,346,56+,26-35,Tamil Nadu,PNB,ICICI,Web,WiFi,12,0,SUCCESS,0,0.5108228727237734,High Anomaly
TXN0000162528,2024-09-09 17:46:30,P2M,Grocery,1776,18-25,56+,Andhra Pradesh,Kotak,Kotak,iOS,5G,17,0,SUCCESS,0,0.5108156420995881,High Anomaly
TXN0000247566,2024-05-13 09:16:39,Bill Payment,Shopping,5229,46-55,26-35,Gujarat,ICICI,PNB,iOS,5G,9,0,FAILED,0,0.510811901384369,High Anomaly
TXN0000230549,2024-12-01 11:06:19,P2P,Transport,78,56+,18-25,Telangana,Yes Bank,IndusInd,iOS,5G,11,1,SUCCESS,0,0.510809119307365,High Anomaly
TXN0000113533,2024-06-01 18:57:14,P2M,Grocery,1609,46-55,26-35,Tamil Nadu,HDFC,PNB,Web,3G,18,1,SUCCESS,0,0.5108066088400498,High Anomaly
TXN0000176485,2024-09-08 11:52:09,P2M,Utilities,6566,56+,36-45,Telangana,HDFC,Kotak,iOS,5G,11,1,SUCCESS,0,0.5107996407474664,High Anomaly
TXN0000030696,2024-08-31 09:50:51,Bill Payment,Utilities,4084,46-55,26-35,West Bengal,Kotak,Yes Bank,Android,WiFi,9,1,SUCCESS,0,0.5107993940104575,High Anomaly
TXN0000026377,2024-01-19 12:25:30,Bill Payment,Shopping,3177,46-55,56+,Rajasthan,HDFC,HDFC,Android,3G,12,0,SUCCESS,0,0.5107987800508358,High Anomaly
TXN0000190418,2024-04-20 21:47:13,Recharge,Transport,133,26-35,36-45,Uttar Pradesh,IndusInd,ICICI,iOS,5G,21,1,SUCCESS,0,0.510791200712191,High Anomaly
TXN0000028563,2024-04-28 13:38:23,Bill Payment,Grocery,679,36-45,36-45,Delhi,Kotak,ICICI,iOS,WiFi,13,1,SUCCESS,0,0.5107876834122248,High Anomaly
TXN0000056838,2024-06-02 20:59:07,P2M,Other,235,46-55,36-45,Tamil Nadu,Yes Bank,Yes Bank,iOS,WiFi,20,1,SUCCESS,0,0.51078557896602,High Anomaly
TXN0000007864,2024-12-22 14:08:25,P2M,Shopping,2310,18-25,26-35,Karnataka,Yes Bank,ICICI,Web,3G,14,1,SUCCESS,0,0.5107853171022586,High Anomaly
TXN0000032543,2024-11-02 16:45:49,P2P,Education,8227,36-45,18-25,Telangana,IndusInd,Axis,iOS,WiFi,16,1,SUCCESS,0,0.5107816317864465,High Anomaly
TXN0000141840,2024-09-07 12:02:28,Recharge,Shopping,1325,56+,46-55,Tamil Nadu,PNB,SBI,Android,4G,12,1,SUCCESS,0,0.5107788652726112,High Anomaly
TXN0000050743,2024-06-03 18:32:04,P2M,Grocery,249,18-25,36-45,West Bengal,HDFC,PNB,Web,3G,18,0,SUCCESS,0,0.5107786267725016,High Anomaly
TXN0000143125,2024-06-20 22:00:17,P2P,Grocery,163,56+,26-35,Uttar Pradesh,PNB,PNB,Web,WiFi,22,0,SUCCESS,0,0.5107746437985027,High Anomaly
TXN0000096747,2024-12-28 11:21:41,Recharge,Utilities,957,46-55,36-45,Maharashtra,Kotak,IndusInd,iOS,4G,11,1,SUCCESS,0,0.510754454184759,High Anomaly
TXN0000152446,2024-12-14 08:29:48,Bill Payment,Education,6372,46-55,26-35,Andhra Pradesh,IndusInd,SBI,Android,WiFi,8,1,SUCCESS,0,0.510737287435241,High Anomaly
TXN0000056097,2024-08-03 11:45:45,P2M,Shopping,4967,56+,26-35,Delhi,PNB,HDFC,Web,4G,11,1,SUCCESS,0,0.5107270813395638,High Anomaly
TXN0000184078,2024-02-24 06:37:23,P2M,Shopping,544,46-55,26-35,Uttar Pradesh,ICICI,PNB,Web,4G,6,1,SUCCESS,0,0.5107209942707587,High Anomaly
TXN0000192326,2024-09-14 19:05:06,Recharge,Food,214,46-55,56+,Rajasthan,SBI,SBI,iOS,4G,19,1,SUCCESS,0,0.5107189369071514,High Anomaly
TXN0000083797,2024-08-25 17:16:23,P2M,Healthcare,1587,56+,36-45,Rajasthan,Kotak,HDFC,iOS,5G,17,1,SUCCESS,0,0.5107098404272347,High Anomaly
TXN0000236786,2024-06-03 11:54:29,P2P,Utilities,8367,26-35,18-25,Gujarat,IndusInd,Kotak,Web,3G,11,0,SUCCESS,0,0.5107036520495211,High Anomaly
TXN0000126205,2024-06-08 06:11:25,Recharge,Utilities,6242,56+,18-25,Delhi,IndusInd,Axis,Android,4G,6,1,SUCCESS,0,0.5106970580321336,High Anomaly
TXN0000057294,2024-07-27 17:02:12,P2M,Entertainment,932,46-55,56+,Tamil Nadu,SBI,Axis,Web,4G,17,1,SUCCESS,0,0.5106932070454329,High Anomaly
TXN0000104434,2024-04-09 21:44:09,Recharge,Fuel,386,36-45,36-45,Delhi,Yes Bank,IndusInd,Web,5G,21,0,SUCCESS,0,0.5106718799963902,High Anomaly
TXN0000161043,2024-06-30 20:02:13,P2M,Shopping,5237,26-35,46-55,Tamil Nadu,SBI,IndusInd,Web,5G,20,1,SUCCESS,0,0.5106718565131803,High Anomaly
TXN0000030938,2024-06-23 19:08:43,Bill Payment,Other,330,56+,26-35,Uttar Pradesh,SBI,HDFC,iOS,WiFi,19,1,SUCCESS,0,0.5106715068975131,High Anomaly
TXN0000080125,2024-03-30 10:13:29,P2M,Food,200,56+,36-45,Gujarat,ICICI,SBI,iOS,WiFi,10,1,SUCCESS,0,0.5106698560055145,High Anomaly
TXN0000077546,2024-05-10 16:08:48,P2P,Food,214,46-55,56+,Delhi,Kotak,PNB,iOS,WiFi,16,0,SUCCESS,0,0.5106652568977627,High Anomaly
TXN0000218990,2024-06-10 19:42:52,P2P,Fuel,2071,56+,26-35,West Bengal,Axis,HDFC,Web,WiFi,19,0,SUCCESS,0,0.5106606922605303,High Anomaly
TXN0000208223,2024-01-03 17:01:00,Bill Payment,Entertainment,295,18-25,26-35,Uttar Pradesh,SBI,Yes Bank,Web,3G,17,0,FAILED,0,0.5106596591619641,High Anomaly
TXN0000062010,2024-12-08 08:21:16,P2M,Entertainment,115,56+,36-45,Telangana,IndusInd,HDFC,Web,4G,8,1,SUCCESS,0,0.5106566405512057,High Anomaly
TXN0000201609,2024-07-16 19:12:29,P2M,Entertainment,134,56+,46-55,Delhi,Axis,Yes Bank,Android,3G,19,0,SUCCESS,0,0.5106517021127406,High Anomaly
TXN0000226253,2024-07-04 11:59:36,Bill Payment,Fuel,1096,18-25,18-25,Karnataka,PNB,PNB,Web,5G,11,0,SUCCESS,0,0.510637230987239,High Anomaly
TXN0000126675,2024-08-24 17:27:09,P2M,Food,810,18-25,36-45,Rajasthan,HDFC,PNB,Web,WiFi,17,1,SUCCESS,0,0.510636864614828,High Anomaly
TXN0000069820,2024-01-10 09:58:08,Bill Payment,Shopping,4767,18-25,18-25,Tamil Nadu,ICICI,ICICI,iOS,WiFi,9,0,SUCCESS,0,0.5106362997535411,High Anomaly
TXN0000157394,2024-12-08 16:16:53,Recharge,Shopping,2309,36-45,18-25,Andhra Pradesh,Yes Bank,Kotak,iOS,5G,16,1,SUCCESS,0,0.5106362404379761,High Anomaly
TXN0000097030,2024-12-28 18:39:25,Recharge,Utilities,207,36-45,36-45,Telangana,Kotak,Axis,iOS,5G,18,1,SUCCESS,0,0.5106280113509661,High Anomaly
TXN0000232382,2024-11-03 18:26:21,Recharge,Other,610,26-35,56+,Maharashtra,HDFC,PNB,Android,WiFi,18,1,SUCCESS,0,0.5106231910925283,High Anomaly
TXN0000203919,2024-03-23 18:36:24,Bill Payment,Other,1108,46-55,36-45,Delhi,PNB,SBI,Web,5G,18,1,SUCCESS,0,0.5106166357579847,High Anomaly
TXN0000131438,2024-08-16 13:13:39,P2M,Shopping,1393,56+,36-45,West Bengal,HDFC,HDFC,Web,5G,13,0,SUCCESS,0,0.51060770749757,High Anomaly
TXN0000064920,2024-06-02 17:51:20,P2P,Fuel,1011,46-55,36-45,Uttar Pradesh,Kotak,PNB,iOS,3G,17,1,SUCCESS,0,0.5106074713515943,High Anomaly
TXN0000073927,2024-04-10 10:04:18,P2M,Fuel,3800,26-35,18-25,Andhra Pradesh,Yes Bank,IndusInd,Web,WiFi,10,0,SUCCESS,0,0.5106061082015715,High Anomaly
TXN0000031684,2024-04-09 07:04:18,P2M,Utilities,459,36-45,56+,Rajasthan,HDFC,Kotak,Web,4G,7,0,SUCCESS,0,0.5105970455439526,High Anomaly
TXN0000066046,2024-04-16 10:48:24,Recharge,Entertainment,220,36-45,46-55,Andhra Pradesh,IndusInd,HDFC,Android,WiFi,10,0,SUCCESS,0,0.5105936558125123,High Anomaly
TXN0000043560,2024-07-13 06:03:12,Bill Payment,Entertainment,334,26-35,26-35,Telangana,ICICI,Yes Bank,Web,4G,6,1,SUCCESS,0,0.5105911369556464,High Anomaly
TXN0000099173,2024-08-23 21:05:25,P2M,Food,204,46-55,18-25,Gujarat,Axis,PNB,iOS,3G,21,0,SUCCESS,0,0.5105897987978351,High Anomaly
TXN0000035310,2024-04-21 20:12:43,Bill Payment,Utilities,8747,46-55,26-35,Telangana,Yes Bank,PNB,iOS,4G,20,1,SUCCESS,0,0.5105758180606158,High Anomaly
TXN0000021051,2024-09-09 21:45:59,Bill Payment,Shopping,383,26-35,26-35,Andhra Pradesh,SBI,Axis,Web,WiFi,21,0,SUCCESS,0,0.5105754192890214,High Anomaly
TXN0000215720,2024-11-02 01:26:05,P2P,Other,448,26-35,46-55,Uttar Pradesh,Axis,Axis,Web,WiFi,1,1,FAILED,0,0.5105725136307052,High Anomaly
TXN0000071137,2024-01-21 11:32:33,Bill Payment,Education,4712,18-25,56+,Karnataka,ICICI,PNB,Android,4G,11,1,SUCCESS,0,0.5105674982745275,High Anomaly
TXN0000003218,2024-10-28 22:43:44,P2P,Utilities,3471,56+,56+,Rajasthan,IndusInd,PNB,Android,WiFi,22,0,SUCCESS,0,0.5105652598817044,High Anomaly
TXN0000103140,2024-03-12 14:32:10,Bill Payment,Utilities,3439,26-35,18-25,Gujarat,Axis,HDFC,Web,WiFi,14,0,SUCCESS,0,0.5105590856989342,High Anomaly
TXN0000003922,2024-03-18 03:16:23,P2P,Fuel,1019,18-25,18-25,West Bengal,Kotak,Yes Bank,iOS,3G,3,0,SUCCESS,0,0.5105530084150117,High Anomaly
TXN0000030592,2024-03-02 10:33:31,P2P,Healthcare,553,18-25,46-55,Tamil Nadu,Axis,PNB,iOS,WiFi,10,1,SUCCESS,0,0.5105437143727013,High Anomaly
TXN0000114557,2024-08-08 13:51:08,Recharge,Grocery,1574,18-25,26-35,Andhra Pradesh,HDFC,Axis,iOS,3G,13,0,SUCCESS,0,0.510543413181251,High Anomaly
TXN0000190170,2024-08-11 12:54:58,P2M,Shopping,1549,26-35,26-35,Tamil Nadu,IndusInd,Kotak,Web,WiFi,12,1,SUCCESS,0,0.51054093699192,High Anomaly
TXN0000155586,2024-01-19 16:50:05,Bill Payment,Entertainment,167,36-45,56+,Maharashtra,SBI,PNB,iOS,WiFi,16,0,SUCCESS,0,0.510538146822116,High Anomaly
TXN0000197694,2024-04-16 23:25:59,P2P,Healthcare,204,46-55,18-25,Rajasthan,ICICI,ICICI,iOS,WiFi,23,0,SUCCESS,0,0.5105378822144365,High Anomaly
TXN0000045189,2024-09-29 17:12:43,P2P,Shopping,987,46-55,56+,Uttar Pradesh,Axis,Kotak,Web,4G,17,1,FAILED,0,0.5105359960338213,High Anomaly
TXN0000179937,2024-03-21 18:39:15,P2P,Healthcare,294,26-35,46-55,Tamil Nadu,IndusInd,Yes Bank,Web,3G,18,0,SUCCESS,0,0.5105359877702296,High Anomaly
TXN0000147558,2024-10-10 10:23:44,P2P,Shopping,460,46-55,18-25,Tamil Nadu,SBI,Yes Bank,Web,3G,10,0,SUCCESS,0,0.5105321567768335,High Anomaly
TXN0000138809,2024-04-20 12:08:31,Bill Payment,Transport,755,26-35,46-55,Maharashtra,ICICI,ICICI,iOS,WiFi,12,1,SUCCESS,0,0.5105306196686141,High Anomaly
TXN0000197540,2024-08-22 11:50:04,P2P,Healthcare,584,46-55,46-55,Maharashtra,ICICI,IndusInd,Web,5G,11,0,SUCCESS,0,0.5105202553351115,High Anomaly
TXN0000244870,2024-06-29 21:02:50,P2M,Entertainment,108,46-55,36-45,Delhi,ICICI,SBI,Web,5G,21,1,SUCCESS,0,0.5105177766075372,High Anomaly
TXN0000129764,2024-10-04 09:20:35,P2P,Healthcare,878,46-55,36-45,Karnataka,Yes Bank,IndusInd,Web,5G,9,0,SUCCESS,0,0.5105162994656646,High Anomaly
TXN0000127462,2024-07-12 23:54:57,Bill Payment,Grocery,2658,56+,56+,Gujarat,SBI,SBI,Android,3G,23,0,SUCCESS,0,0.5105048692468271,High Anomaly
TXN0000111107,2024-09-06 16:54:29,P2M,Shopping,2532,46-55,56+,Delhi,ICICI,HDFC,iOS,WiFi,16,0,SUCCESS,0,0.5105042993600256,High Anomaly
TXN0000043781,2024-08-13 20:52:07,Recharge,Shopping,4513,18-25,56+,Rajasthan,ICICI,SBI,Android,WiFi,20,0,SUCCESS,0,0.5105042225399232,High Anomaly
TXN0000238502,2024-01-01 15:19:47,P2M,Grocery,200,18-25,56+,West Bengal,SBI,Axis,iOS,3G,15,0,SUCCESS,0,0.5105005214615652,High Anomaly
TXN0000013763,2024-08-16 07:26:21,P2M,Food,515,56+,46-55,Maharashtra,Axis,PNB,Web,4G,7,0,SUCCESS,0,0.5104974507148642,High Anomaly
TXN0000194645,2024-07-07 11:18:08,P2M,Education,9587,26-35,26-35,Delhi,Yes Bank,Axis,Web,5G,11,1,SUCCESS,0,0.5104960064365314,High Anomaly
TXN0000098605,2024-10-13 12:25:38,Recharge,Transport,135,26-35,36-45,Delhi,Kotak,Axis,iOS,3G,12,1,SUCCESS,0,0.5104959825185987,High Anomaly
TXN0000230200,2024-11-19 03:47:33,P2M,Utilities,666,26-35,26-35,Rajasthan,HDFC,Yes Bank,Web,WiFi,3,0,SUCCESS,0,0.5104930657635621,High Anomaly
TXN0000163304,2024-10-18 12:44:27,Bill Payment,Shopping,592,26-35,18-25,Rajasthan,SBI,Axis,Web,WiFi,12,0,SUCCESS,0,0.5104885955683162,High Anomaly
TXN0000018181,2024-09-07 12:43:47,Bill Payment,Entertainment,139,36-45,36-45,Uttar Pradesh,Kotak,Axis,Web,5G,12,1,SUCCESS,0,0.5104841309953317,High Anomaly
TXN0000168738,2024-05-29 16:01:47,Bill Payment,Other,849,18-25,46-55,Rajasthan,HDFC,HDFC,iOS,WiFi,16,0,SUCCESS,0,0.5104808410042543,High Anomaly
TXN0000088050,2024-10-31 08:58:10,Recharge,Food,821,46-55,36-45,Gujarat,PNB,ICICI,iOS,5G,8,0,SUCCESS,0,0.5104783465163227,High Anomaly
TXN0000143378,2024-02-07 20:56:07,P2M,Transport,41,56+,46-55,Andhra Pradesh,IndusInd,HDFC,iOS,5G,20,0,SUCCESS,0,0.5104777360090323,High Anomaly
TXN0000062490,2024-10-06 08:40:56,P2P,Food,88,26-35,36-45,Tamil Nadu,ICICI,Axis,Web,WiFi,8,1,FAILED,0,0.5104771189244887,High Anomaly
TXN0000115114,2024-01-12 13:20:49,Recharge,Utilities,590,46-55,26-35,Gujarat,Axis,Yes Bank,Android,WiFi,13,0,SUCCESS,0,0.5104710166370495,High Anomaly
TXN0000233578,2024-09-28 18:29:36,P2P,Grocery,910,36-45,36-45,Andhra Pradesh,Axis,Axis,Web,WiFi,18,1,SUCCESS,0,0.5104672520258376,High Anomaly
TXN0000044704,2024-09-27 18:08:40,Recharge,Entertainment,129,36-45,36-45,Telangana,PNB,IndusInd,iOS,5G,18,0,SUCCESS,0,0.5104650013383075,High Anomaly
TXN0000238481,2024-06-26 19:11:37,P2M,Shopping,3000,26-35,46-55,Karnataka,SBI,Kotak,Web,WiFi,19,0,SUCCESS,0,0.510464630214305,High Anomaly
TXN0000120572,2024-11-26 20:46:45,P2P,Grocery,117,18-25,18-25,Telangana,Yes Bank,PNB,Web,WiFi,20,0,SUCCESS,0,0.5104615728868841,High Anomaly
TXN0000037106,2024-12-08 10:56:53,Bill Payment,Fuel,6776,36-45,36-45,Uttar Pradesh,ICICI,SBI,iOS,3G,10,1,SUCCESS,0,0.5104606510210328,High Anomaly
TXN0000081405,2024-10-10 10:38:40,P2M,Food,951,46-55,46-55,West Bengal,Axis,Axis,iOS,WiFi,10,0,SUCCESS,0,0.5104545272672231,High Anomaly
TXN0000075234,2024-06-23 01:16:32,Bill Payment,Transport,73,36-45,36-45,Rajasthan,HDFC,SBI,iOS,WiFi,1,1,SUCCESS,0,0.5104541247558868,High Anomaly
TXN0000051824,2024-01-12 23:59:09,P2M,Grocery,2551,36-45,36-45,Telangana,HDFC,Kotak,Web,WiFi,23,0,SUCCESS,0,0.5104525290544332,High Anomaly
TXN0000146770,2024-09-07 07:12:56,P2M,Other,471,26-35,46-55,Delhi,PNB,Axis,iOS,WiFi,7,1,SUCCESS,0,0.5104511650705926,High Anomaly
TXN0000229483,2024-01-01 14:38:38,P2P,Utilities,1944,46-55,46-55,Uttar Pradesh,Kotak,IndusInd,Web,4G,14,0,FAILED,0,0.5104479899057623,High Anomaly
TXN0000125696,2024-11-25 21:30:42,P2M,Shopping,202,18-25,56+,Karnataka,PNB,ICICI,Web,5G,21,0,SUCCESS,0,0.5104453420462921,High Anomaly
TXN0000149704,2024-12-05 12:12:59,Bill Payment,Healthcare,1013,56+,46-55,Telangana,PNB,PNB,Android,WiFi,12,0,SUCCESS,0,0.5104412849515827,High Anomaly
TXN0000023457,2024-08-31 20:53:01,Recharge,Education,7110,18-25,56+,Tamil Nadu,PNB,HDFC,Android,5G,20,1,SUCCESS,0,0.5104405069408199,High Anomaly
TXN0000232002,2024-12-19 06:58:40,Bill Payment,Other,706,36-45,36-45,Telangana,HDFC,ICICI,iOS,WiFi,6,0,SUCCESS,0,0.5104395630146104,High Anomaly
TXN0000016976,2024-01-28 21:06:16,P2M,Shopping,2503,36-45,36-45,Rajasthan,IndusInd,Yes Bank,Web,5G,21,1,SUCCESS,0,0.5104215460986228,High Anomaly
TXN0000174871,2024-06-02 12:40:40,P2M,Food,113,56+,46-55,West Bengal,IndusInd,ICICI,Android,WiFi,12,1,SUCCESS,0,0.5104211672193651,High Anomaly
TXN0000215324,2024-01-16 22:22:48,P2P,Healthcare,1173,56+,26-35,Uttar Pradesh,ICICI,ICICI,iOS,WiFi,22,0,SUCCESS,0,0.510419354703657,High Anomaly
TXN0000019072,2024-12-04 22:56:20,P2M,Shopping,7480,36-45,36-45,Rajasthan,Yes Bank,SBI,Web,3G,22,0,SUCCESS,0,0.5104191328739451,High Anomaly
TXN0000065421,2024-02-09 03:26:56,Bill Payment,Healthcare,701,46-55,46-55,Andhra Pradesh,ICICI,HDFC,Android,WiFi,3,0,SUCCESS,0,0.5104190210990096,High Anomaly
TXN0000008649,2024-11-21 06:50:21,Bill Payment,Other,1106,36-45,18-25,Maharashtra,PNB,HDFC,Web,WiFi,6,0,SUCCESS,0,0.510418776552571,High Anomaly
TXN0000052006,2024-09-01 19:43:01,P2M,Grocery,368,26-35,46-55,Telangana,HDFC,SBI,Web,3G,19,1,SUCCESS,0,0.5104183428632959,High Anomaly
TXN0000082931,2024-03-08 18:12:51,Bill Payment,Education,11102,36-45,46-55,West Bengal,SBI,SBI,iOS,3G,18,0,SUCCESS,0,0.5104154984742482,High Anomaly
TXN0000000642,2024-04-15 18:03:47,Bill Payment,Education,14968,26-35,36-45,Maharashtra,Kotak,SBI,Web,3G,18,0,SUCCESS,0,0.5104107522825253,High Anomaly
TXN0000036265,2024-03-26 08:35:34,Bill Payment,Healthcare,211,26-35,46-55,West Bengal,IndusInd,SBI,iOS,5G,8,0,SUCCESS,0,0.5104082324345267,High Anomaly
TXN0000062334,2024-10-25 21:13:25,Recharge,Education,3918,18-25,26-35,Rajasthan,Axis,Axis,Web,4G,21,0,SUCCESS,0,0.5104075562328476,High Anomaly
TXN0000071769,2024-09-01 18:09:13,P2P,Fuel,2284,56+,56+,Gujarat,IndusInd,HDFC,iOS,5G,18,1,SUCCESS,0,0.5104034973806201,High Anomaly
TXN0000014333,2024-04-05 08:32:28,Bill Payment,Education,6521,46-55,18-25,Uttar Pradesh,ICICI,SBI,Android,WiFi,8,0,SUCCESS,0,0.5103981259400421,High Anomaly
TXN0000247550,2024-09-26 12:04:28,Bill Payment,Grocery,137,18-25,56+,Andhra Pradesh,Kotak,PNB,iOS,4G,12,0,SUCCESS,0,0.5103950521039351,High Anomaly
TXN0000242789,2024-12-15 08:24:40,P2M,Education,756,56+,56+,Gujarat,ICICI,SBI,Android,5G,8,1,SUCCESS,0,0.5103937727553527,High Anomaly
TXN0000186283,2024-03-18 10:16:27,P2P,Entertainment,130,36-45,36-45,Tamil Nadu,Axis,Axis,Web,WiFi,10,0,SUCCESS,0,0.5103900660436766,High Anomaly
TXN0000134498,2024-09-10 12:08:52,Bill Payment,Fuel,312,36-45,26-35,Rajasthan,ICICI,PNB,iOS,3G,12,0,SUCCESS,0,0.5103886962200598,High Anomaly
TXN0000109654,2024-06-23 08:27:05,Bill Payment,Food,110,18-25,26-35,Telangana,IndusInd,HDFC,iOS,WiFi,8,1,SUCCESS,0,0.5103823387801903,High Anomaly
TXN0000024700,2024-10-01 02:46:22,P2P,Transport,51,18-25,18-25,Karnataka,PNB,ICICI,Web,WiFi,2,0,SUCCESS,0,0.5103789834878686,High Anomaly
TXN0000049252,2024-04-27 22:24:44,P2M,Fuel,3275,46-55,18-25,Karnataka,HDFC,HDFC,iOS,WiFi,22,1,SUCCESS,0,0.5103764518118301,High Anomaly
TXN0000198921,2024-05-29 19:18:29,Bill Payment,Shopping,214,26-35,56+,Rajasthan,HDFC,PNB,Android,WiFi,19,0,SUCCESS,0,0.5103703129416622,High Anomaly
TXN0000174618,2024-06-27 13:05:51,P2M,Healthcare,261,36-45,18-25,Telangana,Kotak,ICICI,Web,WiFi,13,0,SUCCESS,0,0.5103701043719908,High Anomaly
TXN0000029634,2024-10-12 22:58:30,Bill Payment,Food,980,26-35,26-35,Rajasthan,SBI,HDFC,Web,3G,22,1,SUCCESS,0,0.5103697692244145,High Anomaly
TXN0000214913,2024-03-25 06:02:43,Bill Payment,Education,6622,46-55,46-55,Karnataka,Kotak,ICICI,iOS,4G,6,0,SUCCESS,0,0.5103667079617648,High Anomaly
TXN0000203600,2024-05-05 08:40:13,P2P,Healthcare,2706,56+,26-35,Telangana,SBI,PNB,iOS,5G,8,1,SUCCESS,0,0.5103632754752868,High Anomaly
TXN0000084983,2024-11-09 21:41:14,Bill Payment,Grocery,5553,36-45,56+,Rajasthan,Kotak,PNB,Android,5G,21,1,SUCCESS,0,0.5103609401629345,High Anomaly
TXN0000029621,2024-08-04 18:13:07,P2P,Food,154,18-25,18-25,Tamil Nadu,SBI,IndusInd,Web,3G,18,1,SUCCESS,0,0.510353237470197,High Anomaly
TXN0000206310,2024-03-16 06:25:55,P2M,Other,371,56+,26-35,Karnataka,Yes Bank,SBI,iOS,WiFi,6,1,FAILED,0,0.510333539025998,High Anomaly
TXN0000015208,2024-03-17 23:10:55,P2M,Entertainment,179,18-25,26-35,Uttar Pradesh,Axis,HDFC,Web,WiFi,23,1,SUCCESS,0,0.5103294642532458,High Anomaly
TXN0000165045,2024-01-13 08:39:09,Bill Payment,Shopping,1515,18-25,36-45,Maharashtra,Kotak,Yes Bank,Web,4G,8,1,SUCCESS,0,0.5103274108177764,High Anomaly
TXN0000096121,2024-06-30 18:50:56,Recharge,Transport,337,36-45,46-55,Maharashtra,Axis,IndusInd,Android,WiFi,18,1,SUCCESS,0,0.5103247717949468,High Anomaly
TXN0000046877,2024-08-17 21:37:27,P2P,Entertainment,236,36-45,36-45,Telangana,Yes Bank,PNB,Web,5G,21,1,SUCCESS,0,0.5103235119666044,High Anomaly
TXN0000047538,2024-03-10 19:49:34,Bill Payment,Shopping,303,46-55,36-45,Telangana,PNB,SBI,Web,4G,19,1,SUCCESS,0,0.5103224843214141,High Anomaly
TXN0000117218,2024-06-16 20:29:12,P2P,Shopping,1340,46-55,56+,Maharashtra,Axis,Kotak,Android,3G,20,1,SUCCESS,0,0.5103190338371708,High Anomaly
TXN0000092261,2024-01-17 21:04:04,Bill Payment,Entertainment,206,46-55,36-45,Karnataka,SBI,Yes Bank,iOS,WiFi,21,0,SUCCESS,0,0.5103121366229935,High Anomaly
TXN0000141212,2024-06-05 10:54:30,P2P,Healthcare,156,18-25,46-55,Rajasthan,PNB,PNB,iOS,WiFi,10,0,SUCCESS,0,0.5103073660938284,High Anomaly
TXN0000225745,2024-08-13 11:12:01,P2M,Shopping,7684,18-25,56+,Delhi,SBI,Yes Bank,Web,WiFi,11,0,SUCCESS,0,0.5103059726702973,High Anomaly
TXN0000163931,2024-09-01 21:41:08,P2M,Grocery,403,46-55,36-45,Maharashtra,ICICI,SBI,Web,3G,21,1,SUCCESS,0,0.5103022209401128,High Anomaly
TXN0000049895,2024-11-27 19:26:27,P2M,Shopping,2825,56+,26-35,Andhra Pradesh,PNB,IndusInd,iOS,5G,19,0,SUCCESS,0,0.5102989957478609,High Anomaly
TXN0000131643,2024-11-27 10:13:14,P2P,Utilities,9939,46-55,18-25,Gujarat,Kotak,ICICI,iOS,5G,10,0,SUCCESS,0,0.5102945522218574,High Anomaly
TXN0000103671,2024-04-22 16:30:45,P2M,Shopping,701,26-35,46-55,Maharashtra,Yes Bank,HDFC,Web,WiFi,16,0,SUCCESS,0,0.510288722959162,High Anomaly
TXN0000043527,2024-05-19 09:07:29,P2P,Shopping,405,36-45,26-35,Rajasthan,SBI,PNB,Web,WiFi,9,1,SUCCESS,0,0.5102886332988664,High Anomaly
TXN0000249821,2024-02-29 14:22:49,P2P,Shopping,94,56+,36-45,Karnataka,Kotak,HDFC,Web,3G,14,0,SUCCESS,0,0.5102854374101937,High Anomaly
TXN0000059180,2024-05-28 21:57:40,P2M,Food,111,18-25,18-25,Uttar Pradesh,Yes Bank,Yes Bank,Web,WiFi,21,0,FAILED,0,0.5102793854110171,High Anomaly
TXN0000235620,2024-04-07 12:08:25,Bill Payment,Entertainment,940,26-35,36-45,Karnataka,HDFC,Axis,iOS,WiFi,12,1,SUCCESS,0,0.5102711099460706,High Anomaly
TXN0000037500,2024-07-20 21:57:13,Recharge,Fuel,507,46-55,18-25,Gujarat,ICICI,HDFC,Android,WiFi,21,1,SUCCESS,0,0.510255492253946,High Anomaly
TXN0000150800,2024-08-31 20:48:16,P2P,Other,216,46-55,46-55,Tamil Nadu,Axis,HDFC,Web,5G,20,1,SUCCESS,0,0.5102524312225726,High Anomaly
TXN0000217687,2024-04-19 21:52:34,Recharge,Healthcare,922,56+,18-25,Uttar Pradesh,PNB,IndusInd,iOS,5G,21,0,SUCCESS,0,0.5102449853944075,High Anomaly
TXN0000214386,2024-03-31 15:00:31,P2M,Shopping,4194,18-25,46-55,Rajasthan,SBI,Yes Bank,iOS,3G,15,1,SUCCESS,0,0.5102438482464913,High Anomaly
TXN0000030712,2024-04-04 17:26:15,Recharge,Healthcare,451,18-25,36-45,West Bengal,IndusInd,Kotak,iOS,5G,17,0,SUCCESS,0,0.5102385944056693,High Anomaly
TXN0000033548,2024-05-03 12:44:18,P2P,Education,395,18-25,46-55,Andhra Pradesh,Kotak,PNB,Web,4G,12,0,SUCCESS,0,0.5102367178950622,High Anomaly
TXN0000156651,2024-03-28 22:31:10,P2P,Other,222,46-55,36-45,Maharashtra,Kotak,ICICI,Web,WiFi,22,0,SUCCESS,0,0.5102347454758204,High Anomaly
TXN0000249032,2024-06-30 20:27:26,P2M,Grocery,2320,18-25,36-45,Karnataka,Kotak,Axis,iOS,3G,20,1,SUCCESS,0,0.5102262045315349,High Anomaly
TXN0000150961,2024-03-24 06:03:55,P2M,Other,186,18-25,56+,Karnataka,ICICI,Kotak,Android,WiFi,6,1,SUCCESS,0,0.5102251559924864,High Anomaly
TXN0000063372,2024-03-30 18:32:33,Bill Payment,Education,4524,56+,36-45,Karnataka,Axis,ICICI,Android,3G,18,1,SUCCESS,0,0.510220464671675,High Anomaly
TXN0000161921,2024-11-17 07:34:01,P2M,Shopping,2700,56+,56+,Karnataka,PNB,ICICI,Android,5G,7,1,SUCCESS,0,0.5102135064661716,High Anomaly
TXN0000032947,2024-08-07 12:42:04,Recharge,Utilities,5094,56+,18-25,Telangana,IndusInd,SBI,Android,WiFi,12,0,SUCCESS,0,0.5102093155016532,High Anomaly
TXN0000176463,2024-05-04 11:59:44,P2M,Fuel,816,46-55,18-25,Maharashtra,ICICI,Yes Bank,iOS,WiFi,11,1,SUCCESS,0,0.5102092315204612,High Anomaly
TXN0000235037,2024-06-04 07:45:19,Bill Payment,Fuel,2167,26-35,46-55,Rajasthan,IndusInd,HDFC,Web,4G,7,0,FAILED,0,0.5102083473724988,High Anomaly
TXN0000071958,2024-11-03 07:13:54,Recharge,Education,4392,36-45,46-55,West Bengal,Axis,Yes Bank,Android,5G,7,1,SUCCESS,0,0.5101993878894204,High Anomaly
TXN0000218784,2024-10-29 13:19:37,Bill Payment,Food,305,56+,18-25,Delhi,PNB,IndusInd,Web,4G,13,0,FAILED,0,0.5101939867873428,High Anomaly
TXN0000121027,2024-08-31 14:49:02,P2M,Shopping,1809,36-45,36-45,Rajasthan,IndusInd,ICICI,Web,WiFi,14,1,SUCCESS,0,0.5101935428520071,High Anomaly
TXN0000217680,2024-11-15 13:27:51,Bill Payment,Fuel,864,36-45,46-55,Uttar Pradesh,IndusInd,Yes Bank,iOS,5G,13,0,SUCCESS,0,0.510185139968467,High Anomaly
TXN0000164352,2024-03-03 14:11:21,Recharge,Transport,581,18-25,46-55,Rajasthan,HDFC,SBI,Web,4G,14,1,SUCCESS,0,0.5101848775933875,High Anomaly
TXN0000202135,2024-11-08 06:11:09,Bill Payment,Grocery,1231,46-55,26-35,Gujarat,Yes Bank,ICICI,Web,5G,6,0,SUCCESS,0,0.5101837271286482,High Anomaly
TXN0000243555,2024-09-04 16:45:16,P2M,Shopping,3798,56+,46-55,West Bengal,ICICI,SBI,Web,4G,16,0,SUCCESS,0,0.5101810368525062,High Anomaly
TXN0000084692,2024-03-27 05:15:28,Bill Payment,Education,1407,56+,36-45,Karnataka,ICICI,Yes Bank,Android,3G,5,0,SUCCESS,0,0.510180054333773,High Anomaly
TXN0000245432,2024-01-13 10:53:50,Bill Payment,Shopping,6984,26-35,26-35,West Bengal,IndusInd,PNB,iOS,WiFi,10,1,SUCCESS,0,0.5101769533042969,High Anomaly
TXN0000089218,2024-07-13 20:39:36,P2M,Food,1090,46-55,36-45,Karnataka,SBI,IndusInd,Web,5G,20,1,SUCCESS,0,0.5101730422107059,High Anomaly
TXN0000193569,2024-10-22 19:01:57,Bill Payment,Shopping,1176,56+,46-55,Rajasthan,HDFC,IndusInd,iOS,4G,19,0,SUCCESS,0,0.5101697504304219,High Anomaly
TXN0000130222,2024-03-11 22:15:37,Recharge,Grocery,230,46-55,36-45,Karnataka,ICICI,Yes Bank,Web,4G,22,0,SUCCESS,0,0.5101633895338675,High Anomaly
TXN0000187820,2024-06-09 03:10:04,P2M,Shopping,2115,26-35,26-35,Uttar Pradesh,ICICI,PNB,Web,5G,3,1,SUCCESS,0,0.5101606728613095,High Anomaly
TXN0000247383,2024-04-06 08:52:05,Bill Payment,Shopping,452,36-45,26-35,Telangana,SBI,Axis,iOS,WiFi,8,1,SUCCESS,0,0.5101581237390701,High Anomaly
TXN0000045473,2024-12-19 15:25:36,Bill Payment,Food,178,56+,36-45,Rajasthan,Yes Bank,ICICI,iOS,WiFi,15,0,SUCCESS,0,0.5101539954765777,High Anomaly
TXN0000194533,2024-08-13 15:21:11,P2P,Healthcare,82,26-35,36-45,West Bengal,Axis,Axis,Web,WiFi,15,0,SUCCESS,0,0.5101466488999326,High Anomaly
TXN0000121080,2024-04-11 09:19:51,P2M,Shopping,3386,56+,36-45,West Bengal,PNB,IndusInd,iOS,5G,9,0,SUCCESS,0,0.510143804603373,High Anomaly
TXN0000094959,2024-03-12 12:54:37,Bill Payment,Transport,172,36-45,46-55,Maharashtra,SBI,Axis,Web,WiFi,12,0,SUCCESS,0,0.5101354899869186,High Anomaly
TXN0000139408,2024-08-10 08:23:47,Bill Payment,Utilities,2260,36-45,46-55,West Bengal,Yes Bank,PNB,iOS,5G,8,1,SUCCESS,0,0.5101272293083717,High Anomaly
TXN0000004395,2024-10-11 17:50:21,Bill Payment,Utilities,177,46-55,36-45,West Bengal,Axis,IndusInd,iOS,5G,17,0,SUCCESS,0,0.5101137126686374,High Anomaly
TXN0000048940,2024-11-10 15:50:25,Bill Payment,Fuel,377,36-45,26-35,West Bengal,Axis,PNB,iOS,WiFi,15,1,SUCCESS,0,0.5101114191064067,High Anomaly
TXN0000040430,2024-06-02 10:08:59,Bill Payment,Transport,835,36-45,46-55,West Bengal,Axis,HDFC,Web,5G,10,1,SUCCESS,0,0.5101073827152657,High Anomaly
TXN0000102038,2024-03-22 18:37:28,P2P,Shopping,820,36-45,26-35,Karnataka,Yes Bank,Axis,Web,3G,18,0,FAILED,0,0.5100992380232773,High Anomaly
TXN0000113892,2024-04-27 20:17:19,Bill Payment,Utilities,1847,18-25,56+,Tamil Nadu,PNB,Axis,iOS,3G,20,1,SUCCESS,0,0.5100971520652912,High Anomaly
TXN0000060308,2024-03-02 11:48:03,Bill Payment,Fuel,3939,46-55,46-55,Delhi,IndusInd,ICICI,iOS,4G,11,1,SUCCESS,0,0.5100958192303117,High Anomaly
TXN0000167996,2024-05-11 10:11:27,P2M,Food,556,56+,26-35,West Bengal,PNB,ICICI,iOS,WiFi,10,1,SUCCESS,0,0.5100888248326869,High Anomaly
TXN0000028756,2024-12-21 19:48:13,Bill Payment,Fuel,2236,36-45,18-25,Uttar Pradesh,Axis,Axis,iOS,WiFi,19,1,SUCCESS,0,0.5100813194690271,High Anomaly
TXN0000193857,2024-01-07 01:32:34,P2P,Shopping,3355,26-35,26-35,Rajasthan,Kotak,SBI,Web,WiFi,1,1,SUCCESS,0,0.510079675551406,High Anomaly
TXN0000228478,2024-03-15 13:56:41,Bill Payment,Education,3112,18-25,56+,Delhi,PNB,PNB,iOS,4G,13,0,SUCCESS,0,0.5100729315253418,High Anomaly
TXN0000204127,2024-05-09 16:12:29,P2P,Fuel,2465,36-45,46-55,Rajasthan,IndusInd,ICICI,iOS,WiFi,16,0,SUCCESS,0,0.510068040767114,High Anomaly
TXN0000195230,2024-08-11 21:02:07,P2P,Other,624,46-55,36-45,Maharashtra,PNB,Yes Bank,iOS,WiFi,21,1,SUCCESS,0,0.5100671684288597,High Anomaly
TXN0000232408,2024-03-03 18:43:30,Bill Payment,Transport,203,36-45,18-25,Karnataka,HDFC,ICICI,iOS,WiFi,18,1,SUCCESS,0,0.5100612713546528,High Anomaly
TXN0000228504,2024-05-25 03:47:24,Bill Payment,Food,2052,56+,46-55,Uttar Pradesh,HDFC,HDFC,iOS,4G,3,1,SUCCESS,0,0.5100609141574094,High Anomaly
TXN0000007612,2024-03-31 10:53:05,Bill Payment,Grocery,274,56+,36-45,Andhra Pradesh,Yes Bank,PNB,Android,3G,10,1,SUCCESS,0,0.510054339776241,High Anomaly
TXN0000079843,2024-03-01 10:44:55,Recharge,Transport,61,18-25,46-55,Maharashtra,SBI,SBI,iOS,WiFi,10,0,SUCCESS,0,0.5100539841015873,High Anomaly
TXN0000034883,2024-05-25 22:35:36,P2M,Utilities,476,56+,36-45,Andhra Pradesh,PNB,PNB,Android,3G,22,1,SUCCESS,0,0.5100517754500661,High Anomaly
TXN0000249517,2024-08-12 19:14:15,P2P,Fuel,539,46-55,46-55,Delhi,SBI,SBI,iOS,3G,19,0,SUCCESS,0,0.510051029797232,High Anomaly
TXN0000090059,2024-08-03 11:27:31,P2P,Utilities,590,18-25,46-55,Maharashtra,Kotak,Axis,iOS,3G,11,1,SUCCESS,0,0.5100477567204497,High Anomaly
TXN0000163245,2024-09-15 20:32:01,Recharge,Grocery,2666,46-55,26-35,Telangana,HDFC,IndusInd,Web,5G,20,1,SUCCESS,0,0.5100324049250935,High Anomaly
TXN0000243572,2024-05-27 08:18:54,P2P,Food,57,18-25,46-55,Telangana,Axis,HDFC,Web,WiFi,8,0,FAILED,0,0.510030742467412,High Anomaly
TXN0000134988,2024-02-08 09:20:09,Bill Payment,Fuel,2678,18-25,36-45,Telangana,Kotak,HDFC,iOS,3G,9,0,SUCCESS,0,0.5100282947532488,High Anomaly
TXN0000133789,2024-11-02 15:54:54,Bill Payment,Entertainment,173,26-35,26-35,Uttar Pradesh,SBI,HDFC,Web,3G,15,1,SUCCESS,0,0.5100234571691709,High Anomaly
TXN0000082534,2024-05-11 13:58:23,P2P,Shopping,847,18-25,46-55,Karnataka,ICICI,IndusInd,Web,5G,13,1,SUCCESS,0,0.5100186562613604,High Anomaly
TXN0000213571,2024-01-21 19:30:46,Recharge,Grocery,627,26-35,36-45,Uttar Pradesh,Yes Bank,Yes Bank,iOS,WiFi,19,1,SUCCESS,0,0.5100130790916652,High Anomaly
TXN0000164659,2024-04-11 19:07:29,P2M,Grocery,410,46-55,56+,Rajasthan,ICICI,Yes Bank,Web,4G,19,0,SUCCESS,0,0.51000750289485,High Anomaly
TXN0000246344,2024-03-25 11:06:50,Bill Payment,Fuel,584,26-35,46-55,Tamil Nadu,ICICI,Yes Bank,Web,4G,11,0,SUCCESS,0,0.5100041436050861,High Anomaly
TXN0000194018,2024-04-08 21:51:03,Bill Payment,Entertainment,363,46-55,56+,Rajasthan,IndusInd,HDFC,iOS,4G,21,0,SUCCESS,0,0.5100009209951624,High Anomaly
TXN0000186530,2024-03-16 19:46:59,Recharge,Shopping,9016,26-35,18-25,Uttar Pradesh,SBI,Yes Bank,Web,4G,19,1,SUCCESS,0,0.5099986681666445,High Anomaly
TXN0000232271,2024-12-25 18:44:13,Recharge,Fuel,527,36-45,18-25,Rajasthan,SBI,PNB,Web,WiFi,18,0,SUCCESS,0,0.5099983342925131,High Anomaly
TXN0000096066,2024-02-25 11:26:41,Recharge,Shopping,202,56+,36-45,Delhi,Axis,SBI,iOS,4G,11,1,SUCCESS,0,0.5099957943478005,High Anomaly
TXN0000166850,2024-11-17 00:10:49,P2P,Utilities,340,56+,18-25,Tamil Nadu,Axis,Yes Bank,Android,3G,0,1,SUCCESS,0,0.5099866260134698,High Anomaly
TXN0000084169,2024-08-13 13:52:40,Bill Payment,Grocery,942,56+,18-25,Delhi,PNB,HDFC,Web,5G,13,0,SUCCESS,0,0.5099789423898541,High Anomaly
TXN0000157022,2024-09-28 15:40:27,Bill Payment,Entertainment,289,46-55,18-25,Rajasthan,HDFC,PNB,Web,4G,15,1,SUCCESS,0,0.5099785507975821,High Anomaly
TXN0000248111,2024-11-07 12:45:31,Recharge,Food,181,56+,56+,Karnataka,SBI,Axis,iOS,5G,12,0,SUCCESS,0,0.5099742160662448,High Anomaly
TXN0000062543,2024-09-03 09:38:28,P2M,Food,1119,56+,18-25,Andhra Pradesh,Yes Bank,IndusInd,iOS,WiFi,9,0,SUCCESS,0,0.5099710392051289,High Anomaly
TXN0000157412,2024-06-12 18:31:09,P2M,Fuel,574,46-55,46-55,Uttar Pradesh,ICICI,Axis,Web,5G,18,0,SUCCESS,0,0.5099636417570156,High Anomaly
TXN0000160286,2024-03-20 14:17:06,Bill Payment,Fuel,3971,46-55,18-25,Tamil Nadu,IndusInd,HDFC,iOS,5G,14,0,SUCCESS,0,0.5099601308491809,High Anomaly
TXN0000020708,2024-02-22 15:33:50,P2M,Food,1289,36-45,36-45,Tamil Nadu,PNB,IndusInd,Web,3G,15,0,SUCCESS,0,0.5099596424662088,High Anomaly
TXN0000011913,2024-05-05 21:28:23,P2P,Shopping,276,18-25,56+,Gujarat,PNB,Yes Bank,iOS,WiFi,21,1,SUCCESS,0,0.5099592125953031,High Anomaly
TXN0000014349,2024-10-19 09:59:46,P2P,Entertainment,89,46-55,56+,West Bengal,SBI,Axis,iOS,4G,9,1,SUCCESS,0,0.5099543650760082,High Anomaly
TXN0000153320,2024-02-25 13:10:48,P2P,Shopping,8283,26-35,46-55,Rajasthan,PNB,IndusInd,iOS,5G,13,1,SUCCESS,0,0.5099542075094441,High Anomaly
TXN0000175275,2024-11-05 21:12:23,P2M,Other,170,56+,26-35,Telangana,ICICI,Axis,iOS,WiFi,21,0,SUCCESS,0,0.5099539509124752,High Anomaly
TXN0000087847,2024-08-10 22:16:08,P2M,Fuel,573,56+,36-45,Uttar Pradesh,Axis,Axis,Android,3G,22,1,SUCCESS,0,0.5099532551760841,High Anomaly
TXN0000149047,2024-04-09 22:08:29,P2M,Transport,56,56+,26-35,Andhra Pradesh,Axis,SBI,iOS,WiFi,22,0,SUCCESS,0,0.5099529659075711,High Anomaly
TXN0000070563,2024-12-08 06:48:44,P2P,Food,290,26-35,46-55,Rajasthan,Axis,PNB,Web,5G,6,1,SUCCESS,0,0.5099529167817535,High Anomaly
TXN0000112010,2024-03-07 08:44:15,Bill Payment,Utilities,3212,36-45,56+,Telangana,ICICI,HDFC,iOS,4G,8,0,SUCCESS,0,0.5099484894718563,High Anomaly
TXN0000062661,2024-10-20 00:58:55,Bill Payment,Entertainment,195,18-25,18-25,West Bengal,HDFC,Yes Bank,Web,4G,0,1,SUCCESS,0,0.5099472129834148,High Anomaly
TXN0000021075,2024-10-05 06:39:55,Bill Payment,Shopping,6841,18-25,46-55,Gujarat,ICICI,SBI,Android,WiFi,6,1,SUCCESS,0,0.5099399522838147,High Anomaly
TXN0000067326,2024-04-18 19:53:43,Recharge,Transport,96,26-35,46-55,Tamil Nadu,Kotak,PNB,iOS,5G,19,0,SUCCESS,0,0.5099327462859112,High Anomaly
TXN0000145914,2024-06-13 00:35:28,Recharge,Fuel,3733,26-35,26-35,West Bengal,Yes Bank,Kotak,Web,4G,0,0,SUCCESS,0,0.5099283269128332,High Anomaly
TXN0000122441,2024-01-20 01:03:28,P2M,Shopping,685,26-35,18-25,West Bengal,ICICI,PNB,iOS,3G,1,1,SUCCESS,0,0.509925356730378,High Anomaly
TXN0000222197,2024-03-28 10:28:57,Recharge,Food,120,56+,36-45,Gujarat,ICICI,HDFC,Web,4G,10,0,SUCCESS,0,0.5099241585013897,High Anomaly
TXN0000030869,2024-10-27 10:29:57,P2P,Education,858,18-25,46-55,Tamil Nadu,HDFC,IndusInd,Web,4G,10,1,SUCCESS,0,0.5099112158953998,High Anomaly
TXN0000154104,2024-02-14 22:53:09,Bill Payment,Shopping,1602,18-25,18-25,Karnataka,PNB,ICICI,Web,5G,22,0,SUCCESS,0,0.5099109748130518,High Anomaly
TXN0000011612,2024-04-06 12:11:33,Recharge,Transport,39,18-25,18-25,Tamil Nadu,SBI,SBI,iOS,3G,12,1,SUCCESS,0,0.5099106518379974,High Anomaly
TXN0000234559,2024-05-11 20:17:11,P2P,Transport,123,46-55,26-35,Delhi,Yes Bank,SBI,Web,3G,20,1,SUCCESS,0,0.5099086173181531,High Anomaly
TXN0000112717,2024-08-12 15:17:07,P2M,Utilities,192,18-25,46-55,Andhra Pradesh,ICICI,Yes Bank,Web,5G,15,0,SUCCESS,0,0.5099006335464492,High Anomaly
TXN0000095602,2024-06-12 10:46:30,Bill Payment,Shopping,2137,18-25,46-55,Andhra Pradesh,Yes Bank,PNB,Android,WiFi,10,0,SUCCESS,0,0.5099003058208416,High Anomaly
TXN0000024684,2024-08-05 22:59:46,Recharge,Education,5237,36-45,26-35,Telangana,IndusInd,Kotak,Android,WiFi,22,0,SUCCESS,0,0.509888699521551,High Anomaly
TXN0000215190,2024-06-03 21:42:25,Bill Payment,Healthcare,373,36-45,36-45,Karnataka,Kotak,SBI,Web,3G,21,0,SUCCESS,0,0.5098864179642055,High Anomaly
TXN0000079613,2024-02-28 10:32:30,P2P,Fuel,559,46-55,46-55,Maharashtra,ICICI,HDFC,iOS,3G,10,0,SUCCESS,0,0.5098838548016111,High Anomaly
TXN0000027419,2024-09-30 13:25:09,P2P,Fuel,4874,26-35,46-55,Delhi,IndusInd,ICICI,iOS,WiFi,13,0,SUCCESS,0,0.5098790308616884,High Anomaly
TXN0000071802,2024-03-16 23:47:39,P2M,Fuel,1765,46-55,26-35,West Bengal,HDFC,Yes Bank,iOS,5G,23,1,SUCCESS,0,0.5098758018166121,High Anomaly
TXN0000168435,2024-05-04 12:04:23,P2P,Entertainment,621,18-25,36-45,West Bengal,PNB,IndusInd,Web,5G,12,1,SUCCESS,0,0.509874828664787,High Anomaly
TXN0000105765,2024-07-27 20:22:36,P2M,Entertainment,88,46-55,26-35,Karnataka,Kotak,Axis,iOS,5G,20,1,SUCCESS,0,0.5098731003217507,High Anomaly
TXN0000009693,2024-06-07 19:02:30,Bill Payment,Education,9341,56+,18-25,Andhra Pradesh,IndusInd,Axis,iOS,4G,19,0,SUCCESS,0,0.5098688232515781,High Anomaly
TXN0000235364,2024-10-04 12:40:52,P2P,Shopping,300,56+,36-45,Maharashtra,PNB,PNB,iOS,3G,12,0,SUCCESS,0,0.5098569942106854,High Anomaly
TXN0000182597,2024-10-23 06:14:15,Bill Payment,Food,346,46-55,56+,Uttar Pradesh,PNB,Axis,iOS,4G,6,0,SUCCESS,0,0.5098495688795495,High Anomaly
TXN0000012494,2024-02-06 11:50:58,P2M,Transport,139,18-25,18-25,Delhi,ICICI,Axis,Web,3G,11,0,SUCCESS,0,0.5098495119166051,High Anomaly
TXN0000129473,2024-01-19 17:53:47,Bill Payment,Entertainment,148,36-45,56+,Maharashtra,Axis,SBI,iOS,WiFi,17,0,SUCCESS,0,0.5098399986845433,High Anomaly
TXN0000162549,2024-06-30 14:19:05,P2P,Grocery,2802,18-25,18-25,Rajasthan,Kotak,HDFC,Web,WiFi,14,1,SUCCESS,0,0.5098378553048212,High Anomaly
TXN0000095300,2024-12-29 13:17:54,Recharge,Transport,74,26-35,56+,Andhra Pradesh,Yes Bank,ICICI,Android,5G,13,1,SUCCESS,0,0.5098355756224066,High Anomaly
TXN0000110730,2024-09-17 18:31:36,Bill Payment,Entertainment,407,26-35,46-55,Rajasthan,ICICI,IndusInd,Web,4G,18,0,SUCCESS,0,0.5098348904417681,High Anomaly
TXN0000161607,2024-12-01 16:36:29,P2M,Shopping,6100,18-25,18-25,Uttar Pradesh,ICICI,PNB,iOS,3G,16,1,SUCCESS,0,0.5098332657068763,High Anomaly
TXN0000078629,2024-01-07 19:08:20,Bill Payment,Transport,142,46-55,56+,Uttar Pradesh,HDFC,IndusInd,iOS,4G,19,1,SUCCESS,0,0.509832216276078,High Anomaly
TXN0000074676,2024-09-05 11:28:32,Recharge,Entertainment,232,46-55,26-35,Tamil Nadu,SBI,HDFC,iOS,WiFi,11,0,SUCCESS,0,0.5098309067482649,High Anomaly
TXN0000136452,2024-07-20 11:48:44,Recharge,Grocery,1627,56+,18-25,Telangana,IndusInd,HDFC,iOS,5G,11,1,SUCCESS,0,0.5098282133132472,High Anomaly
TXN0000249146,2024-06-30 19:30:02,P2M,Other,673,46-55,36-45,Delhi,ICICI,Kotak,iOS,3G,19,1,SUCCESS,0,0.5098242389111765,High Anomaly
TXN0000183305,2024-01-02 16:00:31,Recharge,Entertainment,1141,18-25,56+,Gujarat,Axis,HDFC,iOS,4G,16,0,SUCCESS,0,0.5098175290232564,High Anomaly
TXN0000068433,2024-03-07 15:57:53,P2P,Fuel,3440,36-45,56+,Rajasthan,Kotak,Kotak,Web,4G,15,0,SUCCESS,0,0.5098174014963337,High Anomaly
TXN0000069089,2024-07-13 18:43:25,Recharge,Healthcare,283,36-45,36-45,Delhi,IndusInd,SBI,iOS,5G,18,1,SUCCESS,0,0.5098171639360308,High Anomaly
TXN0000067885,2024-01-29 09:51:52,Recharge,Food,1477,36-45,26-35,Tamil Nadu,PNB,IndusInd,Web,5G,9,0,SUCCESS,0,0.509812466779067,High Anomaly
TXN0000160353,2024-04-07 16:46:51,Recharge,Grocery,177,46-55,56+,Andhra Pradesh,SBI,IndusInd,iOS,4G,16,1,SUCCESS,0,0.509810261915784,High Anomaly
TXN0000167543,2024-07-15 11:17:38,P2M,Entertainment,43,26-35,56+,Telangana,Yes Bank,Axis,Web,4G,11,0,SUCCESS,0,0.5098055463510076,High Anomaly
TXN0000000080,2024-11-08 20:26:51,P2M,Utilities,8335,46-55,46-55,West Bengal,Axis,IndusInd,Web,4G,20,0,SUCCESS,0,0.5098041121381637,High Anomaly
TXN0000180093,2024-05-16 13:44:00,P2M,Education,8810,18-25,18-25,Uttar Pradesh,PNB,PNB,iOS,WiFi,13,0,FAILED,0,0.5098034094944249,High Anomaly
TXN0000162616,2024-12-01 09:57:17,Bill Payment,Utilities,2287,18-25,36-45,Andhra Pradesh,SBI,Yes Bank,iOS,3G,9,1,SUCCESS,0,0.5097895188088637,High Anomaly
TXN0000215817,2024-08-25 08:49:26,Recharge,Healthcare,381,18-25,46-55,West Bengal,ICICI,IndusInd,Android,5G,8,1,SUCCESS,0,0.5097806657822022,High Anomaly
TXN0000233973,2024-10-18 06:26:47,P2P,Food,78,36-45,46-55,Rajasthan,ICICI,HDFC,Web,5G,6,0,SUCCESS,0,0.5097800700950368,High Anomaly
TXN0000208044,2024-11-16 21:45:10,P2P,Other,463,26-35,46-55,Delhi,PNB,PNB,iOS,3G,21,1,SUCCESS,0,0.5097782284499832,High Anomaly
TXN0000060166,2024-05-16 21:56:38,Bill Payment,Grocery,2937,26-35,26-35,Uttar Pradesh,Kotak,HDFC,Web,WiFi,21,0,SUCCESS,0,0.5097758246094409,High Anomaly
TXN0000246825,2024-08-23 11:07:34,Bill Payment,Fuel,291,56+,26-35,Telangana,Yes Bank,SBI,Web,5G,11,0,SUCCESS,0,0.5097722346247454,High Anomaly
TXN0000015790,2024-04-30 16:27:52,Recharge,Entertainment,260,36-45,56+,Maharashtra,Yes Bank,Yes Bank,iOS,5G,16,0,SUCCESS,0,0.5097700200521303,High Anomaly
TXN0000190050,2024-11-24 12:36:11,P2P,Shopping,5609,46-55,36-45,Telangana,Kotak,Yes Bank,iOS,5G,12,1,SUCCESS,0,0.5097699431072756,High Anomaly
TXN0000006408,2024-08-23 23:14:29,P2M,Fuel,4370,26-35,18-25,Karnataka,Yes Bank,SBI,Web,3G,23,0,SUCCESS,0,0.5097696939415309,High Anomaly
TXN0000184342,2024-01-07 19:57:31,Recharge,Shopping,3478,26-35,36-45,Karnataka,Yes Bank,Kotak,Android,WiFi,19,1,SUCCESS,0,0.5097667193992719,High Anomaly
TXN0000080525,2024-06-16 09:10:48,P2P,Grocery,89,18-25,56+,Gujarat,HDFC,HDFC,Web,5G,9,1,SUCCESS,0,0.5097586224451065,High Anomaly
TXN0000087825,2024-01-14 06:12:43,P2M,Other,395,56+,36-45,Rajasthan,Kotak,IndusInd,Android,3G,6,1,SUCCESS,0,0.5097584553263267,High Anomaly
TXN0000148534,2024-11-10 06:23:51,Recharge,Utilities,471,36-45,26-35,Andhra Pradesh,IndusInd,Yes Bank,Android,3G,6,1,SUCCESS,0,0.5097574433395818,High Anomaly
TXN0000072033,2024-07-15 12:56:22,P2M,Food,171,18-25,56+,Delhi,PNB,PNB,Web,5G,12,0,SUCCESS,0,0.5097455879229231,High Anomaly
TXN0000097320,2024-06-16 09:42:17,Bill Payment,Utilities,601,18-25,36-45,Gujarat,HDFC,Kotak,Web,5G,9,1,SUCCESS,0,0.5097426171477893,High Anomaly
TXN0000122439,2024-01-26 08:36:10,P2P,Utilities,2484,36-45,26-35,Andhra Pradesh,Kotak,HDFC,Web,WiFi,8,0,SUCCESS,0,0.5097406975350084,High Anomaly
TXN0000195124,2024-05-08 18:36:11,Bill Payment,Grocery,1585,56+,56+,Delhi,IndusInd,SBI,Android,3G,18,0,SUCCESS,0,0.5097339047040763,High Anomaly
TXN0000108326,2024-12-23 06:12:06,Recharge,Shopping,1748,26-35,18-25,Uttar Pradesh,HDFC,PNB,iOS,WiFi,6,0,SUCCESS,0,0.5097239667901419,High Anomaly
TXN0000174612,2024-09-11 20:55:24,Recharge,Grocery,695,36-45,56+,Karnataka,IndusInd,SBI,iOS,3G,20,0,SUCCESS,0,0.509720134621259,High Anomaly
TXN0000159189,2024-03-04 18:05:38,P2M,Entertainment,101,46-55,36-45,Andhra Pradesh,PNB,HDFC,Web,WiFi,18,0,SUCCESS,0,0.5097164239170138,High Anomaly
TXN0000146647,2024-06-13 11:26:20,Bill Payment,Transport,91,26-35,18-25,West Bengal,SBI,HDFC,Web,WiFi,11,0,SUCCESS,0,0.509715655041868,High Anomaly
TXN0000190557,2024-05-03 20:58:01,Bill Payment,Healthcare,742,56+,26-35,Tamil Nadu,HDFC,HDFC,Web,5G,20,0,SUCCESS,0,0.5097087560448672,High Anomaly
TXN0000081287,2024-11-19 22:53:11,P2P,Utilities,209,36-45,18-25,Tamil Nadu,IndusInd,Yes Bank,Web,3G,22,0,SUCCESS,0,0.5097068620671737,High Anomaly
TXN0000230443,2024-05-12 12:18:54,P2M,Shopping,4604,46-55,56+,Telangana,SBI,IndusInd,iOS,5G,12,1,SUCCESS,0,0.5097065822889462,High Anomaly
TXN0000107220,2024-11-10 09:04:03,Recharge,Education,1083,26-35,18-25,Karnataka,IndusInd,SBI,Web,4G,9,1,SUCCESS,0,0.509703848683475,High Anomaly
TXN0000202460,2024-05-24 05:26:55,P2P,Fuel,508,26-35,56+,Gujarat,ICICI,PNB,Web,4G,5,0,SUCCESS,0,0.5097033682420792,High Anomaly
TXN0000137946,2024-05-17 10:21:49,Bill Payment,Fuel,2983,46-55,26-35,Delhi,SBI,ICICI,iOS,WiFi,10,0,SUCCESS,0,0.5096995306969583,High Anomaly
TXN0000147330,2024-10-20 10:15:01,P2M,Shopping,7558,36-45,18-25,Rajasthan,SBI,HDFC,Web,WiFi,10,1,SUCCESS,0,0.5096985033470229,High Anomaly
TXN0000101544,2024-01-03 21:39:28,Bill Payment,Transport,96,26-35,36-45,Telangana,HDFC,SBI,Web,WiFi,21,0,SUCCESS,0,0.5096944076879762,High Anomaly
TXN0000044030,2024-11-10 03:24:36,P2M,Healthcare,187,26-35,36-45,Rajasthan,SBI,SBI,Web,WiFi,3,1,SUCCESS,0,0.509692690684149,High Anomaly
TXN0000123521,2024-02-01 17:16:08,P2M,Other,418,56+,26-35,Maharashtra,Axis,SBI,Web,3G,17,0,SUCCESS,0,0.5096920371368588,High Anomaly
TXN0000145681,2024-04-20 17:19:03,P2M,Fuel,1452,56+,56+,Telangana,HDFC,Axis,iOS,4G,17,1,SUCCESS,0,0.5096543761376063,High Anomaly
TXN0000046597,2024-07-10 12:03:55,Recharge,Utilities,391,26-35,36-45,Andhra Pradesh,Axis,HDFC,iOS,5G,12,0,SUCCESS,0,0.5096510454694156,High Anomaly
TXN0000036782,2024-03-23 11:58:36,P2M,Grocery,485,46-55,26-35,Uttar Pradesh,HDFC,Axis,Web,WiFi,11,1,SUCCESS,0,0.5096449215115219,High Anomaly
TXN0000023404,2024-11-22 17:31:59,P2P,Entertainment,370,36-45,36-45,Telangana,IndusInd,Axis,Web,3G,17,0,SUCCESS,0,0.5096441114698785,High Anomaly
TXN0000007092,2024-06-09 04:54:58,Bill Payment,Shopping,4751,26-35,18-25,Karnataka,Yes Bank,Yes Bank,Web,4G,4,1,SUCCESS,0,0.5096426286228939,High Anomaly
TXN0000109076,2024-04-13 16:29:44,Recharge,Grocery,182,26-35,56+,Gujarat,Kotak,HDFC,iOS,5G,16,1,SUCCESS,0,0.5096390581387421,High Anomaly
TXN0000161661,2024-07-14 20:39:56,P2P,Utilities,5794,56+,46-55,West Bengal,IndusInd,IndusInd,Android,WiFi,20,1,SUCCESS,0,0.5096276368994623,High Anomaly
TXN0000150203,2024-06-23 01:31:15,P2M,Education,2499,18-25,36-45,Karnataka,HDFC,HDFC,iOS,WiFi,1,1,SUCCESS,0,0.5096192827513638,High Anomaly
TXN0000121855,2024-03-13 17:30:59,Recharge,Food,128,56+,46-55,Delhi,HDFC,SBI,iOS,5G,17,0,FAILED,0,0.5096178622880478,High Anomaly
TXN0000054509,2024-05-19 09:23:12,Bill Payment,Utilities,2095,26-35,36-45,Rajasthan,ICICI,IndusInd,Web,4G,9,1,SUCCESS,0,0.5096177805854134,High Anomaly
TXN0000171025,2024-02-17 22:42:29,Bill Payment,Other,266,36-45,36-45,Tamil Nadu,IndusInd,Kotak,Web,5G,22,1,SUCCESS,0,0.5096175822616348,High Anomaly
TXN0000098824,2024-10-05 23:43:53,Bill Payment,Education,3927,26-35,36-45,Uttar Pradesh,PNB,Kotak,Web,4G,23,1,SUCCESS,0,0.5096111084301045,High Anomaly
TXN0000052932,2024-03-17 11:21:51,P2P,Entertainment,534,36-45,56+,Tamil Nadu,SBI,Axis,Android,3G,11,1,SUCCESS,0,0.5096017794867435,High Anomaly
TXN0000128325,2024-11-23 12:30:22,Bill Payment,Utilities,7216,36-45,18-25,Maharashtra,HDFC,Axis,iOS,WiFi,12,1,SUCCESS,0,0.5095953235344878,High Anomaly
TXN0000093965,2024-04-25 01:59:15,Bill Payment,Food,46,56+,46-55,Karnataka,Axis,PNB,Android,5G,1,0,SUCCESS,0,0.5095948070198751,High Anomaly
TXN0000238489,2024-05-04 08:03:40,Bill Payment,Shopping,3338,18-25,26-35,Tamil Nadu,HDFC,SBI,Web,5G,8,1,SUCCESS,0,0.5095939010036543,High Anomaly
TXN0000228363,2024-09-14 10:29:36,P2M,Shopping,1673,46-55,18-25,Andhra Pradesh,IndusInd,IndusInd,iOS,3G,10,1,SUCCESS,0,0.5095933804911357,High Anomaly
TXN0000092789,2024-06-08 10:20:20,P2M,Fuel,1981,46-55,36-45,Karnataka,IndusInd,Axis,iOS,5G,10,1,SUCCESS,0,0.509591509319125,High Anomaly
TXN0000168567,2024-03-21 11:31:59,P2M,Shopping,597,46-55,36-45,Karnataka,HDFC,Axis,Web,5G,11,0,SUCCESS,0,0.5095874639683008,High Anomaly
TXN0000127753,2024-03-08 21:14:49,P2P,Shopping,2913,26-35,18-25,Telangana,ICICI,Yes Bank,Web,3G,21,0,SUCCESS,0,0.5095871659870538,High Anomaly
TXN0000228753,2024-05-11 06:57:22,Bill Payment,Entertainment,661,18-25,26-35,Uttar Pradesh,SBI,Kotak,iOS,WiFi,6,1,SUCCESS,0,0.509586378867341,High Anomaly
TXN0000040483,2024-07-20 00:59:30,P2M,Grocery,1237,56+,46-55,Maharashtra,IndusInd,IndusInd,Android,3G,0,1,SUCCESS,0,0.5095859830238507,High Anomaly
TXN0000048291,2024-06-24 12:16:31,Recharge,Entertainment,195,18-25,26-35,Uttar Pradesh,IndusInd,SBI,iOS,WiFi,12,0,SUCCESS,0,0.509578845782658,High Anomaly
TXN0000102432,2024-09-25 16:47:22,P2M,Shopping,517,56+,46-55,Telangana,Axis,Yes Bank,Android,3G,16,0,SUCCESS,0,0.509578382986601,High Anomaly
TXN0000131478,2024-10-03 08:13:55,P2P,Shopping,935,26-35,56+,Maharashtra,Axis,PNB,Web,5G,8,0,FAILED,0,0.5095649465634116,High Anomaly
TXN0000102166,2024-03-19 08:15:57,Bill Payment,Fuel,620,46-55,36-45,West Bengal,PNB,SBI,Web,5G,8,0,SUCCESS,0,0.5095638410564989,High Anomaly
TXN0000087413,2024-01-21 17:40:51,P2M,Grocery,559,36-45,18-25,West Bengal,ICICI,Axis,iOS,3G,17,1,SUCCESS,0,0.5095605163196748,High Anomaly
TXN0000016159,2024-10-23 10:22:18,Bill Payment,Food,165,46-55,56+,Karnataka,IndusInd,PNB,Android,WiFi,10,0,SUCCESS,0,0.5095531704327292,High Anomaly
TXN0000159724,2024-06-27 18:11:16,P2M,Other,1289,18-25,56+,Tamil Nadu,HDFC,IndusInd,iOS,3G,18,0,SUCCESS,0,0.509544187360971,High Anomaly
TXN0000076513,2024-03-20 11:17:15,P2P,Entertainment,316,26-35,56+,Rajasthan,Kotak,IndusInd,iOS,5G,11,0,SUCCESS,0,0.5095405398090761,High Anomaly
TXN0000100904,2024-04-21 18:15:43,P2P,Food,2240,46-55,36-45,Maharashtra,ICICI,ICICI,Web,WiFi,18,1,SUCCESS,0,0.5095377532946577,High Anomaly
TXN0000062280,2024-08-31 20:21:14,Bill Payment,Food,166,46-55,36-45,Rajasthan,HDFC,IndusInd,iOS,5G,20,1,SUCCESS,0,0.5095353286782673,High Anomaly
TXN0000223987,2024-08-31 22:40:41,Bill Payment,Shopping,962,36-45,36-45,Gujarat,PNB,PNB,Web,4G,22,1,SUCCESS,0,0.5095320668202099,High Anomaly
TXN0000248316,2024-12-21 21:11:00,P2M,Entertainment,124,46-55,46-55,Karnataka,SBI,Kotak,Web,4G,21,1,SUCCESS,0,0.5095318558470494,High Anomaly
TXN0000016403,2024-02-14 03:13:18,Bill Payment,Utilities,7711,36-45,18-25,Rajasthan,SBI,PNB,Web,5G,3,0,SUCCESS,0,0.5095265975061646,High Anomaly
TXN0000206184,2024-02-18 22:45:14,Recharge,Fuel,454,46-55,26-35,Telangana,PNB,Yes Bank,iOS,4G,22,1,SUCCESS,0,0.5095219132601573,High Anomaly
TXN0000107709,2024-03-06 22:47:05,P2M,Shopping,269,26-35,56+,Andhra Pradesh,SBI,SBI,Web,WiFi,22,0,SUCCESS,0,0.5095171338375609,High Anomaly
TXN0000139914,2024-06-16 20:51:36,Bill Payment,Entertainment,379,18-25,36-45,West Bengal,HDFC,PNB,iOS,3G,20,1,SUCCESS,0,0.509491933389254,High Anomaly
TXN0000041056,2024-03-17 07:25:28,Recharge,Transport,273,56+,26-35,Andhra Pradesh,HDFC,IndusInd,Android,5G,7,1,SUCCESS,0,0.5094912713556752,High Anomaly
TXN0000174183,2024-06-24 21:35:04,Bill Payment,Food,418,26-35,46-55,West Bengal,ICICI,HDFC,iOS,3G,21,0,SUCCESS,0,0.5094771045128106,High Anomaly
TXN0000000038,2024-08-16 21:26:26,Bill Payment,Shopping,5154,56+,36-45,Uttar Pradesh,ICICI,SBI,Web,5G,21,0,SUCCESS,0,0.509476920411708,High Anomaly
TXN0000079466,2024-12-01 17:39:20,P2P,Utilities,705,46-55,36-45,West Bengal,HDFC,Kotak,Web,5G,17,1,SUCCESS,0,0.5094746448635594,High Anomaly
TXN0000135331,2024-03-09 21:48:53,Bill Payment,Fuel,1070,36-45,36-45,Maharashtra,Yes Bank,Yes Bank,iOS,WiFi,21,1,SUCCESS,0,0.5094705735330288,High Anomaly
TXN0000000234,2024-03-09 19:03:03,P2P,Grocery,1585,56+,46-55,Telangana,Axis,IndusInd,iOS,5G,19,1,SUCCESS,0,0.5094691793542727,High Anomaly
TXN0000159822,2024-12-27 09:05:06,Bill Payment,Shopping,1120,46-55,26-35,Telangana,SBI,Yes Bank,iOS,WiFi,9,0,SUCCESS,0,0.5094683593828857,High Anomaly
TXN0000065974,2024-04-01 10:40:26,Bill Payment,Grocery,253,36-45,18-25,Karnataka,HDFC,Axis,Web,WiFi,10,0,FAILED,0,0.509468169381606,High Anomaly
TXN0000015635,2024-11-24 07:39:08,Bill Payment,Transport,428,46-55,46-55,Delhi,ICICI,IndusInd,iOS,4G,7,1,SUCCESS,0,0.5094665622719506,High Anomaly
TXN0000031464,2024-03-30 09:07:29,P2M,Utilities,7572,26-35,26-35,Karnataka,HDFC,PNB,Web,WiFi,9,1,SUCCESS,0,0.5094642856358955,High Anomaly
TXN0000165931,2024-07-21 14:52:55,Bill Payment,Entertainment,160,46-55,26-35,Maharashtra,Kotak,IndusInd,iOS,5G,14,1,SUCCESS,0,0.5094632938105139,High Anomaly
TXN0000217091,2024-03-27 20:16:44,P2M,Transport,67,26-35,56+,Karnataka,HDFC,HDFC,Web,5G,20,0,SUCCESS,0,0.5094614822181548,High Anomaly
TXN0000182584,2024-12-11 21:12:10,P2M,Utilities,2492,36-45,56+,Uttar Pradesh,HDFC,IndusInd,Web,5G,21,0,SUCCESS,0,0.5094612401055386,High Anomaly
TXN0000152402,2024-05-29 16:46:09,P2P,Fuel,4036,36-45,18-25,Karnataka,ICICI,PNB,Web,3G,16,0,SUCCESS,0,0.5094596140993697,High Anomaly
TXN0000023934,2024-09-24 22:10:19,Recharge,Education,2162,36-45,18-25,Rajasthan,HDFC,HDFC,Web,4G,22,0,SUCCESS,0,0.5094581622787103,High Anomaly
TXN0000150273,2024-07-28 19:01:42,Bill Payment,Transport,23,56+,46-55,Karnataka,Axis,SBI,iOS,4G,19,1,SUCCESS,0,0.5094571499602584,High Anomaly
TXN0000239579,2024-11-19 08:58:46,P2P,Shopping,4649,18-25,56+,Karnataka,IndusInd,Axis,Web,5G,8,0,SUCCESS,0,0.5094567128872359,High Anomaly
TXN0000018644,2024-12-30 22:53:21,Recharge,Other,212,56+,56+,Gujarat,PNB,SBI,Android,5G,22,0,SUCCESS,0,0.5094561347071404,High Anomaly
TXN0000163311,2024-09-08 06:51:22,Bill Payment,Shopping,2787,26-35,36-45,Rajasthan,SBI,HDFC,iOS,WiFi,6,1,SUCCESS,0,0.5094544896669827,High Anomaly
TXN0000085664,2024-11-18 13:52:19,Recharge,Utilities,1140,18-25,36-45,Uttar Pradesh,Kotak,HDFC,iOS,5G,13,0,SUCCESS,0,0.5094459676558997,High Anomaly
TXN0000005373,2024-01-15 12:15:57,P2M,Healthcare,408,46-55,56+,Karnataka,PNB,IndusInd,Web,4G,12,0,SUCCESS,0,0.5094443874793763,High Anomaly
TXN0000181147,2024-02-11 22:19:15,Recharge,Shopping,5190,46-55,26-35,West Bengal,Axis,SBI,iOS,4G,22,1,SUCCESS,0,0.5094435325178486,High Anomaly
TXN0000221421,2024-09-01 20:34:53,P2M,Utilities,5022,36-45,26-35,Telangana,Yes Bank,HDFC,iOS,3G,20,1,SUCCESS,0,0.5094398174492463,High Anomaly
